ID,Remoteness_ID
1,1
2,1
3,1
4,2
5,1
6,2
7,1
8,1
9,2
10,2
11,3
12,1
13,2
14,2
15,3
16,3
17,2
18,2
19,2
20,3
21,2
22,2
23,1
24,2
25,2
26,1
27,2
28,2
29,2
30,1
31,3
32,2
33,1
34,1
35,1
36,2
37,1
38,4
39,3
40,3
41,2
42,1
43,1
44,1
45,5
46,5
47,2
48,3
49,2
50,1
51,2
52,2
53,1
54,1
55,3
56,5
57,3
58,2
59,2
60,4
61,1
62,2
63,5
64,3
65,3
66,1
67,2
68,1
69,1
70,1
71,1
72,1
73,2
74,3
75,3
76,2
77,2
78,2
79,3
80,1
81,5
82,1
83,3
84,2
85,3
86,1
87,1
88,1
89,1
90,1
91,1
92,3
93,2
94,1
95,3
96,3
97,1
98,3
99,1
100,4
101,3
102,1
103,1
104,1
105,1
106,1
107,1
108,1
109,2
110,1
111,2
112,2
113,3
114,3
115,2
116,3
117,3
118,3
119,2
120,2
121,3
122,2
123,3
124,2
125,1
126,3
127,1
128,2
129,1
130,3
131,3
132,1
133,1
134,1
135,1
136,3
137,3
138,1
139,3
140,1
141,1
142,1
143,1
144,2
145,1
146,1
147,1
148,1
149,5
150,1
151,2
152,3
153,1
154,1
155,1
156,3
157,2
158,1
159,4
160,1
161,2
162,2
163,1
164,1
165,2
166,3
167,1
168,1
169,1
170,2
171,3
172,2
173,2
174,2
175,3
176,3
177,2
178,3
179,3
180,1
181,1
182,1
183,3
184,1
185,3
186,3
187,1
188,5
189,3
190,3
191,5
192,2
193,3
194,1
195,1
196,1
197,5
198,3
199,1
200,3
201,1
202,3
203,4
204,2
205,2
206,1
207,3
208,1
209,2
210,3
211,3
212,3
213,2
214,2
215,1
216,3
217,2
218,1
219,1
220,1
221,3
222,2
223,2
224,2
225,3
226,3
227,1
228,3
229,3
230,1
231,3
232,3
233,3
234,3
235,1
236,3
237,1
238,2
239,3
240,1
241,1
242,1
243,2
244,1
245,1
246,3
247,1
248,3
249,3
250,1
251,2
252,1
253,3
254,1
255,3
256,3
257,3
258,3
259,3
260,3
261,3
262,3
263,1
264,2
265,2
266,2
267,2
268,1
269,3
270,2
271,3
272,2
273,1
274,2
275,1
276,3
277,3
278,1
279,3
280,1
281,1
282,1
283,1
284,1
285,3
286,1
287,3
288,2
289,5
290,5
291,2
292,3
293,3
294,3
295,1
296,1
297,2
298,2
299,3
300,3
301,2
302,3
303,3
304,1
305,1
306,4
307,2
308,1
309,3
310,4
311,1
312,3
313,2
314,3
315,4
316,3
317,2
318,1
319,1
320,1
321,1
322,3
323,3
324,2
325,2
326,2
327,1
328,3
329,1
330,2
331,2
332,4
333,3
334,1
335,3
336,1
337,3
338,3
339,3
340,1
341,2
342,3
343,3
344,3
345,1
346,5
347,2
348,3
349,3
350,3
351,3
352,3
353,4
354,1
355,1
356,1
357,2
358,3
359,2
360,2
361,1
362,1
363,1
364,1
365,3
366,3
367,3
368,3
369,3
370,3
371,3
372,3
373,2
374,2
375,2
376,1
377,2
378,3
379,2
380,1
381,3
382,2
383,4
384,2
385,2
386,1
387,3
388,3
389,2
390,3
391,3
392,1
393,3
394,3
395,2
396,1
397,2
398,1
399,1
400,1
401,2
402,2
403,2
404,1
405,1
406,3
407,3
408,4
409,3
410,1
411,3
412,2
413,1
414,2
415,1
416,3
417,3
418,1
419,1
420,1
421,1
422,2
423,2
424,2
425,2
426,2
427,2
428,2
429,2
430,1
431,1
432,1
433,2
434,3
435,3
436,2
437,1
438,1
439,1
440,1
441,1
442,3
443,1
444,1
445,1
446,1
447,1
448,1
449,5
450,3
451,4
452,2
453,3
454,2
455,3
456,3
457,1
458,1
459,1
460,1
461,3
462,2
463,3
464,1
465,2
466,2
467,3
468,1
469,1
470,3
471,2
472,3
473,2
474,2
475,1
476,3
477,3
478,1
479,1
480,2
481,2
482,3
483,3
484,3
485,2
486,2
487,3
488,1
489,1
490,1
491,1
492,3
493,1
494,1
495,3
496,1
497,3
498,3
499,2
500,3
501,3
502,3
503,3
504,3
505,3
506,3
507,3
508,3
509,3
510,2
511,2
512,2
513,2
514,2
515,3
516,2
517,3
518,5
519,1
520,1
521,2
522,1
523,4
524,1
525,1
526,5
527,5
528,3
529,3
530,1
531,3
532,3
533,2
534,2
535,2
536,3
537,1
538,1
539,3
540,5
541,3
542,3
543,4
544,3
545,3
546,3
547,1
548,3
549,3
550,1
551,3
552,3
553,2
554,2
555,3
556,3
557,1
558,2
559,1
560,3
561,1
562,3
563,3
564,3
565,2
566,4
567,1
568,3
569,3
570,3
571,3
572,2
573,1
574,1
575,1
576,1
577,3
578,1
579,1
580,1
581,2
582,3
583,3
584,1
585,3
586,3
587,1
588,3
589,3
590,1
591,1
592,2
593,3
594,5
595,1
596,3
597,3
598,1
599,1
600,3
601,1
602,1
603,1
604,1
605,3
606,2
607,2
608,3
609,3
610,3
611,1
612,3
613,3
614,3
615,1
616,5
617,3
618,3
619,1
620,2
621,3
622,3
623,3
624,3
625,3
626,1
627,1
628,1
629,3
630,3
631,2
632,2
633,3
634,3
635,3
636,3
637,1
638,1
639,1
640,3
641,2
642,3
643,3
644,1
645,2
646,3
647,3
648,1
649,3
650,3
651,2
652,1
653,1
654,3
655,3
656,3
657,3
658,3
659,3
660,2
661,1
662,1
663,3
664,2
665,3
666,1
667,2
668,1
669,2
670,3
671,2
672,1
673,2
674,1
675,2
676,3
677,2
678,3
679,2
680,1
681,1
682,1
683,2
684,3
685,2
686,2
687,2
688,3
689,1
690,1
691,1
692,2
693,1
694,1
695,2
696,3
697,1
698,3
699,3
700,2
701,2
702,2
703,4
704,4
705,4
706,1
707,1
708,2
709,2
710,1
711,1
712,2
713,2
714,2
715,1
716,3
717,3
718,3
719,1
720,1
721,3
722,2
723,4
724,1
725,2
726,3
727,3
728,3
729,3
730,3
731,2
732,2
733,3
734,1
735,2
736,3
737,2
738,1
739,3
740,1
741,3
742,1
743,1
744,1
745,4
746,1
747,2
748,1
749,1
750,3
751,1
752,1
753,1
754,5
755,1
756,1
757,1
758,1
759,3
760,3
761,2
762,2
763,1
764,1
765,3
766,1
767,2
768,1
769,2
770,2
771,2
772,1
773,3
774,3
775,1
776,2
777,3
778,5
779,2
780,1
781,2
782,1
783,2
784,2
785,3
786,3
787,1
788,1
789,3
790,1
791,3
792,3
793,3
794,1
795,2
796,2
797,2
798,1
799,3
800,1
801,3
802,3
803,1
804,3
805,3
806,1
807,3
808,1
809,1
810,2
811,3
812,1
813,1
814,2
815,3
816,3
817,2
818,3
819,3
820,3
821,1
822,3
823,1
824,1
825,1
826,1
827,3
828,2
829,1
830,1
831,3
832,1
833,1
834,3
835,1
836,2
837,1
838,3
839,2
840,3
841,1
842,1
843,1
844,1
845,3
846,3
847,3
848,1
849,5
850,5
851,2
852,1
853,1
854,1
855,1
856,3
857,2
858,3
859,2
860,1
861,3
862,2
863,2
864,1
865,1
866,1
867,1
868,3
869,3
870,2
871,1
872,1
873,1
874,3
875,1
876,3
877,1
878,1
879,2
880,3
881,1
882,3
883,4
884,3
885,3
886,2
887,2
888,2
889,1
890,1
891,3
892,3
893,1
894,3
895,1
896,1
897,3
898,2
899,1
900,3
901,1
902,2
903,3
904,2
905,5
906,5
907,1
908,3
909,1
910,3
911,1
912,1
913,3
914,3
915,1
916,2
917,3
918,3
919,3
920,1
921,1
922,3
923,2
924,5
925,5
926,3
927,3
928,3
929,1
930,1
931,2
932,1
933,1
934,2
935,1
936,1
937,3
938,2
939,1
940,1
941,2
942,2
943,1
944,2
945,3
946,1
947,3
948,3
949,3
950,3
951,3
952,2
953,2
954,3
955,1
956,3
957,1
958,1
959,3
960,3
961,1
962,1
963,1
964,3
965,5
966,1
967,2
968,3
969,2
970,3
971,3
972,3
973,2
974,2
975,1
976,3
977,1
978,1
979,3
980,3
981,3
982,3
983,3
984,3
985,1
986,2
987,2
988,5
989,1
990,1
991,1
992,2
993,3
994,2
995,3
996,2
997,2
998,2
999,2
1000,2
1001,1
1002,3
1003,3
1004,2
1005,1
1006,2
1007,1
1008,1
1009,3
1010,3
1011,3
1012,3
1013,2
1014,1
1015,1
1016,1
1017,1
1018,1
1019,1
1020,3
1021,3
1022,1
1023,3
1024,3
1025,3
1026,2
1027,3
1028,1
1029,1
1030,3
1031,1
1032,1
1033,1
1034,3
1035,5
1036,5
1037,3
1038,3
1039,3
1040,1
1041,1
1042,3
1043,3
1044,3
1045,1
1046,1
1047,5
1048,3
1049,2
1050,2
1051,3
1052,2
1053,2
1054,1
1055,3
1056,3
1057,2
1058,1
1059,2
1060,2
1061,2
1062,2
1063,1
1064,3
1065,1
1066,3
1067,5
1068,1
1069,2
1070,2
1071,2
1072,3
1073,1
1074,3
1075,2
1076,1
1077,2
1078,3
1079,3
1080,1
1081,3
1082,3
1083,2
1084,1
1085,3
1086,1
1087,2
1088,1
1089,2
1090,3
1091,3
1092,5
1093,2
1094,3
1095,1
1096,5
1097,2
1098,2
1099,1
1100,2
1101,2
1102,1
1103,2
1104,2
1105,1
1106,3
1107,2
1108,3
1109,1
1110,3
1111,2
1112,1
1113,1
1114,1
1115,3
1116,3
1117,2
1118,3
1119,1
1120,4
1121,1
1122,3
1123,2
1124,3
1125,2
1126,5
1127,3
1128,3
1129,3
1130,1
1131,1
1132,4
1133,2
1134,3
1135,2
1136,2
1137,2
1138,2
1139,5
1140,5
1141,1
1142,1
1143,1
1144,1
1145,3
1146,1
1147,2
1148,3
1149,1
1150,1
1151,1
1152,1
1153,3
1154,2
1155,4
1156,2
1157,3
1158,3
1159,1
1160,1
1161,3
1162,1
1163,2
1164,3
1165,1
1166,2
1167,1
1168,1
1169,1
1170,2
1171,1
1172,1
1173,1
1174,2
1175,1
1176,3
1177,1
1178,3
1179,3
1180,2
1181,2
1182,3
1183,3
1184,2
1185,3
1186,3
1187,1
1188,1
1189,3
1190,1
1191,3
1192,1
1193,1
1194,3
1195,1
1196,2
1197,2
1198,1
1199,2
1200,1
1201,1
1202,2
1203,3
1204,3
1205,3
1206,2
1207,2
1208,2
1209,2
1210,3
1211,3
1212,1
1213,3
1214,3
1215,1
1216,1
1217,3
1218,1
1219,1
1220,3
1221,1
1222,3
1223,3
1224,3
1225,3
1226,3
1227,1
1228,2
1229,5
1230,2
1231,3
1232,2
1233,1
1234,3
1235,3
1236,3
1237,1
1238,1
1239,3
1240,3
1241,3
1242,1
1243,4
1244,5
1245,2
1246,2
1247,3
1248,3
1249,3
1250,2
1251,3
1252,1
1253,2
1254,5
1255,2
1256,1
1257,2
1258,1
1259,1
1260,3
1261,2
1262,1
1263,3
1264,2
1265,4
1266,4
1267,1
1268,3
1269,3
1270,1
1271,5
1272,2
1273,2
1274,3
1275,1
1276,1
1277,1
1278,3
1279,1
1280,1
1281,3
1282,5
1283,2
1284,1
1285,1
1286,1
1287,1
1288,3
1289,3
1290,3
1291,3
1292,3
1293,3
1294,3
1295,4
1296,2
1297,3
1298,1
1299,3
1300,1
1301,1
1302,4
1303,4
1304,1
1305,3
1306,2
1307,1
1308,1
1309,1
1310,3
1311,3
1312,1
1313,1
1314,2
1315,1
1316,4
1317,3
1318,1
1319,1
1320,2
1321,3
1322,1
1323,3
1324,3
1325,2
1326,1
1327,1
1328,1
1329,1
1330,1
1331,1
1332,5
1333,3
1334,3
1335,1
1336,3
1337,3
1338,3
1339,3
1340,1
1341,1
1342,1
1343,1
1344,2
1345,3
1346,1
1347,2
1348,1
1349,2
1350,3
1351,1
1352,4
1353,1
1354,3
1355,1
1356,1
1357,3
1358,3
1359,1
1360,1
1361,1
1362,2
1363,2
1364,2
1365,1
1366,2
1367,1
1368,2
1369,3
1370,1
1371,2
1372,1
1373,2
1374,2
1375,3
1376,1
1377,1
1378,1
1379,1
1380,1
1381,2
1382,1
1383,2
1384,3
1385,3
1386,2
1387,2
1388,2
1389,1
1390,3
1391,1
1392,2
1393,3
1394,5
1395,3
1396,2
1397,2
1398,2
1399,3
1400,3
1401,3
1402,2
1403,3
1404,3
1405,2
1406,3
1407,2
1408,3
1409,1
1410,1
1411,1
1412,1
1413,1
1414,1
1415,2
1416,5
1417,3
1418,1
1419,1
1420,1
1421,1
1422,2
1423,1
1424,3
1425,2
1426,2
1427,1
1428,5
1429,3
1430,1
1431,1
1432,1
1433,1
1434,3
1435,2
1436,3
1437,3
1438,1
1439,3
1440,2
1441,1
1442,2
1443,2
1444,1
1445,1
1446,1
1447,2
1448,1
1449,2
1450,3
1451,3
1452,3
1453,1
1454,4
1455,2
1456,3
1457,3
1458,1
1459,1
1460,3
1461,3
1462,1
1463,3
1464,2
1465,3
1466,2
1467,3
1468,3
1469,3
1470,2
1471,1
1472,1
1473,3
1474,1
1475,2
1476,2
1477,3
1478,2
1479,1
1480,2
1481,3
1482,3
1483,3
1484,3
1485,1
1486,1
1487,1
1488,3
1489,3
1490,3
1491,5
1492,2
1493,1
1494,3
1495,2
1496,2
1497,1
1498,1
1499,3
1500,3
1501,1
1502,1
1503,3
1504,1
1505,2
1506,2
1507,3
1508,1
1509,2
1510,1
1511,3
1512,1
1513,2
1514,1
1515,1
1516,2
1517,3
1518,1
1519,1
1520,5
1521,1
1522,3
1523,3
1524,3
1525,3
1526,2
1527,1
1528,3
1529,1
1530,2
1531,3
1532,4
1533,1
1534,3
1535,3
1536,3
1537,3
1538,1
1539,2
1540,3
1541,3
1542,2
1543,3
1544,1
1545,1
1546,1
1547,2
1548,3
1549,3
1550,1
1551,1
1552,1
1553,1
1554,1
1555,1
1556,1
1557,1
1558,1
1559,1
1560,3
1561,2
1562,1
1563,1
1564,1
1565,2
1566,3
1567,3
1568,1
1569,3
1570,2
1571,1
1572,1
1573,3
1574,3
1575,1
1576,1
1577,1
1578,1
1579,3
1580,1
1581,3
1582,1
1583,1
1584,1
1585,3
1586,1
1587,3
1588,4
1589,4
1590,2
1591,1
1592,5
1593,3
1594,2
1595,1
1596,1
1597,2
1598,2
1599,3
1600,3
1601,1
1602,5
1603,1
1604,1
1605,1
1606,1
1607,2
1608,4
1609,4
1610,2
1611,1
1612,1
1613,3
1614,3
1615,1
1616,3
1617,1
1618,1
1619,3
1620,3
1621,2
1622,1
1623,3
1624,2
1625,2
1626,1
1627,1
1628,2
1629,1
1630,1
1631,1
1632,1
1633,1
1634,1
1635,3
1636,2
1637,3
1638,1
1639,1
1640,3
1641,2
1642,3
1643,1
1644,3
1645,3
1646,1
1647,1
1648,1
1649,1
1650,3
1651,1
1652,1
1653,1
1654,1
1655,2
1656,2
1657,1
1658,3
1659,3
1660,3
1661,3
1662,3
1663,1
1664,2
1665,1
1666,3
1667,1
1668,1
1669,3
1670,3
1671,3
1672,3
1673,2
1674,4
1675,3
1676,3
1677,3
1678,1
1679,2
1680,2
1681,3
1682,3
1683,2
1684,3
1685,1
1686,1
1687,1
1688,3
1689,2
1690,1
1691,1
1692,1
1693,3
1694,3
1695,3
1696,3
1697,1
1698,2
1699,1
1700,1
1701,1
1702,1
1703,1
1704,1
1705,3
1706,3
1707,3
1708,3
1709,3
1710,1
1711,3
1712,3
1713,3
1714,3
1715,2
1716,2
1717,2
1718,2
1719,3
1720,3
1721,5
1722,2
1723,1
1724,3
1725,1
1726,3
1727,1
1728,2
1729,1
1730,2
1731,3
1732,3
1733,3
1734,5
1735,1
1736,3
1737,1
1738,1
1739,3
1740,3
1741,3
1742,1
1743,3
1744,3
1745,3
1746,3
1747,3
1748,3
1749,3
1750,2
1751,2
1752,3
1753,3
1754,3
1755,3
1756,2
1757,3
1758,1
1759,3
1760,2
1761,2
1762,1
1763,1
1764,1
1765,2
1766,3
1767,2
1768,3
1769,1
1770,1
1771,1
1772,3
1773,3
1774,1
1775,1
1776,1
1777,2
1778,2
1779,2
1780,1
1781,2
1782,2
1783,3
1784,1
1785,4
1786,3
1787,3
1788,3
1789,1
1790,3
1791,3
1792,2
1793,3
1794,3
1795,1
1796,2
1797,1
1798,2
1799,3
1800,1
1801,3
1802,1
1803,3
1804,3
1805,1
1806,5
1807,5
1808,3
1809,3
1810,3
1811,3
1812,3
1813,1
1814,1
1815,2
1816,1
1817,2
1818,1
1819,2
1820,1
1821,3
1822,2
1823,4
1824,2
1825,1
1826,3
1827,3
1828,3
1829,2
1830,1
1831,5
1832,1
1833,1
1834,1
1835,1
1836,1
1837,3
1838,1
1839,2
1840,2
1841,3
1842,2
1843,1
1844,1
1845,2
1846,2
1847,3
1848,1
1849,1
1850,2
1851,1
1852,2
1853,2
1854,1
1855,3
1856,3
1857,4
1858,1
1859,3
1860,3
1861,3
1862,3
1863,3
1864,1
1865,1
1866,2
1867,1
1868,3
1869,1
1870,2
1871,1
1872,1
1873,2
1874,2
1875,2
1876,3
1877,1
1878,1
1879,2
1880,3
1881,2
1882,1
1883,1
1884,2
1885,1
1886,3
1887,2
1888,1
1889,1
1890,3
1891,1
1892,1
1893,3
1894,3
1895,1
1896,1
1897,1
1898,2
1899,3
1900,2
1901,1
1902,1
1903,3
1904,3
1905,1
1906,1
1907,3
1908,3
1909,2
1910,2
1911,1
1912,1
1913,1
1914,1
1915,2
1916,3
1917,1
1918,2
1919,1
1920,3
1921,2
1922,1
1923,2
1924,5
1925,1
1926,1
1927,3
1928,3
1929,1
1930,1
1931,3
1932,3
1933,5
1934,1
1935,3
1936,2
1937,3
1938,1
1939,2
1940,1
1941,3
1942,3
1943,3
1944,1
1945,1
1946,3
1947,3
1948,3
1949,3
1950,1
1951,3
1952,2
1953,3
1954,2
1955,3
1956,1
1957,1
1958,1
1959,1
1960,3
1961,2
1962,3
1963,3
1964,3
1965,2
1966,2
1967,3
1968,1
1969,2
1970,1
1971,1
1972,1
1973,1
1974,1
1975,2
1976,2
1977,3
1978,3
1979,3
1980,2
1981,3
1982,3
1983,3
1984,3
1985,1
1986,2
1987,3
1988,1
1989,1
1990,3
1991,3
1992,1
1993,2
1994,2
1995,2
1996,3
1997,1
1998,1
1999,3
2000,3
2001,1
2002,1
2003,2
2004,3
2005,3
2006,1
2007,2
2008,5
2009,1
2010,4
2011,2
2012,2
2013,3
2014,2
2015,2
2016,3
2017,1
2018,2
2019,3
2020,3
2021,1
2022,3
2023,3
2024,1
2025,2
2026,2
2027,2
2028,3
2029,3
2030,3
2031,3
2032,2
2033,3
2034,2
2035,3
2036,3
2037,1
2038,1
2039,3
2040,2
2041,3
2042,3
2043,2
2044,3
2045,2
2046,3
2047,1
2048,3
2049,1
2050,3
2051,3
2052,2
2053,2
2054,2
2055,2
2056,3
2057,3
2058,3
2059,1
2060,3
2061,3
2062,5
2063,3
2064,3
2065,2
2066,1
2067,3
2068,2
2069,1
2070,2
2071,2
2072,2
2073,1
2074,3
2075,2
2076,3
2077,3
2078,3
2079,3
2080,2
2081,1
2082,1
2083,1
2084,1
2085,1
2086,1
2087,3
2088,3
2089,3
2090,1
2091,3
2092,1
2093,3
2094,2
2095,2
2096,1
2097,1
2098,3
2099,3
2100,2
2101,3
2102,4
2103,3
2104,1
2105,1
2106,3
2107,3
2108,1
2109,2
2110,3
2111,3
2112,2
2113,2
2114,1
2115,1
2116,3
2117,3
2118,2
2119,3
2120,2
2121,3
2122,1
2123,2
2124,2
2125,4
2126,2
2127,3
2128,2
2129,2
2130,3
2131,3
2132,1
2133,3
2134,3
2135,3
2136,3
2137,3
2138,1
2139,1
2140,3
2141,3
2142,1
2143,2
2144,2
2145,1
2146,1
2147,3
2148,2
2149,1
2150,3
2151,3
2152,2
2153,1
2154,2
2155,2
2156,3
2157,3
2158,1
2159,2
2160,1
2161,3
2162,5
2163,3
2164,3
2165,3
2166,1
2167,2
2168,3
2169,2
2170,3
2171,1
2172,3
2173,1
2174,3
2175,1
2176,1
2177,3
2178,3
2179,1
2180,3
2181,5
2182,2
2183,3
2184,2
2185,2
2186,1
2187,3
2188,3
2189,3
2190,3
2191,1
2192,3
2193,1
2194,1
2195,1
2196,1
2197,1
2198,2
2199,2
2200,5
2201,5
2202,3
2203,1
2204,2
2205,3
2206,3
2207,3
2208,3
2209,2
2210,5
2211,2
2212,3
2213,2
2214,3
2215,1
2216,1
2217,1
2218,2
2219,2
2220,1
2221,2
2222,1
2223,1
2224,3
2225,1
2226,3
2227,3
2228,1
2229,3
2230,3
2231,1
2232,2
2233,3
2234,1
2235,3
2236,1
2237,1
2238,2
2239,3
2240,2
2241,2
2242,2
2243,3
2244,2
2245,1
2246,1
2247,1
2248,3
2249,3
2250,3
2251,1
2252,1
2253,2
2254,4
2255,3
2256,1
2257,3
2258,1
2259,3
2260,1
2261,3
2262,3
2263,1
2264,1
2265,3
2266,3
2267,3
2268,3
2269,1
2270,1
2271,1
2272,1
2273,1
2274,1
2275,2
2276,3
2277,3
2278,3
2279,3
2280,5
2281,1
2282,1
2283,3
2284,3
2285,3
2286,1
2287,2
2288,2
2289,2
2290,3
2291,3
2292,1
2293,1
2294,2
2295,2
2296,2
2297,3
2298,1
2299,3
2300,3
2301,3
2302,4
2303,4
2304,3
2305,2
2306,1
2307,1
2308,2
2309,1
2310,2
2311,2
2312,1
2313,1
2314,1
2315,1
2316,3
2317,3
2318,3
2319,2
2320,3
2321,2
2322,2
2323,1
2324,1
2325,2
2326,3
2327,1
2328,2
2329,1
2330,4
2331,1
2332,4
2333,5
2334,3
2335,2
2336,1
2337,3
2338,3
2339,2
2340,3
2341,5
2342,5
2343,1
2344,3
2345,4
2346,3
2347,2
2348,2
2349,1
2350,3
2351,3
2352,5
2353,2
2354,2
2355,3
2356,1
2357,5
2358,3
2359,1
2360,3
2361,1
2362,1
2363,1
2364,1
2365,1
2366,2
2367,1
2368,1
2369,1
2370,1
2371,4
2372,4
2373,1
2374,3
2375,3
2376,2
2377,3
2378,3
2379,1
2380,1
2381,3
2382,1
2383,3
2384,1
2385,3
2386,2
2387,2
2388,3
2389,1
2390,1
2391,1
2392,1
2393,3
2394,1
2395,3
2396,1
2397,3
2398,1
2399,1
2400,2
2401,5
2402,1
2403,2
2404,3
2405,3
2406,3
2407,3
2408,1
2409,2
2410,1
2411,4
2412,3
2413,2
2414,3
2415,3
2416,1
2417,3
2418,1
2419,1
2420,3
2421,2
2422,5
2423,3
2424,1
2425,1
2426,2
2427,1
2428,3
2429,3
2430,3
2431,3
2432,1
2433,2
2434,2
2435,3
2436,3
2437,2
2438,1
2439,3
2440,1
2441,3
2442,3
2443,4
2444,5
2445,2
2446,1
2447,3
2448,4
2449,2
2450,2
2451,2
2452,1
2453,3
2454,3
2455,5
2456,3
2457,3
2458,1
2459,2
2460,3
2461,1
2462,1
2463,3
2464,4
2465,1
2466,1
2467,3
2468,3
2469,1
2470,3
2471,1
2472,3
2473,2
2474,3
2475,3
2476,1
2477,1
2478,1
2479,3
2480,2
2481,3
2482,3
2483,3
2484,1
2485,5
2486,3
2487,3
2488,2
2489,2
2490,2
2491,2
2492,4
2493,3
2494,3
2495,3
2496,2
2497,2
2498,1
2499,3
2500,2
2501,2
2502,2
2503,1
2504,2
2505,3
2506,4
2507,1
2508,3
2509,2
2510,5
2511,1
2512,2
2513,2
2514,3
2515,1
2516,1
2517,3
2518,2
2519,1
2520,1
2521,2
2522,3
2523,1
2524,3
2525,3
2526,4
2527,2
2528,3
2529,3
2530,3
2531,3
2532,3
2533,4
2534,2
2535,1
2536,1
2537,1
2538,3
2539,2
2540,3
2541,3
2542,2
2543,1
2544,3
2545,3
2546,3
2547,1
2548,1
2549,1
2550,3
2551,3
2552,1
2553,3
2554,2
2555,1
2556,2
2557,2
2558,1
2559,3
2560,3
2561,1
2562,3
2563,2
2564,1
2565,1
2566,3
2567,1
2568,2
2569,3
2570,1
2571,1
2572,3
2573,3
2574,2
2575,1
2576,1
2577,2
2578,3
2579,3
2580,5
2581,3
2582,2
2583,3
2584,3
2585,1
2586,2
2587,3
2588,3
2589,4
2590,1
2591,1
2592,1
2593,3
2594,2
2595,3
2596,3
2597,4
2598,3
2599,1
2600,2
2601,3
2602,1
2603,5
2604,3
2605,1
2606,5
2607,2
2608,2
2609,3
2610,2
2611,1
2612,2
2613,1
2614,2
2615,2
2616,2
2617,2
2618,3
2619,1
2620,3
2621,1
2622,3
2623,3
2624,3
2625,3
2626,1
2627,1
2628,1
2629,1
2630,3
2631,3
2632,2
2633,5
2634,1
2635,1
2636,5
2637,3
2638,1
2639,3
2640,3
2641,2
2642,3
2643,1
2644,1
2645,2
2646,1
2647,2
2648,5
2649,2
2650,2
2651,2
2652,1
2653,1
2654,3
2655,3
2656,3
2657,3
2658,4
2659,1
2660,1
2661,1
2662,4
2663,2
2664,3
2665,5
2666,3
2667,3
2668,3
2669,2
2670,3
2671,3
2672,3
2673,3
2674,3
2675,2
2676,2
2677,2
2678,2
2679,5
2680,1
2681,1
2682,1
2683,1
2684,1
2685,2
2686,2
2687,3
2688,1
2689,3
2690,2
2691,2
2692,3
2693,1
2694,1
2695,1
2696,2
2697,1
2698,2
2699,3
2700,1
2701,1
2702,1
2703,5
2704,5
2705,1
2706,2
2707,3
2708,3
2709,1
2710,5
2711,1
2712,2
2713,1
2714,2
2715,1
2716,2
2717,3
2718,1
2719,3
2720,2
2721,2
2722,1
2723,2
2724,3
2725,3
2726,3
2727,3
2728,3
2729,1
2730,1
2731,3
2732,1
2733,2
2734,2
2735,3
2736,3
2737,5
2738,1
2739,2
2740,2
2741,1
2742,3
2743,1
2744,2
2745,2
2746,3
2747,2
2748,1
2749,1
2750,2
2751,2
2752,2
2753,3
2754,1
2755,1
2756,3
2757,3
2758,1
2759,3
2760,5
2761,2
2762,3
2763,1
2764,1
2765,3
2766,1
2767,2
2768,1
2769,2
2770,3
2771,5
2772,1
2773,1
2774,1
2775,3
2776,3
2777,2
2778,3
2779,2
2780,1
2781,1
2782,1
2783,1
2784,1
2785,1
2786,2
2787,2
2788,2
2789,2
2790,2
2791,4
2792,4
2793,3
2794,3
2795,1
2796,4
2797,5
2798,4
2799,1
2800,2
2801,3
2802,1
2803,1
2804,1
2805,2
2806,3
2807,1
2808,3
2809,1
2810,1
2811,3
2812,1
2813,2
2814,1
2815,3
2816,3
2817,1
2818,3
2819,3
2820,2
2821,3
2822,2
2823,3
2824,2
2825,1
2826,1
2827,3
2828,3
2829,1
2830,2
2831,3
2832,1
2833,1
2834,3
2835,2
2836,2
2837,5
2838,1
2839,1
2840,1
2841,1
2842,5
2843,2
2844,3
2845,3
2846,2
2847,1
2848,1
2849,2
2850,3
2851,2
2852,4
2853,4
2854,1
2855,5
2856,1
2857,1
2858,1
2859,3
2860,3
2861,5
2862,3
2863,1
2864,1
2865,2
2866,3
2867,5
2868,1
2869,1
2870,1
2871,3
2872,2
2873,1
2874,5
2875,3
2876,3
2877,5
2878,2
2879,2
2880,3
2881,3
2882,1
2883,2
2884,1
2885,2
2886,3
2887,3
2888,1
2889,1
2890,1
2891,1
2892,2
2893,1
2894,2
2895,2
2896,3
2897,1
2898,1
2899,1
2900,2
2901,3
2902,1
2903,1
2904,1
2905,2
2906,1
2907,1
2908,2
2909,1
2910,5
2911,3
2912,1
2913,1
2914,1
2915,4
2916,1
2917,5
2918,1
2919,3
2920,1
2921,3
2922,3
2923,4
2924,3
2925,3
2926,2
2927,1
2928,3
2929,3
2930,3
2931,3
2932,5
2933,1
2934,1
2935,3
2936,2
2937,3
2938,3
2939,1
2940,1
2941,1
2942,3
2943,1
2944,1
2945,3
2946,3
2947,3
2948,3
2949,1
2950,1
2951,4
2952,2
2953,3
2954,5
2955,3
2956,3
2957,4
2958,1
2959,4
2960,5
2961,1
2962,1
2963,2
2964,2
2965,3
2966,3
2967,2
2968,3
2969,2
2970,3
2971,3
2972,3
2973,3
2974,2
2975,2
2976,2
2977,1
2978,1
2979,5
2980,2
2981,5
2982,2
2983,3
2984,2
2985,2
2986,3
2987,2
2988,1
2989,3
2990,4
2991,2
2992,3
2993,1
2994,3
2995,3
2996,1
2997,1
2998,3
2999,1
3000,5
3001,5
3002,1
3003,3
3004,2
3005,1
3006,2
3007,1
3008,1
3009,2
3010,1
3011,1
3012,1
3013,1
3014,3
3015,1
3016,3
3017,2
3018,3
3019,2
3020,3
3021,2
3022,3
3023,2
3024,3
3025,2
3026,1
3027,3
3028,3
3029,3
3030,3
3031,1
3032,2
3033,2
3034,1
3035,1
3036,1
3037,2
3038,1
3039,3
3040,1
3041,2
3042,1
3043,2
3044,3
3045,1
3046,1
3047,1
3048,3
3049,1
3050,3
3051,2
3052,3
3053,5
3054,3
3055,1
3056,3
3057,1
3058,2
3059,3
3060,1
3061,3
3062,3
3063,3
3064,3
3065,2
3066,3
3067,1
3068,1
3069,2
3070,3
3071,1
3072,1
3073,2
3074,3
3075,3
3076,3
3077,1
3078,1
3079,3
3080,3
3081,3
3082,5
3083,3
3084,5
3085,2
3086,2
3087,3
3088,2
3089,5
3090,1
3091,3
3092,5
3093,5
3094,5
3095,3
3096,3
3097,3
3098,2
3099,1
3100,1
3101,1
3102,1
3103,1
3104,1
3105,3
3106,3
3107,1
3108,2
3109,1
3110,2
3111,1
3112,2
3113,3
3114,1
3115,1
3116,2
3117,3
3118,2
3119,2
3120,2
3121,3
3122,2
3123,1
3124,1
3125,1
3126,3
3127,3
3128,1
3129,3
3130,1
3131,1
3132,2
3133,2
3134,1
3135,3
3136,3
3137,1
3138,3
3139,1
3140,3
3141,3
3142,4
3143,3
3144,3
3145,2
3146,2
3147,4
3148,2
3149,1
3150,1
3151,1
3152,3
3153,1
3154,1
3155,2
3156,3
3157,3
3158,1
3159,2
3160,4
3161,1
3162,3
3163,1
3164,1
3165,1
3166,1
3167,3
3168,1
3169,4
3170,1
3171,3
3172,3
3173,2
3174,1
3175,3
3176,2
3177,1
3178,1
3179,2
3180,2
3181,3
3182,1
3183,1
3184,3
3185,3
3186,2
3187,3
3188,2
3189,2
3190,2
3191,2
3192,3
3193,1
3194,3
3195,1
3196,1
3197,5
3198,2
3199,3
3200,3
3201,3
3202,3
3203,2
3204,1
3205,1
3206,1
3207,1
3208,3
3209,1
3210,1
3211,3
3212,4
3213,1
3214,3
3215,3
3216,1
3217,1
3218,2
3219,5
3220,2
3221,3
3222,3
3223,3
3224,5
3225,5
3226,1
3227,1
3228,2
3229,3
3230,3
3231,3
3232,3
3233,3
3234,3
3235,3
3236,1
3237,5
3238,3
3239,3
3240,3
3241,1
3242,1
3243,2
3244,1
3245,2
3246,3
3247,3
3248,1
3249,3
3250,3
3251,2
3252,3
3253,1
3254,2
3255,3
3256,2
3257,1
3258,2
3259,3
3260,2
3261,3
3262,3
3263,3
3264,1
3265,4
3266,1
3267,1
3268,3
3269,1
3270,2
3271,3
3272,2
3273,3
3274,3
3275,2
3276,3
3277,5
3278,3
3279,3
3280,3
3281,3
3282,1
3283,3
3284,3
3285,1
3286,1
3287,2
3288,2
3289,1
3290,1
3291,1
3292,1
3293,1
3294,1
3295,3
3296,3
3297,3
3298,3
3299,1
3300,1
3301,3
3302,5
3303,3
3304,3
3305,3
3306,3
3307,3
3308,1
3309,1
3310,2
3311,3
3312,3
3313,3
3314,2
3315,3
3316,1
3317,2
3318,2
3319,4
3320,1
3321,1
3322,3
3323,3
3324,1
3325,2
3326,3
3327,1
3328,1
3329,2
3330,5
3331,5
3332,1
3333,1
3334,2
3335,3
3336,3
3337,3
3338,5
3339,2
3340,3
3341,2
3342,3
3343,1
3344,2
3345,1
3346,1
3347,1
3348,3
3349,3
3350,2
3351,3
3352,2
3353,2
3354,3
3355,1
3356,1
3357,2
3358,3
3359,3
3360,5
3361,2
3362,2
3363,1
3364,1
3365,1
3366,5
3367,4
3368,3
3369,3
3370,1
3371,1
3372,2
3373,2
3374,1
3375,2
3376,3
3377,3
3378,3
3379,1
3380,2
3381,3
3382,3
3383,2
3384,3
3385,3
3386,2
3387,2
3388,3
3389,1
3390,1
3391,1
3392,1
3393,3
3394,4
3395,4
3396,4
3397,3
3398,1
3399,1
3400,3
3401,3
3402,3
3403,2
3404,2
3405,3
3406,3
3407,3
3408,1
3409,2
3410,2
3411,3
3412,3
3413,3
3414,3
3415,1
3416,2
3417,2
3418,5
3419,3
3420,2
3421,2
3422,5
3423,2
3424,5
3425,3
3426,1
3427,2
3428,2
3429,3
3430,2
3431,1
3432,1
3433,3
3434,3
3435,3
3436,3
3437,2
3438,1
3439,4
3440,2
3441,1
3442,2
3443,2
3444,1
3445,1
3446,3
3447,2
3448,2
3449,2
3450,2
3451,3
3452,2
3453,1
3454,1
3455,2
3456,1
3457,4
3458,4
3459,3
3460,4
3461,1
3462,1
3463,3
3464,3
3465,1
3466,1
3467,3
3468,3
3469,2
3470,3
3471,4
3472,2
3473,3
3474,2
3475,3
3476,3
3477,3
3478,3
3479,2
3480,1
3481,2
3482,2
3483,2
3484,2
3485,5
3486,1
3487,3
3488,1
3489,2
3490,3
3491,4
3492,3
3493,3
3494,1
3495,2
3496,3
3497,1
3498,1
3499,1
3500,3
3501,1
3502,3
3503,3
3504,3
3505,4
3506,1
3507,3
3508,2
3509,2
3510,1
3511,3
3512,3
3513,3
3514,2
3515,3
3516,5
3517,2
3518,3
3519,4
3520,2
3521,3
3522,3
3523,2
3524,2
3525,4
3526,1
3527,1
3528,3
3529,1
3530,2
3531,1
3532,2
3533,3
3534,3
3535,2
3536,2
3537,1
3538,3
3539,4
3540,1
3541,4
3542,3
3543,3
3544,1
3545,1
3546,3
3547,5
3548,2
3549,1
3550,1
3551,1
3552,2
3553,1
3554,3
3555,2
3556,2
3557,3
3558,2
3559,3
3560,3
3561,2
3562,1
3563,3
3564,3
3565,3
3566,5
3567,5
3568,3
3569,1
3570,1
3571,3
3572,3
3573,1
3574,3
3575,1
3576,1
3577,2
3578,4
3579,2
3580,3
3581,1
3582,1
3583,4
3584,3
3585,1
3586,3
3587,3
3588,5
3589,5
3590,2
3591,2
3592,4
3593,4
3594,5
3595,4
3596,2
3597,2
3598,4
3599,3
3600,3
3601,1
3602,5
3603,3
3604,4
3605,1
3606,2
3607,2
3608,3
3609,1
3610,2
3611,5
3612,1
3613,2
3614,1
3615,3
3616,2
3617,2
3618,3
3619,3
3620,2
3621,1
3622,2
3623,3
3624,2
3625,2
3626,4
3627,2
3628,5
3629,2
3630,1
3631,2
3632,2
3633,1
3634,1
3635,2
3636,3
3637,5
3638,2
3639,3
3640,1
3641,1
3642,1
3643,3
3644,3
3645,3
3646,1
3647,3
3648,1
3649,2
3650,1
3651,1
3652,2
3653,3
3654,2
3655,2
3656,2
3657,1
3658,4
3659,1
3660,1
3661,1
3662,1
3663,5
3664,1
3665,2
3666,3
3667,1
3668,3
3669,5
3670,2
3671,3
3672,2
3673,3
3674,1
3675,4
3676,1
3677,1
3678,3
3679,1
3680,1
3681,3
3682,3
3683,1
3684,1
3685,1
3686,1
3687,2
3688,3
3689,3
3690,1
3691,3
3692,3
3693,1
3694,3
3695,2
3696,2
3697,1
3698,1
3699,1
3700,2
3701,1
3702,2
3703,3
3704,3
3705,2
3706,3
3707,1
3708,1
3709,1
3710,1
3711,1
3712,3
3713,3
3714,1
3715,1
3716,1
3717,3
3718,1
3719,1
3720,2
3721,2
3722,1
3723,2
3724,2
3725,2
3726,2
3727,3
3728,2
3729,1
3730,2
3731,3
3732,3
3733,1
3734,3
3735,4
3736,1
3737,3
3738,2
3739,3
3740,3
3741,3
3742,5
3743,3
3744,3
3745,5
3746,4
3747,3
3748,3
3749,3
3750,3
3751,1
3752,2
3753,3
3754,1
3755,3
3756,3
3757,2
3758,3
3759,2
3760,1
3761,1
3762,2
3763,3
3764,1
3765,3
3766,3
3767,3
3768,1
3769,2
3770,1
3771,3
3772,1
3773,1
3774,3
3775,5
3776,3
3777,5
3778,1
3779,3
3780,3
3781,1
3782,1
3783,4
3784,4
3785,2
3786,1
3787,1
3788,3
3789,3
3790,2
3791,2
3792,3
3793,4
3794,3
3795,1
3796,2
3797,1
3798,3
3799,4
3800,1
3801,1
3802,1
3803,1
3804,1
3805,1
3806,2
3807,3
3808,3
3809,1
3810,1
3811,1
3812,2
3813,1
3814,1
3815,1
3816,1
3817,3
3818,1
3819,5
3820,1
3821,1
3822,1
3823,3
3824,4
3825,2
3826,2
3827,3
3828,3
3829,1
3830,3
3831,3
3832,3
3833,4
3834,1
3835,1
3836,1
3837,3
3838,3
3839,1
3840,3
3841,3
3842,2
3843,3
3844,2
3845,3
3846,1
3847,3
3848,2
3849,1
3850,2
3851,3
3852,2
3853,3
3854,2
3855,2
3856,1
3857,1
3858,2
3859,2
3860,5
3861,2
3862,3
3863,1
3864,1
3865,2
3866,2
3867,1
3868,2
3869,3
3870,1
3871,3
3872,3
3873,3
3874,3
3875,1
3876,3
3877,1
3878,5
3879,1
3880,2
3881,2
3882,3
3883,1
3884,2
3885,1
3886,1
3887,1
3888,2
3889,2
3890,3
3891,1
3892,3
3893,3
3894,5
3895,3
3896,1
3897,2
3898,2
3899,1
3900,3
3901,3
3902,3
3903,3
3904,1
3905,1
3906,3
3907,3
3908,3
3909,1
3910,5
3911,5
3912,3
3913,3
3914,1
3915,1
3916,2
3917,2
3918,1
3919,3
3920,3
3921,1
3922,2
3923,2
3924,3
3925,1
3926,1
3927,5
3928,2
3929,1
3930,3
3931,2
3932,2
3933,3
3934,2
3935,3
3936,3
3937,1
3938,3
3939,5
3940,2
3941,2
3942,2
3943,1
3944,3
3945,4
3946,2
3947,1
3948,2
3949,1
3950,1
3951,1
3952,1
3953,1
3954,1
3955,2
3956,2
3957,5
3958,1
3959,1
3960,3
3961,2
3962,2
3963,1
3964,3
3965,1
3966,1
3967,2
3968,2
3969,1
3970,3
3971,3
3972,3
3973,3
3974,1
3975,1
3976,2
3977,3
3978,3
3979,3
3980,2
3981,2
3982,1
3983,1
3984,2
3985,2
3986,3
3987,4
3988,5
3989,1
3990,2
3991,1
3992,1
3993,1
3994,3
3995,1
3996,1
3997,1
3998,1
3999,3
4000,1
4001,3
4002,2
4003,1
4004,3
4005,3
4006,4
4007,1
4008,2
4009,3
4010,3
4011,3
4012,4
4013,2
4014,2
4015,3
4016,3
4017,3
4018,3
4019,1
4020,3
4021,3
4022,5
4023,1
4024,3
4025,4
4026,2
4027,3
4028,1
4029,4
4030,2
4031,2
4032,1
4033,2
4034,1
4035,3
4036,3
4037,3
4038,3
4039,1
4040,1
4041,1
4042,2
4043,1
4044,2
4045,4
4046,4
4047,4
4048,2
4049,2
4050,1
4051,3
4052,1
4053,1
4054,2
4055,1
4056,3
4057,1
4058,3
4059,2
4060,4
4061,4
4062,2
4063,2
4064,4
4065,1
4066,4
4067,2
4068,3
4069,1
4070,2
4071,3
4072,1
4073,2
4074,3
4075,1
4076,2
4077,3
4078,4
4079,3
4080,2
4081,2
4082,3
4083,1
4084,2
4085,3
4086,2
4087,1
4088,5
4089,5
4090,3
4091,3
4092,3
4093,2
4094,2
4095,1
4096,1
4097,3
4098,1
4099,2
4100,2
4101,4
4102,2
4103,2
4104,2
4105,3
4106,3
4107,3
4108,5
4109,1
4110,1
4111,1
4112,1
4113,3
4114,1
4115,4
4116,3
4117,3
4118,2
4119,3
4120,2
4121,5
4122,1
4123,1
4124,3
4125,1
4126,3
4127,1
4128,5
4129,2
4130,1
4131,2
4132,1
4133,5
4134,1
4135,3
4136,1
4137,3
4138,1
4139,2
4140,1
4141,3
4142,1
4143,1
4144,3
4145,2
4146,2
4147,2
4148,1
4149,1
4150,3
4151,2
4152,3
4153,1
4154,1
4155,1
4156,1
4157,2
4158,1
4159,3
4160,3
4161,2
4162,3
4163,3
4164,3
4165,1
4166,2
4167,3
4168,3
4169,3
4170,1
4171,2
4172,2
4173,2
4174,1
4175,1
4176,1
4177,1
4178,3
4179,1
4180,1
4181,2
4182,5
4183,3
4184,1
4185,3
4186,1
4187,4
4188,2
4189,3
4190,3
4191,3
4192,1
4193,3
4194,2
4195,4
4196,4
4197,2
4198,3
4199,5
4200,1
4201,1
4202,1
4203,1
4204,3
4205,3
4206,3
4207,2
4208,3
4209,2
4210,3
4211,3
4212,3
4213,2
4214,2
4215,3
4216,1
4217,3
4218,2
4219,1
4220,4
4221,1
4222,2
4223,3
4224,2
4225,2
4226,2
4227,1
4228,1
4229,1
4230,1
4231,3
4232,1
4233,3
4234,2
4235,1
4236,3
4237,2
4238,2
4239,3
4240,3
4241,3
4242,1
4243,2
4244,1
4245,2
4246,2
4247,1
4248,4
4249,4
4250,4
4251,2
4252,1
4253,2
4254,2
4255,1
4256,3
4257,1
4258,3
4259,3
4260,1
4261,2
4262,3
4263,3
4264,3
4265,4
4266,3
4267,1
4268,2
4269,3
4270,3
4271,3
4272,3
4273,3
4274,1
4275,3
4276,5
4277,1
4278,4
4279,3
4280,3
4281,1
4282,4
4283,3
4284,1
4285,1
4286,5
4287,3
4288,2
4289,5
4290,3
4291,3
4292,1
4293,1
4294,4
4295,3
4296,3
4297,3
4298,1
4299,2
4300,4
4301,3
4302,1
4303,1
4304,3
4305,5
4306,3
4307,2
4308,1
4309,2
4310,1
4311,1
4312,1
4313,2
4314,3
4315,1
4316,3
4317,1
4318,2
4319,4
4320,1
4321,1
4322,3
4323,1
4324,3
4325,2
4326,1
4327,2
4328,1
4329,1
4330,2
4331,3
4332,3
4333,1
4334,3
4335,1
4336,3
4337,2
4338,3
4339,4
4340,1
4341,3
4342,1
4343,1
4344,1
4345,1
4346,1
4347,2
4348,2
4349,2
4350,3
4351,1
4352,1
4353,1
4354,2
4355,2
4356,2
4357,3
4358,3
4359,3
4360,1
4361,2
4362,2
4363,2
4364,2
4365,3
4366,2
4367,2
4368,2
4369,1
4370,1
4371,2
4372,4
4373,1
4374,3
4375,2
4376,3
4377,3
4378,3
4379,3
4380,4
4381,1
4382,2
4383,2
4384,1
4385,3
4386,1
4387,1
4388,5
4389,3
4390,3
4391,5
4392,3
4393,3
4394,1
4395,3
4396,5
4397,1
4398,2
4399,1
4400,3
4401,3
4402,1
4403,5
4404,3
4405,4
4406,3
4407,3
4408,1
4409,1
4410,3
4411,3
4412,1
4413,3
4414,1
4415,1
4416,1
4417,1
4418,3
4419,2
4420,1
4421,2
4422,3
4423,1
4424,1
4425,1
4426,1
4427,1
4428,2
4429,1
4430,3
4431,3
4432,1
4433,2
4434,2
4435,2
4436,1
4437,3
4438,4
4439,4
4440,2
4441,2
4442,3
4443,4
4444,1
4445,1
4446,3
4447,3
4448,3
4449,2
4450,2
4451,1
4452,1
4453,1
4454,1
4455,1
4456,4
4457,3
4458,3
4459,3
4460,3
4461,3
4462,1
4463,3
4464,1
4465,1
4466,3
4467,3
4468,1
4469,3
4470,1
4471,1
4472,4
4473,1
4474,1
4475,1
4476,2
4477,2
4478,3
4479,3
4480,5
4481,3
4482,1
4483,1
4484,4
4485,4
4486,1
4487,1
4488,1
4489,1
4490,2
4491,2
4492,3
4493,5
4494,1
4495,1
4496,2
4497,3
4498,3
4499,1
4500,2
4501,2
4502,3
4503,3
4504,4
4505,3
4506,1
4507,1
4508,5
4509,3
4510,5
4511,1
4512,1
4513,5
4514,3
4515,2
4516,1
4517,3
4518,1
4519,2
4520,4
4521,1
4522,2
4523,2
4524,4
4525,3
4526,3
4527,3
4528,3
4529,1
4530,2
4531,2
4532,2
4533,2
4534,2
4535,2
4536,3
4537,3
4538,1
4539,5
4540,3
4541,1
4542,2
4543,3
4544,2
4545,3
4546,2
4547,4
4548,3
4549,3
4550,3
4551,2
4552,2
4553,1
4554,3
4555,1
4556,1
4557,3
4558,3
4559,1
4560,3
4561,1
4562,5
4563,1
4564,3
4565,1
4566,1
4567,1
4568,1
4569,1
4570,2
4571,3
4572,3
4573,4
4574,1
4575,2
4576,2
4577,3
4578,1
4579,1
4580,1
4581,1
4582,1
4583,1
4584,1
4585,1
4586,3
4587,1
4588,3
4589,3
4590,5
4591,3
4592,1
4593,1
4594,5
4595,1
4596,3
4597,3
4598,3
4599,3
4600,3
4601,1
4602,5
4603,3
4604,2
4605,2
4606,1
4607,1
4608,3
4609,2
4610,4
4611,1
4612,1
4613,3
4614,2
4615,3
4616,3
4617,1
4618,5
4619,3
4620,3
4621,5
4622,2
4623,3
4624,3
4625,3
4626,2
4627,2
4628,2
4629,2
4630,5
4631,1
4632,3
4633,3
4634,2
4635,3
4636,3
4637,3
4638,3
4639,1
4640,1
4641,3
4642,3
4643,3
4644,1
4645,3
4646,1
4647,3
4648,3
4649,1
4650,2
4651,2
4652,3
4653,4
4654,3
4655,3
4656,3
4657,3
4658,3
4659,3
4660,1
4661,2
4662,2
4663,3
4664,3
4665,3
4666,3
4667,1
4668,1
4669,3
4670,3
4671,3
4672,3
4673,3
4674,3
4675,3
4676,2
4677,3
4678,2
4679,1
4680,3
4681,1
4682,1
4683,3
4684,3
4685,1
4686,3
4687,3
4688,3
4689,3
4690,1
4691,5
4692,1
4693,1
4694,1
4695,1
4696,4
4697,1
4698,2
4699,3
4700,2
4701,1
4702,1
4703,1
4704,4
4705,1
4706,3
4707,3
4708,4
4709,3
4710,1
4711,1
4712,1
4713,1
4714,3
4715,3
4716,1
4717,2
4718,2
4719,5
4720,5
4721,1
4722,2
4723,2
4724,2
4725,2
4726,2
4727,2
4728,1
4729,3
4730,2
4731,3
4732,3
4733,1
4734,3
4735,3
4736,3
4737,1
4738,2
4739,2
4740,3
4741,1
4742,3
4743,1
4744,4
4745,1
4746,2
4747,2
4748,2
4749,3
4750,3
4751,3
4752,1
4753,2
4754,2
4755,3
4756,1
4757,1
4758,1
4759,1
4760,1
4761,1
4762,2
4763,3
4764,3
4765,3
4766,3
4767,3
4768,3
4769,3
4770,1
4771,1
4772,3
4773,3
4774,3
4775,3
4776,3
4777,4
4778,3
4779,2
4780,3
4781,1
4782,3
4783,3
4784,2
4785,2
4786,3
4787,1
4788,1
4789,3
4790,1
4791,3
4792,3
4793,3
4794,1
4795,3
4796,2
4797,3
4798,3
4799,3
4800,3
4801,2
4802,3
4803,3
4804,3
4805,2
4806,1
4807,3
4808,1
4809,1
4810,1
4811,2
4812,2
4813,3
4814,1
4815,1
4816,3
4817,5
4818,3
4819,4
4820,2
4821,1
4822,2
4823,1
4824,4
4825,3
4826,3
4827,1
4828,1
4829,2
4830,1
4831,3
4832,3
4833,1
4834,1
4835,1
4836,2
4837,3
4838,5
4839,3
4840,3
4841,3
4842,1
4843,3
4844,2
4845,4
4846,3
4847,1
4848,3
4849,3
4850,4
4851,1
4852,2
4853,2
4854,3
4855,4
4856,1
4857,1
4858,1
4859,2
4860,3
4861,1
4862,3
4863,2
4864,1
4865,3
4866,1
4867,1
4868,3
4869,2
4870,4
4871,1
4872,1
4873,3
4874,2
4875,2
4876,1
4877,1
4878,3
4879,2
4880,1
4881,2
4882,1
4883,2
4884,2
4885,1
4886,3
4887,2
4888,2
4889,3
4890,3
4891,1
4892,1
4893,2
4894,3
4895,1
4896,3
4897,1
4898,2
4899,3
4900,1
4901,2
4902,1
4903,3
4904,2
4905,1
4906,2
4907,1
4908,2
4909,3
4910,3
4911,1
4912,1
4913,3
4914,3
4915,3
4916,1
4917,3
4918,2
4919,2
4920,1
4921,4
4922,2
4923,3
4924,2
4925,2
4926,3
4927,5
4928,5
4929,3
4930,3
4931,2
4932,1
4933,2
4934,3
4935,2
4936,1
4937,2
4938,3
4939,1
4940,2
4941,2
4942,3
4943,2
4944,3
4945,1
4946,3
4947,2
4948,5
4949,2
4950,2
4951,2
4952,2
4953,3
4954,3
4955,2
4956,3
4957,3
4958,1
4959,3
4960,3
4961,3
4962,3
4963,1
4964,3
4965,3
4966,3
4967,5
4968,4
4969,2
4970,1
4971,5
4972,1
4973,2
4974,3
4975,1
4976,2
4977,3
4978,2
4979,3
4980,2
4981,1
4982,3
4983,3
4984,2
4985,2
4986,2
4987,1
4988,3
4989,2
4990,3
4991,5
4992,2
4993,2
4994,1
4995,2
4996,3
4997,1
4998,1
4999,3
5000,3
5001,3
5002,3
5003,3
5004,3
5005,1
5006,1
5007,1
5008,1
5009,3
5010,3
5011,3
5012,3
5013,1
5014,3
5015,1
5016,1
5017,1
5018,1
5019,1
5020,2
5021,3
5022,2
5023,1
5024,2
5025,3
5026,1
5027,1
5028,2
5029,3
5030,2
5031,2
5032,3
5033,2
5034,3
5035,2
5036,1
5037,2
5038,2
5039,1
5040,1
5041,2
5042,3
5043,5
5044,3
5045,5
5046,2
5047,1
5048,1
5049,2
5050,2
5051,2
5052,3
5053,1
5054,3
5055,3
5056,2
5057,2
5058,1
5059,1
5060,3
5061,1
5062,2
5063,2
5064,3
5065,3
5066,3
5067,3
5068,3
5069,3
5070,1
5071,1
5072,1
5073,1
5074,2
5075,1
5076,1
5077,1
5078,1
5079,1
5080,2
5081,2
5082,2
5083,1
5084,1
5085,1
5086,1
5087,3
5088,3
5089,2
5090,1
5091,3
5092,2
5093,3
5094,3
5095,4
5096,5
5097,3
5098,3
5099,5
5100,3
5101,4
5102,1
5103,2
5104,2
5105,2
5106,1
5107,1
5108,5
5109,1
5110,1
5111,1
5112,2
5113,3
5114,2
5115,5
5116,5
5117,5
5118,5
5119,5
5120,2
5121,2
5122,3
5123,1
5124,1
5125,1
5126,1
5127,3
5128,3
5129,2
5130,3
5131,3
5132,2
5133,1
5134,1
5135,1
5136,2
5137,1
5138,3
5139,1
5140,1
5141,3
5142,5
5143,3
5144,3
5145,2
5146,1
5147,1
5148,2
5149,4
5150,2
5151,4
5152,2
5153,3
5154,3
5155,1
5156,4
5157,1
5158,3
5159,3
5160,2
5161,3
5162,3
5163,5
5164,1
5165,3
5166,1
5167,2
5168,3
5169,2
5170,2
5171,1
5172,4
5173,3
5174,1
5175,1
5176,1
5177,3
5178,1
5179,2
5180,1
5181,4
5182,2
5183,2
5184,2
5185,2
5186,1
5187,1
5188,5
5189,5
5190,2
5191,4
5192,4
5193,2
5194,2
5195,2
5196,3
5197,1
5198,5
5199,5
5200,5
5201,3
5202,5
5203,3
5204,2
5205,2
5206,2
5207,1
5208,2
5209,2
5210,2
5211,3
5212,4
5213,3
5214,3
5215,1
5216,3
5217,1
5218,3
5219,5
5220,5
5221,2
5222,3
5223,3
5224,3
5225,3
5226,3
5227,1
5228,2
5229,3
5230,4
5231,3
5232,1
5233,2
5234,3
5235,2
5236,2
5237,2
5238,3
5239,3
5240,3
5241,4
5242,2
5243,1
5244,3
5245,1
5246,2
5247,1
5248,1
5249,1
5250,1
5251,3
5252,3
5253,1
5254,3
5255,3
5256,3
5257,3
5258,1
5259,5
5260,3
5261,1
5262,2
5263,1
5264,3
5265,3
5266,2
5267,2
5268,3
5269,3
5270,1
5271,3
5272,3
5273,1
5274,2
5275,2
5276,3
5277,3
5278,3
5279,3
5280,3
5281,3
5282,3
5283,3
5284,1
5285,2
5286,2
5287,3
5288,3
5289,5
5290,1
5291,1
5292,1
5293,1
5294,2
5295,3
5296,3
5297,1
5298,2
5299,1
5300,3
5301,3
5302,1
5303,3
5304,1
5305,1
5306,1
5307,1
5308,2
5309,1
5310,3
5311,1
5312,2
5313,2
5314,1
5315,2
5316,3
5317,2
5318,2
5319,1
5320,3
5321,2
5322,3
5323,1
5324,1
5325,1
5326,2
5327,2
5328,3
5329,1
5330,1
5331,1
5332,1
5333,1
5334,3
5335,1
5336,2
5337,2
5338,2
5339,3
5340,3
5341,1
5342,1
5343,3
5344,2
5345,5
5346,3
5347,3
5348,1
5349,3
5350,5
5351,1
5352,3
5353,3
5354,3
5355,1
5356,4
5357,3
5358,1
5359,2
5360,1
5361,1
5362,1
5363,3
5364,3
5365,1
5366,3
5367,1
5368,3
5369,4
5370,1
5371,1
5372,1
5373,2
5374,1
5375,3
5376,5
5377,2
5378,3
5379,1
5380,3
5381,1
5382,3
5383,1
5384,3
5385,2
5386,3
5387,3
5388,3
5389,4
5390,1
5391,1
5392,3
5393,2
5394,3
5395,1
5396,1
5397,1
5398,3
5399,3
5400,2
5401,2
5402,2
5403,3
5404,1
5405,3
5406,1
5407,3
5408,1
5409,2
5410,2
5411,3
5412,1
5413,1
5414,3
5415,2
5416,3
5417,2
5418,1
5419,4
5420,3
5421,1
5422,1
5423,3
5424,3
5425,3
5426,1
5427,1
5428,2
5429,1
5430,2
5431,2
5432,1
5433,1
5434,1
5435,1
5436,3
5437,3
5438,3
5439,1
5440,3
5441,3
5442,1
5443,2
5444,1
5445,2
5446,1
5447,4
5448,1
5449,2
5450,1
5451,1
5452,3
5453,3
5454,3
5455,2
5456,1
5457,1
5458,2
5459,2
5460,3
5461,3
5462,3
5463,1
5464,2
5465,3
5466,3
5467,5
5468,1
5469,2
5470,3
5471,4
5472,3
5473,2
5474,3
5475,1
5476,3
5477,1
5478,2
5479,1
5480,1
5481,1
5482,1
5483,2
5484,4
5485,4
5486,1
5487,2
5488,1
5489,3
5490,2
5491,3
5492,4
5493,4
5494,1
5495,3
5496,1
5497,3
5498,1
5499,3
5500,3
5501,2
5502,3
5503,5
5504,1
5505,1
5506,3
5507,2
5508,3
5509,3
5510,1
5511,3
5512,1
5513,4
5514,2
5515,1
5516,4
5517,2
5518,1
5519,1
5520,1
5521,3
5522,3
5523,3
5524,3
5525,2
5526,4
5527,2
5528,3
5529,3
5530,3
5531,5
5532,1
5533,1
5534,4
5535,3
5536,1
5537,4
5538,3
5539,3
5540,3
5541,3
5542,1
5543,1
5544,1
5545,1
5546,1
5547,3
5548,1
5549,3
5550,3
5551,5
5552,5
5553,1
5554,3
5555,3
5556,3
5557,1
5558,3
5559,1
5560,2
5561,3
5562,3
5563,3
5564,2
5565,1
5566,1
5567,1
5568,3
5569,3
5570,1
5571,4
5572,1
5573,4
5574,4
5575,1
5576,2
5577,3
5578,3
5579,1
5580,1
5581,1
5582,3
5583,3
5584,2
5585,1
5586,1
5587,1
5588,1
5589,1
5590,1
5591,1
5592,3
5593,3
5594,3
5595,3
5596,1
5597,1
5598,5
5599,1
5600,3
5601,2
5602,1
5603,2
5604,1
5605,3
5606,1
5607,3
5608,3
5609,3
5610,4
5611,3
5612,3
5613,3
5614,1
5615,1
5616,2
5617,1
5618,3
5619,2
5620,1
5621,3
5622,1
5623,1
5624,1
5625,2
5626,3
5627,3
5628,3
5629,3
5630,2
5631,1
5632,4
5633,4
5634,3
5635,3
5636,3
5637,3
5638,1
5639,3
5640,5
5641,2
5642,2
5643,1
5644,3
5645,5
5646,1
5647,1
5648,3
5649,2
5650,1
5651,1
5652,3
5653,3
5654,2
5655,5
5656,3
5657,1
5658,3
5659,1
5660,3
5661,3
5662,1
5663,3
5664,2
5665,2
5666,5
5667,2
5668,2
5669,1
5670,3
5671,3
5672,3
5673,2
5674,2
5675,2
5676,3
5677,3
5678,3
5679,4
5680,2
5681,5
5682,2
5683,2
5684,5
5685,3
5686,5
5687,3
5688,1
5689,1
5690,2
5691,3
5692,1
5693,1
5694,3
5695,1
5696,1
5697,1
5698,1
5699,5
5700,2
5701,1
5702,2
5703,1
5704,1
5705,1
5706,1
5707,1
5708,3
5709,2
5710,3
5711,1
5712,2
5713,3
5714,3
5715,2
5716,1
5717,1
5718,4
5719,3
5720,3
5721,3
5722,1
5723,4
5724,4
5725,1
5726,2
5727,2
5728,2
5729,5
5730,5
5731,1
5732,1
5733,1
5734,1
5735,3
5736,2
5737,1
5738,1
5739,4
5740,3
5741,1
5742,1
5743,1
5744,3
5745,3
5746,2
5747,2
5748,2
5749,2
5750,2
5751,1
5752,3
5753,1
5754,3
5755,4
5756,3
5757,4
5758,2
5759,2
5760,2
5761,3
5762,3
5763,1
5764,2
5765,2
5766,1
5767,1
5768,1
5769,3
5770,2
5771,3
5772,3
5773,3
5774,3
5775,3
5776,5
5777,5
5778,1
5779,2
5780,3
5781,4
5782,3
5783,1
5784,2
5785,3
5786,1
5787,2
5788,3
5789,3
5790,5
5791,3
5792,3
5793,2
5794,2
5795,1
5796,1
5797,2
5798,1
5799,1
5800,2
5801,3
5802,2
5803,3
5804,3
5805,3
5806,3
5807,3
5808,3
5809,3
5810,3
5811,2
5812,1
5813,3
5814,1
5815,3
5816,2
5817,4
5818,2
5819,3
5820,3
5821,2
5822,2
5823,5
5824,3
5825,2
5826,1
5827,3
5828,3
5829,2
5830,2
5831,3
5832,1
5833,1
5834,1
5835,3
5836,2
5837,3
5838,3
5839,2
5840,3
5841,2
5842,2
5843,2
5844,2
5845,3
5846,3
5847,3
5848,3
5849,3
5850,1
5851,1
5852,1
5853,2
5854,2
5855,3
5856,5
5857,2
5858,2
5859,3
5860,2
5861,2
5862,3
5863,3
5864,3
5865,1
5866,3
5867,3
5868,1
5869,2
5870,3
5871,3
5872,1
5873,3
5874,1
5875,3
5876,3
5877,2
5878,1
5879,1
5880,2
5881,3
5882,1
5883,3
5884,1
5885,1
5886,3
5887,4
5888,2
5889,2
5890,1
5891,3
5892,3
5893,3
5894,3
5895,3
5896,2
5897,1
5898,2
5899,2
5900,3
5901,2
5902,2
5903,3
5904,2
5905,2
5906,1
5907,1
5908,2
5909,3
5910,1
5911,3
5912,2
5913,1
5914,3
5915,1
5916,1
5917,1
5918,1
5919,1
5920,3
5921,2
5922,3
5923,1
5924,1
5925,3
5926,1
5927,1
5928,2
5929,5
5930,5
5931,2
5932,5
5933,1
5934,3
5935,1
5936,1
5937,3
5938,3
5939,3
5940,3
5941,1
5942,3
5943,3
5944,3
5945,3
5946,2
5947,2
5948,3
5949,1
5950,3
5951,5
5952,5
5953,1
5954,2
5955,1
5956,2
5957,1
5958,5
5959,3
5960,3
5961,2
5962,1
5963,1
5964,5
5965,2
5966,5
5967,5
5968,5
5969,5
5970,1
5971,1
5972,2
5973,2
5974,1
5975,4
5976,2
5977,1
5978,2
5979,1
5980,1
5981,2
5982,2
5983,1
5984,3
5985,3
5986,3
5987,2
5988,3
5989,3
5990,3
5991,3
5992,1
5993,1
5994,1
5995,1
5996,1
5997,1
5998,2
5999,1
6000,4
6001,1
6002,1
6003,1
6004,3
6005,2
6006,5
6007,3
6008,1
6009,1
6010,3
6011,3
6012,3
6013,3
6014,2
6015,3
6016,3
6017,3
6018,1
6019,2
6020,2
6021,3
6022,1
6023,2
6024,1
6025,1
6026,2
6027,2
6028,4
6029,2
6030,1
6031,1
6032,2
6033,2
6034,3
6035,3
6036,3
6037,1
6038,1
6039,1
6040,4
6041,5
6042,3
6043,3
6044,1
6045,4
6046,2
6047,3
6048,3
6049,1
6050,1
6051,3
6052,2
6053,2
6054,3
6055,1
6056,3
6057,1
6058,1
6059,2
6060,2
6061,2
6062,3
6063,3
6064,3
6065,1
6066,3
6067,3
6068,2
6069,1
6070,3
6071,1
6072,3
6073,3
6074,1
6075,3
6076,3
6077,2
6078,3
6079,3
6080,1
6081,2
6082,2
6083,3
6084,3
6085,1
6086,2
6087,3
6088,1
6089,3
6090,1
6091,1
6092,3
6093,3
6094,1
6095,3
6096,1
6097,2
6098,3
6099,3
6100,3
6101,2
6102,3
6103,4
6104,1
6105,2
6106,3
6107,3
6108,1
6109,3
6110,3
6111,2
6112,1
6113,2
6114,1
6115,3
6116,5
6117,3
6118,3
6119,3
6120,3
6121,2
6122,1
6123,1
6124,3
6125,1
6126,2
6127,2
6128,2
6129,3
6130,2
6131,1
6132,1
6133,1
6134,2
6135,1
6136,1
6137,2
6138,1
6139,2
6140,4
6141,1
6142,1
6143,2
6144,3
6145,3
6146,1
6147,1
6148,3
6149,1
6150,1
6151,1
6152,3
6153,2
6154,1
6155,1
6156,4
6157,1
6158,1
6159,2
6160,2
6161,1
6162,1
6163,2
6164,3
6165,2
6166,3
6167,3
6168,5
6169,3
6170,2
6171,2
6172,2
6173,1
6174,2
6175,3
6176,3
6177,2
6178,3
6179,2
6180,3
6181,2
6182,2
6183,4
6184,3
6185,3
6186,1
6187,3
6188,3
6189,3
6190,1
6191,1
6192,3
6193,2
6194,3
6195,3
6196,3
6197,3
6198,1
6199,2
6200,2
6201,5
6202,2
6203,1
6204,1
6205,3
6206,3
6207,1
6208,1
6209,5
6210,3
6211,1
6212,4
6213,2
6214,2
6215,3
6216,1
6217,2
6218,1
6219,1
6220,3
6221,1
6222,5
6223,2
6224,1
6225,1
6226,3
6227,3
6228,1
6229,1
6230,3
6231,2
6232,2
6233,2
6234,1
6235,1
6236,3
6237,2
6238,2
6239,1
6240,3
6241,1
6242,1
6243,3
6244,3
6245,3
6246,2
6247,5
6248,1
6249,2
6250,2
6251,1
6252,1
6253,3
6254,1
6255,5
6256,3
6257,2
6258,5
6259,1
6260,3
6261,1
6262,3
6263,1
6264,2
6265,4
6266,2
6267,1
6268,1
6269,3
6270,1
6271,3
6272,1
6273,5
6274,2
6275,4
6276,3
6277,2
6278,2
6279,2
6280,1
6281,1
6282,1
6283,3
6284,3
6285,3
6286,2
6287,2
6288,2
6289,2
6290,2
6291,1
6292,1
6293,3
6294,3
6295,3
6296,2
6297,2
6298,2
6299,2
6300,5
6301,3
6302,3
6303,2
6304,3
6305,3
6306,2
6307,2
6308,2
6309,2
6310,1
6311,2
6312,1
6313,4
6314,1
6315,2
6316,2
6317,2
6318,5
6319,2
6320,2
6321,2
6322,2
6323,1
6324,1
6325,3
6326,3
6327,4
6328,1
6329,2
6330,3
6331,2
6332,1
6333,1
6334,2
6335,1
6336,1
6337,3
6338,3
6339,3
6340,1
6341,3
6342,3
6343,3
6344,3
6345,3
6346,3
6347,2
6348,3
6349,3
6350,1
6351,1
6352,3
6353,4
6354,4
6355,2
6356,1
6357,3
6358,3
6359,1
6360,1
6361,1
6362,3
6363,1
6364,3
6365,3
6366,5
6367,3
6368,1
6369,1
6370,2
6371,1
6372,3
6373,3
6374,1
6375,3
6376,2
6377,2
6378,2
6379,4
6380,2
6381,5
6382,3
6383,3
6384,1
6385,1
6386,3
6387,1
6388,3
6389,1
6390,4
6391,2
6392,2
6393,3
6394,1
6395,3
6396,3
6397,3
6398,3
6399,3
6400,3
6401,1
6402,3
6403,3
6404,1
6405,1
6406,3
6407,1
6408,2
6409,1
6410,2
6411,3
6412,3
6413,2
6414,1
6415,3
6416,3
6417,1
6418,2
6419,3
6420,2
6421,2
6422,2
6423,1
6424,3
6425,1
6426,5
6427,1
6428,1
6429,3
6430,1
6431,1
6432,1
6433,2
6434,3
6435,3
6436,3
6437,1
6438,1
6439,3
6440,1
6441,3
6442,1
6443,5
6444,3
6445,1
6446,3
6447,3
6448,1
6449,3
6450,3
6451,1
6452,1
6453,1
6454,4
6455,3
6456,4
6457,1
6458,1
6459,3
6460,1
6461,3
6462,1
6463,1
6464,5
6465,2
6466,2
6467,3
6468,5
6469,1
6470,1
6471,1
6472,3
6473,2
6474,1
6475,5
6476,1
6477,2
6478,5
6479,3
6480,3
6481,4
6482,2
6483,3
6484,2
6485,2
6486,2
6487,1
6488,2
6489,1
6490,2
6491,3
6492,2
6493,3
6494,1
6495,5
6496,1
6497,5
6498,5
6499,5
6500,5
6501,3
6502,1
6503,1
6504,1
6505,2
6506,4
6507,1
6508,1
6509,1
6510,3
6511,1
6512,3
6513,3
6514,3
6515,3
6516,1
6517,1
6518,3
6519,1
6520,3
6521,1
6522,3
6523,2
6524,1
6525,1
6526,1
6527,3
6528,1
6529,1
6530,2
6531,3
6532,1
6533,2
6534,1
6535,1
6536,2
6537,3
6538,3
6539,4
6540,2
6541,3
6542,1
6543,3
6544,5
6545,1
6546,1
6547,1
6548,1
6549,2
6550,3
6551,3
6552,3
6553,3
6554,3
6555,4
6556,1
6557,2
6558,1
6559,4
6560,2
6561,4
6562,2
6563,1
6564,2
6565,3
6566,2
6567,1
6568,1
6569,3
6570,5
6571,1
6572,3
6573,2
6574,2
6575,1
6576,2
6577,1
6578,4
6579,3
6580,4
6581,5
6582,2
6583,1
6584,2
6585,3
6586,4
6587,1
6588,1
6589,2
6590,2
6591,2
6592,3
6593,1
6594,2
6595,3
6596,2
6597,1
6598,3
6599,3
6600,2
6601,3
6602,2
6603,1
6604,1
6605,3
6606,3
6607,4
6608,1
6609,3
6610,1
6611,1
6612,2
6613,2
6614,3
6615,3
6616,1
6617,3
6618,2
6619,2
6620,2
6621,1
6622,3
6623,3
6624,2
6625,1
6626,2
6627,4
6628,3
6629,3
6630,3
6631,1
6632,3
6633,1
6634,2
6635,4
6636,3
6637,3
6638,4
6639,4
6640,2
6641,2
6642,1
6643,2
6644,2
6645,2
6646,2
6647,3
6648,3
6649,1
6650,2
6651,1
6652,3
6653,3
6654,3
6655,2
6656,3
6657,3
6658,1
6659,5
6660,3
6661,3
6662,2
6663,1
6664,1
6665,3
6666,3
6667,3
6668,2
6669,3
6670,3
6671,2
6672,1
6673,5
6674,1
6675,1
6676,1
6677,5
6678,1
6679,3
6680,5
6681,5
6682,3
6683,3
6684,2
6685,2
6686,3
6687,3
6688,3
6689,2
6690,1
6691,3
6692,1
6693,1
6694,1
6695,1
6696,2
6697,2
6698,2
6699,4
6700,2
6701,2
6702,2
6703,3
6704,4
6705,1
6706,2
6707,1
6708,3
6709,3
6710,2
6711,2
6712,2
6713,2
6714,3
6715,2
6716,3
6717,3
6718,3
6719,3
6720,1
6721,2
6722,1
6723,1
6724,1
6725,1
6726,3
6727,1
6728,5
6729,4
6730,1
6731,1
6732,5
6733,2
6734,3
6735,1
6736,1
6737,1
6738,1
6739,1
6740,3
6741,4
6742,5
6743,3
6744,5
6745,1
6746,1
6747,2
6748,2
6749,3
6750,3
6751,2
6752,3
6753,3
6754,3
6755,3
6756,3
6757,3
6758,3
6759,3
6760,1
6761,2
6762,1
6763,1
6764,3
6765,2
6766,3
6767,3
6768,3
6769,3
6770,3
6771,2
6772,3
6773,3
6774,3
6775,1
6776,3
6777,2
6778,3
6779,1
6780,3
6781,1
6782,5
6783,3
6784,1
6785,3
6786,2
6787,1
6788,3
6789,1
6790,3
6791,4
6792,3
6793,3
6794,3
6795,3
6796,1
6797,3
6798,3
6799,3
6800,2
6801,1
6802,1
6803,3
6804,2
6805,5
6806,1
6807,2
6808,1
6809,1
6810,1
6811,3
6812,3
6813,1
6814,3
6815,3
6816,3
6817,3
6818,3
6819,1
6820,3
6821,2
6822,1
6823,3
6824,5
6825,3
6826,3
6827,4
6828,2
6829,1
6830,1
6831,3
6832,2
6833,1
6834,1
6835,1
6836,3
6837,2
6838,3
6839,3
6840,3
6841,1
6842,1
6843,1
6844,1
6845,3
6846,2
6847,1
6848,2
6849,1
6850,2
6851,1
6852,1
6853,1
6854,1
6855,1
6856,5
6857,1
6858,1
6859,3
6860,5
6861,2
6862,2
6863,3
6864,1
6865,3
6866,4
6867,3
6868,1
6869,1
6870,4
6871,3
6872,3
6873,3
6874,1
6875,3
6876,1
6877,1
6878,1
6879,3
6880,1
6881,2
6882,1
6883,5
6884,3
6885,2
6886,3
6887,3
6888,2
6889,1
6890,1
6891,4
6892,3
6893,1
6894,2
6895,2
6896,1
6897,1
6898,2
6899,3
6900,5
6901,2
6902,1
6903,3
6904,2
6905,2
6906,2
6907,2
6908,3
6909,3
6910,1
6911,1
6912,3
6913,1
6914,5
6915,2
6916,4
6917,2
6918,2
6919,3
6920,2
6921,2
6922,2
6923,2
6924,4
6925,2
6926,1
6927,1
6928,2
6929,1
6930,3
6931,2
6932,3
6933,3
6934,3
6935,2
6936,2
6937,3
6938,1
6939,3
6940,1
6941,1
6942,1
6943,3
6944,3
6945,3
6946,3
6947,1
6948,5
6949,3
6950,3
6951,1
6952,1
6953,1
6954,1
6955,3
6956,1
6957,1
6958,2
6959,1
6960,2
6961,3
6962,1
6963,1
6964,1
6965,1
6966,1
6967,3
6968,4
6969,1
6970,1
6971,3
6972,3
6973,1
6974,1
6975,3
6976,3
6977,3
6978,5
6979,1
6980,3
6981,1
6982,2
6983,2
6984,3
6985,2
6986,1
6987,2
6988,5
6989,2
6990,2
6991,2
6992,3
6993,3
6994,1
6995,4
6996,2
6997,3
6998,2
6999,2
7000,3
7001,3
7002,3
7003,5
7004,5
7005,2
7006,4
7007,3
7008,3
7009,1
7010,3
7011,1
7012,1
7013,1
7014,4
7015,1
7016,3
7017,3
7018,1
7019,5
7020,3
7021,4
7022,1
7023,3
7024,3
7025,1
7026,1
7027,1
7028,1
7029,1
7030,1
7031,3
7032,3
7033,1
7034,3
7035,4
7036,3
7037,3
7038,4
7039,3
7040,3
7041,3
7042,3
7043,2
7044,2
7045,5
7046,3
7047,1
7048,2
7049,1
7050,1
7051,1
7052,2
7053,2
7054,2
7055,3
7056,3
7057,3
7058,5
7059,1
7060,3
7061,5
7062,3
7063,3
7064,3
7065,3
7066,3
7067,3
7068,3
7069,1
7070,2
7071,2
7072,3
7073,3
7074,3
7075,1
7076,1
7077,2
7078,2
7079,2
7080,3
7081,1
7082,1
7083,3
7084,2
7085,1
7086,1
7087,5
7088,3
7089,4
7090,2
7091,2
7092,2
7093,1
7094,3
7095,3
7096,3
7097,1
7098,1
7099,3
7100,3
7101,3
7102,1
7103,5
7104,3
7105,5
7106,1
7107,3
7108,3
7109,2
7110,2
7111,1
7112,5
7113,2
7114,2
7115,1
7116,1
7117,2
7118,3
7119,3
7120,2
7121,3
7122,3
7123,5
7124,3
7125,5
7126,3
7127,2
7128,1
7129,2
7130,1
7131,1
7132,1
7133,4
7134,2
7135,2
7136,3
7137,3
7138,2
7139,2
7140,1
7141,3
7142,3
7143,1
7144,3
7145,1
7146,3
7147,3
7148,4
7149,3
7150,3
7151,2
7152,1
7153,1
7154,1
7155,3
7156,1
7157,2
7158,2
7159,3
7160,2
7161,2
7162,4
7163,1
7164,2
7165,2
7166,2
7167,1
7168,1
7169,2
7170,2
7171,1
7172,1
7173,1
7174,1
7175,3
7176,3
7177,3
7178,3
7179,3
7180,3
7181,1
7182,3
7183,2
7184,3
7185,2
7186,3
7187,3
7188,3
7189,1
7190,3
7191,2
7192,2
7193,2
7194,2
7195,4
7196,4
7197,1
7198,1
7199,1
7200,2
7201,3
7202,1
7203,2
7204,1
7205,2
7206,3
7207,1
7208,3
7209,2
7210,3
7211,1
7212,1
7213,1
7214,3
7215,2
7216,1
7217,1
7218,1
7219,3
7220,3
7221,3
7222,2
7223,1
7224,3
7225,3
7226,1
7227,2
7228,3
7229,3
7230,4
7231,3
7232,2
7233,1
7234,3
7235,1
7236,2
7237,1
7238,3
7239,1
7240,4
7241,2
7242,4
7243,1
7244,3
7245,3
7246,3
7247,2
7248,3
7249,2
7250,3
7251,3
7252,3
7253,1
7254,1
7255,2
7256,2
7257,1
7258,2
7259,3
7260,1
7261,3
7262,5
7263,3
7264,3
7265,1
7266,3
7267,1
7268,1
7269,2
7270,1
7271,3
7272,1
7273,3
7274,1
7275,1
7276,2
7277,2
7278,3
7279,3
7280,2
7281,2
7282,2
7283,1
7284,1
7285,4
7286,3
7287,2
7288,2
7289,3
7290,1
7291,3
7292,1
7293,2
7294,1
7295,2
7296,2
7297,3
7298,4
7299,1
7300,2
7301,2
7302,2
7303,1
7304,1
7305,3
7306,2
7307,1
7308,1
7309,3
7310,2
7311,3
7312,2
7313,1
7314,3
7315,3
7316,1
7317,1
7318,1
7319,3
7320,2
7321,3
7322,5
7323,3
7324,1
7325,1
7326,3
7327,1
7328,2
7329,2
7330,3
7331,1
7332,2
7333,2
7334,3
7335,3
7336,1
7337,3
7338,1
7339,2
7340,2
7341,2
7342,2
7343,3
7344,1
7345,1
7346,1
7347,3
7348,3
7349,1
7350,5
7351,1
7352,1
7353,1
7354,1
7355,1
7356,1
7357,3
7358,3
7359,3
7360,3
7361,3
7362,1
7363,2
7364,3
7365,4
7366,4
7367,3
7368,3
7369,2
7370,1
7371,2
7372,1
7373,1
7374,3
7375,3
7376,3
7377,3
7378,1
7379,1
7380,1
7381,1
7382,2
7383,3
7384,1
7385,3
7386,2
7387,5
7388,1
7389,1
7390,2
7391,2
7392,2
7393,1
7394,1
7395,5
7396,2
7397,1
7398,2
7399,1
7400,3
7401,2
7402,3
7403,3
7404,1
7405,3
7406,2
7407,3
7408,1
7409,5
7410,4
7411,2
7412,3
7413,1
7414,2
7415,3
7416,3
7417,2
7418,3
7419,3
7420,3
7421,1
7422,3
7423,3
7424,1
7425,1
7426,1
7427,1
7428,2
7429,2
7430,2
7431,1
7432,3
7433,2
7434,1
7435,3
7436,3
7437,2
7438,1
7439,3
7440,4
7441,3
7442,3
7443,3
7444,1
7445,3
7446,3
7447,3
7448,2
7449,2
7450,1
7451,1
7452,1
7453,1
7454,1
7455,1
7456,3
7457,3
7458,3
7459,1
7460,2
7461,3
7462,3
7463,1
7464,3
7465,3
7466,4
7467,2
7468,5
7469,1
7470,1
7471,2
7472,2
7473,4
7474,4
7475,3
7476,2
7477,3
7478,1
7479,3
7480,1
7481,2
7482,2
7483,3
7484,3
7485,2
7486,2
7487,2
7488,2
7489,3
7490,1
7491,3
7492,2
7493,1
7494,1
7495,1
7496,2
7497,2
7498,2
7499,3
7500,5
7501,5
7502,3
7503,1
7504,1
7505,3
7506,3
7507,5
7508,3
7509,2
7510,2
7511,2
7512,3
7513,1
7514,1
7515,1
7516,1
7517,1
7518,1
7519,3
7520,3
7521,3
7522,1
7523,1
7524,1
7525,4
7526,2
7527,3
7528,2
7529,2
7530,1
7531,2
7532,2
7533,2
7534,2
7535,1
7536,1
7537,2
7538,1
7539,1
7540,2
7541,1
7542,4
7543,3
7544,3
7545,2
7546,2
7547,2
7548,2
7549,1
7550,3
7551,2
7552,1
7553,1
7554,1
7555,1
7556,1
7557,3
7558,3
7559,3
7560,2
7561,3
7562,4
7563,3
7564,1
7565,3
7566,3
7567,4
7568,2
7569,1
7570,2
7571,1
7572,2
7573,1
7574,1
7575,3
7576,2
7577,3
7578,1
7579,3
7580,1
7581,3
7582,1
7583,3
7584,1
7585,1
7586,3
7587,1
7588,5
7589,1
7590,1
7591,3
7592,3
7593,2
7594,3
7595,1
7596,3
7597,1
7598,1
7599,2
7600,3
7601,2
7602,2
7603,1
7604,1
7605,3
7606,2
7607,1
7608,3
7609,5
7610,3
7611,1
7612,3
7613,1
7614,1
7615,1
7616,3
7617,3
7618,4
7619,1
7620,1
7621,1
7622,5
7623,3
7624,2
7625,3
7626,1
7627,3
7628,2
7629,3
7630,3
7631,2
7632,1
7633,1
7634,5
7635,2
7636,1
7637,2
7638,3
7639,2
7640,3
7641,3
7642,3
7643,3
7644,3
7645,3
7646,3
7647,2
7648,1
7649,3
7650,1
7651,2
7652,3
7653,2
7654,3
7655,2
7656,2
7657,4
7658,4
7659,4
7660,1
7661,1
7662,3
7663,1
7664,2
7665,3
7666,3
7667,3
7668,1
7669,3
7670,3
7671,2
7672,1
7673,1
7674,3
7675,3
7676,3
7677,1
7678,2
7679,3
7680,1
7681,3
7682,3
7683,1
7684,1
7685,1
7686,3
7687,3
7688,3
7689,4
7690,3
7691,2
7692,1
7693,1
7694,1
7695,3
7696,1
7697,5
7698,2
7699,2
7700,2
7701,3
7702,1
7703,1
7704,1
7705,3
7706,1
7707,3
7708,3
7709,3
7710,1
7711,3
7712,3
7713,3
7714,2
7715,1
7716,1
7717,3
7718,1
7719,1
7720,4
7721,3
7722,2
7723,3
7724,2
7725,1
7726,2
7727,3
7728,2
7729,3
7730,3
7731,2
7732,1
7733,3
7734,3
7735,1
7736,1
7737,2
7738,2
7739,2
7740,1
7741,2
7742,3
7743,2
7744,3
7745,1
7746,1
7747,3
7748,3
7749,3
7750,2
7751,1
7752,5
7753,5
7754,1
7755,3
7756,4
7757,1
7758,1
7759,3
7760,3
7761,2
7762,1
7763,1
7764,1
7765,2
7766,2
7767,3
7768,1
7769,1
7770,1
7771,2
7772,1
7773,3
7774,1
7775,1
7776,2
7777,3
7778,2
7779,3
7780,3
7781,3
7782,2
7783,2
7784,3
7785,3
7786,2
7787,3
7788,4
7789,3
7790,3
7791,1
7792,1
7793,1
7794,4
7795,3
7796,3
7797,1
7798,3
7799,2
7800,3
7801,1
7802,1
7803,2
7804,1
7805,1
7806,1
7807,3
7808,1
7809,5
7810,5
7811,1
7812,2
7813,2
7814,3
7815,3
7816,3
7817,3
7818,3
7819,3
7820,1
7821,1
7822,1
7823,2
7824,2
7825,1
7826,3
7827,1
7828,1
7829,3
7830,4
7831,3
7832,2
7833,2
7834,2
7835,2
7836,2
7837,3
7838,3
7839,1
7840,3
7841,1
7842,2
7843,3
7844,2
7845,3
7846,3
7847,1
7848,1
7849,3
7850,3
7851,3
7852,3
7853,1
7854,2
7855,1
7856,1
7857,3
7858,2
7859,1
7860,3
7861,2
7862,3
7863,1
7864,3
7865,3
7866,3
7867,1
7868,1
7869,1
7870,2
7871,1
7872,1
7873,3
7874,5
7875,5
7876,2
7877,3
7878,2
7879,3
7880,3
7881,3
7882,3
7883,3
7884,1
7885,3
7886,2
7887,2
7888,3
7889,1
7890,3
7891,3
7892,3
7893,3
7894,2
7895,3
7896,1
7897,2
7898,1
7899,1
7900,3
7901,3
7902,1
7903,3
7904,1
7905,1
7906,3
7907,3
7908,3
7909,1
7910,2
7911,1
7912,3
7913,3
7914,1
7915,3
7916,1
7917,2
7918,2
7919,2
7920,2
7921,3
7922,2
7923,1
7924,2
7925,3
7926,2
7927,2
7928,1
7929,1
7930,1
7931,4
7932,5
7933,2
7934,1
7935,5
7936,5
7937,1
7938,3
7939,3
7940,1
7941,5
7942,1
7943,3
7944,1
7945,5
7946,5
7947,1
7948,3
7949,3
7950,3
7951,1
7952,2
7953,2
7954,1
7955,3
7956,1
7957,3
7958,3
7959,3
7960,1
7961,3
7962,3
7963,2
7964,1
7965,3
7966,3
7967,3
7968,3
7969,3
7970,3
7971,2
7972,3
7973,1
7974,1
7975,3
7976,3
7977,3
7978,1
7979,3
7980,3
7981,1
7982,4
7983,4
7984,4
7985,1
7986,2
7987,2
7988,1
7989,1
7990,3
7991,1
7992,1
7993,5
7994,2
7995,2
7996,3
7997,2
7998,3
7999,3
8000,2
8001,3
8002,3
8003,4
8004,4
8005,1
8006,3
8007,1
8008,3
8009,2
8010,3
8011,1
8012,2
8013,2
8014,2
8015,5
8016,1
8017,3
8018,2
8019,3
8020,1
8021,2
8022,2
8023,2
8024,3
8025,1
8026,3
8027,2
8028,1
8029,3
8030,3
8031,2
8032,3
8033,1
8034,3
8035,1
8036,3
8037,2
8038,3
8039,3
8040,3
8041,1
8042,3
8043,2
8044,2
8045,2
8046,5
8047,5
8048,1
8049,1
8050,2
8051,1
8052,3
8053,3
8054,3
8055,2
8056,2
8057,3
8058,3
8059,2
8060,1
8061,2
8062,2
8063,4
8064,1
8065,1
8066,1
8067,2
8068,1
8069,3
8070,1
8071,4
8072,1
8073,1
8074,1
8075,5
8076,3
8077,3
8078,1
8079,3
8080,3
8081,3
8082,3
8083,1
8084,1
8085,3
8086,3
8087,1
8088,1
8089,3
8090,1
8091,3
8092,3
8093,1
8094,2
8095,3
8096,1
8097,2
8098,2
8099,3
8100,5
8101,3
8102,3
8103,2
8104,3
8105,2
8106,3
8107,1
8108,2
8109,2
8110,2
8111,2
8112,2
8113,1
8114,1
8115,2
8116,1
8117,1
8118,3
8119,3
8120,1
8121,2
8122,3
8123,3
8124,2
8125,2
8126,2
8127,3
8128,2
8129,2
8130,1
8131,3
8132,1
8133,2
8134,3
8135,3
8136,3
8137,2
8138,3
8139,2
8140,1
8141,2
8142,2
8143,3
8144,1
8145,1
8146,1
8147,1
8148,1
8149,3
8150,1
8151,1
8152,3
8153,3
8154,5
8155,3
8156,3
8157,1
8158,3
8159,2
8160,2
8161,1
8162,3
8163,3
8164,2
8165,2
8166,1
8167,2
8168,1
8169,1
8170,3
8171,5
8172,3
8173,1
8174,3
8175,3
8176,3
8177,1
8178,1
8179,1
8180,2
8181,3
8182,1
8183,3
8184,2
8185,2
8186,3
8187,3
8188,3
8189,1
8190,2
8191,3
8192,3
8193,2
8194,3
8195,3
8196,1
8197,2
8198,3
8199,1
8200,3
8201,3
8202,1
8203,1
8204,2
8205,2
8206,3
8207,3
8208,3
8209,3
8210,1
8211,1
8212,2
8213,3
8214,3
8215,1
8216,1
8217,5
8218,2
8219,2
8220,4
8221,1
8222,1
8223,1
8224,3
8225,2
8226,3
8227,3
8228,1
8229,1
8230,3
8231,3
8232,3
8233,1
8234,5
8235,4
8236,1
8237,2
8238,1
8239,1
8240,2
8241,1
8242,1
8243,2
8244,1
8245,1
8246,1
8247,1
8248,1
8249,3
8250,2
8251,2
8252,1
8253,3
8254,3
8255,1
8256,1
8257,1
8258,2
8259,3
8260,1
8261,1
8262,1
8263,2
8264,1
8265,2
8266,3
8267,3
8268,1
8269,3
8270,5
8271,1
8272,1
8273,1
8274,2
8275,3
8276,3
8277,2
8278,2
8279,2
8280,3
8281,5
8282,5
8283,3
8284,1
8285,1
8286,2
8287,1
8288,2
8289,2
8290,2
8291,3
8292,1
8293,1
8294,1
8295,3
8296,3
8297,1
8298,1
8299,3
8300,2
8301,2
8302,3
8303,1
8304,1
8305,1
8306,3
8307,3
8308,2
8309,1
8310,3
8311,2
8312,2
8313,2
8314,1
8315,1
8316,2
8317,3
8318,3
8319,3
8320,3
8321,1
8322,2
8323,1
8324,1
8325,1
8326,2
8327,2
8328,5
8329,2
8330,3
8331,3
8332,1
8333,2
8334,1
8335,3
8336,1
8337,1
8338,3
8339,5
8340,2
8341,1
8342,3
8343,1
8344,2
8345,1
8346,3
8347,2
8348,3
8349,1
8350,3
8351,1
8352,2
8353,4
8354,3
8355,2
8356,3
8357,2
8358,1
8359,1
8360,2
8361,3
8362,2
8363,1
8364,2
8365,1
8366,1
8367,2
8368,3
8369,1
8370,1
8371,1
8372,3
8373,1
8374,1
8375,1
8376,1
8377,1
8378,3
8379,1
8380,3
8381,1
8382,3
8383,2
8384,3
8385,3
8386,2
8387,1
8388,1
8389,1
8390,3
8391,3
8392,1
8393,3
8394,3
8395,1
8396,3
8397,1
8398,1
8399,3
8400,2
8401,3
8402,3
8403,1
8404,2
8405,2
8406,3
8407,3
8408,1
8409,5
8410,2
8411,2
8412,1
8413,3
8414,2
8415,2
8416,2
8417,2
8418,1
8419,1
8420,1
8421,1
8422,3
8423,5
8424,2
8425,1
8426,1
8427,4
8428,1
8429,1
8430,3
8431,3
8432,3
8433,2
8434,2
8435,1
8436,3
8437,1
8438,1
8439,1
8440,1
8441,1
8442,3
8443,3
8444,1
8445,3
8446,1
8447,5
8448,1
8449,1
8450,2
8451,1
8452,1
8453,1
8454,1
8455,1
8456,1
8457,2
8458,1
8459,3
8460,2
8461,1
8462,2
8463,3
8464,1
8465,3
8466,3
8467,3
8468,1
8469,1
8470,3
8471,3
8472,2
8473,3
8474,1
8475,1
8476,3
8477,3
8478,1
8479,1
8480,1
8481,3
8482,1
8483,2
8484,1
8485,1
8486,2
8487,3
8488,3
8489,3
8490,3
8491,2
8492,2
8493,2
8494,1
8495,1
8496,3
8497,1
8498,1
8499,3
8500,3
8501,1
8502,1
8503,3
8504,3
8505,1
8506,2
8507,2
8508,1
8509,5
8510,2
8511,3
8512,4
8513,2
8514,2
8515,3
8516,3
8517,1
8518,2
8519,3
8520,1
8521,1
8522,2
8523,3
8524,4
8525,1
8526,3
8527,3
8528,3
8529,3
8530,3
8531,5
8532,5
8533,4
8534,1
8535,1
8536,3
8537,2
8538,3
8539,4
8540,5
8541,4
8542,3
8543,4
8544,4
8545,2
8546,1
8547,5
8548,5
8549,1
8550,1
8551,3
8552,3
8553,1
8554,1
8555,3
8556,3
8557,2
8558,1
8559,2
8560,3
8561,2
8562,2
8563,3
8564,1
8565,2
8566,1
8567,3
8568,1
8569,1
8570,3
8571,1
8572,1
8573,4
8574,2
8575,4
8576,2
8577,3
8578,3
8579,1
8580,3
8581,2
8582,2
8583,1
8584,3
8585,4
8586,2
8587,2
8588,3
8589,5
8590,2
8591,3
8592,1
8593,1
8594,3
8595,3
8596,2
8597,3
8598,1
8599,2
8600,4
8601,1
8602,4
8603,3
8604,1
8605,2
8606,3
8607,3
8608,3
8609,3
8610,2
8611,3
8612,2
8613,2
8614,2
8615,2
8616,3
8617,1
8618,4
8619,4
8620,2
8621,3
8622,2
8623,2
8624,3
8625,1
8626,1
8627,4
8628,1
8629,1
8630,1
8631,2
8632,2
8633,1
8634,1
8635,1
8636,1
8637,2
8638,3
8639,2
8640,3
8641,5
8642,1
8643,1
8644,1
8645,2
8646,3
8647,2
8648,1
8649,3
8650,1
8651,1
8652,3
8653,3
8654,3
8655,2
8656,1
8657,2
8658,2
8659,2
8660,1
8661,4
8662,2
8663,5
8664,1
8665,2
8666,2
8667,1
8668,3
8669,3
8670,3
8671,3
8672,1
8673,4
8674,4
8675,4
8676,4
8677,4
8678,2
8679,2
8680,4
8681,4
8682,4
8683,2
8684,2
8685,1
8686,1
8687,2
8688,4
8689,4
8690,3
8691,1
8692,1
8693,1
8694,1
8695,3
8696,3
8697,1
8698,3
8699,3
8700,3
8701,3
8702,2
8703,1
8704,1
8705,3
8706,3
8707,3
8708,4
8709,3
8710,3
8711,2
8712,5
8713,1
8714,1
8715,3
8716,2
8717,3
8718,2
8719,3
8720,3
8721,2
8722,2
8723,2
8724,2
8725,3
8726,3
8727,1
8728,3
8729,2
8730,1
8731,3
8732,3
8733,1
8734,3
8735,1
8736,3
8737,1
8738,2
8739,3
8740,3
8741,3
8742,1
8743,1
8744,2
8745,1
8746,1
8747,1
8748,2
8749,3
8750,3
8751,3
8752,2
8753,1
8754,1
8755,3
8756,1
8757,1
8758,3
8759,1
8760,3
8761,3
8762,1
8763,3
8764,1
8765,2
8766,1
8767,2
8768,3
8769,2
8770,1
8771,3
8772,1
8773,1
8774,1
8775,3
8776,3
8777,3
8778,4
8779,2
8780,2
8781,1
8782,1
8783,3
8784,3
8785,1
8786,3
8787,3
8788,3
8789,1
8790,4
8791,3
8792,2
8793,3
8794,1
8795,2
8796,2
8797,3
8798,1
8799,3
8800,3
8801,2
8802,3
8803,3
8804,1
8805,1
8806,5
8807,1
8808,4
8809,4
8810,3
8811,1
8812,3
8813,1
8814,3
8815,2
8816,1
8817,1
8818,3
8819,1
8820,3
8821,1
8822,1
8823,3
8824,3
8825,1
8826,1
8827,1
8828,1
8829,1
8830,3
8831,2
8832,2
8833,1
8834,3
8835,1
8836,1
8837,4
8838,4
8839,3
8840,3
8841,3
8842,3
8843,4
8844,1
8845,5
8846,3
8847,3
8848,4
8849,1
8850,3
8851,3
8852,1
8853,2
8854,4
8855,2
8856,3
8857,1
8858,1
8859,3
8860,1
8861,2
8862,2
8863,1
8864,1
8865,3
8866,1
8867,4
8868,2
8869,2
8870,1
8871,1
8872,2
8873,2
8874,1
8875,1
8876,1
8877,1
8878,4
8879,3
8880,1
8881,2
8882,3
8883,3
8884,1
8885,1
8886,4
8887,3
8888,3
8889,3
8890,3
8891,5
8892,1
8893,2
8894,2
8895,3
8896,2
8897,3
8898,1
8899,4
8900,4
8901,2
8902,3
8903,5
8904,2
8905,1
8906,5
8907,1
8908,3
8909,2
8910,3
8911,3
8912,3
8913,3
8914,1
8915,3
8916,2
8917,2
8918,4
8919,2
8920,3
8921,2
8922,1
8923,3
8924,3
8925,1
8926,3
8927,3
8928,2
8929,1
8930,1
8931,2
8932,1
8933,1
8934,1
8935,2
8936,1
8937,1
8938,3
8939,2
8940,3
8941,3
8942,2
8943,3
8944,2
8945,1
8946,3
8947,1
8948,1
8949,3
8950,2
8951,2
8952,1
8953,2
8954,2
8955,2
8956,3
8957,2
8958,2
8959,1
8960,3
8961,3
8962,3
8963,3
8964,3
8965,3
8966,5
8967,5
8968,1
8969,3
8970,1
8971,1
8972,3
8973,1
8974,5
8975,4
8976,3
8977,3
8978,2
8979,2
8980,1
8981,1
8982,3
8983,5
8984,3
8985,3
8986,3
8987,2
8988,1
8989,1
8990,2
8991,2
8992,1
8993,3
8994,3
8995,4
8996,1
8997,1
8998,5
8999,1
9000,5
9001,4
9002,4
9003,1
9004,3
9005,1
9006,2
9007,1
9008,3
9009,1
9010,3
9011,3
9012,3
9013,1
9014,2
9015,3
9016,3
9017,2
9018,2
9019,3
9020,3
9021,1
9022,2
9023,3
9024,1
9025,1
9026,2
9027,3
9028,1
9029,3
9030,1
9031,1
9032,1
9033,3
9034,3
9035,1
9036,3
9037,1
9038,2
9039,2
9040,3
9041,2
9042,2
9043,2
9044,1
9045,2
9046,1
9047,3
9048,3
9049,2
9050,2
9051,2
9052,2
9053,2
9054,4
9055,5
9056,5
9057,1
9058,1
9059,1
9060,3
9061,1
9062,5
9063,2
9064,2
9065,3
9066,2
9067,2
9068,2
9069,3
9070,1
9071,2
9072,3
9073,3
9074,2
9075,5
9076,1
9077,2
9078,4
9079,2
9080,3
9081,1
9082,1
9083,3
9084,3
9085,3
9086,2
9087,2
9088,1
9089,2
9090,4
9091,3
9092,1
9093,1
9094,1
9095,1
9096,2
9097,4
9098,5
9099,1
9100,1
9101,2
9102,1
9103,1
9104,2
9105,3
9106,3
9107,5
9108,3
9109,1
9110,1
9111,4
9112,2
9113,1
9114,1
9115,2
9116,2
9117,2
9118,5
9119,5
9120,1
9121,5
9122,3
9123,1
9124,1
9125,5
9126,1
9127,1
9128,1
9129,1
9130,1
9131,1
9132,1
9133,2
9134,3
9135,1
9136,3
9137,3
9138,2
9139,2
9140,1
9141,2
9142,3
9143,3
9144,2
9145,3
9146,3
9147,3
9148,1
9149,4
9150,1
9151,3
9152,2
9153,5
9154,1
9155,1
9156,3
9157,4
9158,2
9159,2
9160,3
9161,1
9162,4
9163,4
9164,3
9165,3
9166,3
9167,3
9168,3
9169,2
9170,3
9171,3
9172,1
9173,1
9174,2
9175,2
9176,1
9177,3
9178,2
9179,3
9180,3
9181,1
9182,3
9183,1
9184,1
9185,3
9186,1
9187,4
9188,3
9189,3
9190,1
9191,4
9192,1
9193,5
9194,1
9195,3
9196,3
9197,3
9198,2
9199,3
9200,2
9201,1
9202,3
9203,3
9204,2
9205,5
9206,5
9207,1
9208,4
9209,1
9210,2
9211,2
9212,1
9213,1
9214,3
9215,3
9216,3
9217,2
9218,1
9219,2
9220,1
9221,3
9222,2
9223,2
9224,2
9225,4
9226,3
9227,1
9228,3
9229,2
9230,3
9231,1
9232,3
9233,3
9234,3
9235,3
9236,3
9237,3
9238,4
9239,2
9240,1
9241,1
9242,1
9243,5
9244,2
9245,1
9246,1
9247,3
9248,1
9249,2
9250,4
9251,4
9252,2
9253,2
9254,3
9255,3
9256,1
9257,1
9258,2
9259,1
9260,1
9261,1
9262,1
9263,5
9264,2
9265,5
9266,4
9267,3
9268,1
9269,2
9270,2
9271,2
9272,4
9273,3
9274,2
9275,1
9276,3
9277,1
9278,2
9279,1
9280,2
9281,2
9282,2
9283,2
9284,3
9285,1
9286,1
9287,3
9288,4
9289,2
9290,2
9291,3
9292,4
9293,2
9294,3
9295,2
9296,2
9297,4
9298,1
9299,2
9300,1
9301,1
9302,3
9303,1
9304,2
9305,2
9306,1
9307,3
9308,3
9309,1
9310,1
9311,4
9312,1
9313,1
9314,1
9315,2
9316,1
9317,1
9318,2
9319,2
9320,1
9321,3
9322,3
9323,3
9324,3
9325,3
9326,3
9327,3
9328,4
9329,2
9330,2
9331,1
9332,1
9333,4
9334,3
9335,3
9336,2
9337,3
9338,3
9339,2
9340,2
9341,3
9342,3
9343,3
9344,3
9345,1
9346,2
9347,1
9348,2
9349,1
9350,1
9351,1
9352,1
9353,1
9354,3
9355,3
9356,3
9357,3
9358,2
9359,3
9360,3
9361,3
9362,3
9363,3
9364,1
9365,5
9366,3
9367,3
9368,3
9369,3
9370,1
9371,1
9372,3
9373,2
9374,1
9375,1
9376,1
9377,1
9378,3
9379,2
9380,4
9381,2
9382,1
9383,1
9384,1
9385,1
9386,1
9387,3
9388,3
9389,3
9390,1
9391,2
9392,2
9393,4
9394,1
9395,4
9396,1
9397,1
9398,4
9399,2
9400,1
9401,2
9402,1
9403,3
9404,1
9405,3
9406,2
9407,3
9408,3
9409,1
9410,1
9411,3
9412,1
9413,2
9414,1
9415,5
9416,3
9417,4
9418,3
9419,3
9420,3
9421,1
9422,3
9423,3
9424,3
9425,3
9426,2
9427,2
9428,1
9429,2
9430,2
9431,3
9432,1
9433,1
9434,2
9435,1
9436,3
9437,2
9438,3
9439,2
9440,2
9441,3
9442,3
9443,1
9444,4
9445,2
9446,1
9447,1
9448,3
9449,1
9450,3
9451,3
9452,1
9453,1
9454,1
9455,1
9456,5
9457,5
9458,1
9459,2
9460,3
9461,3
9462,1
9463,1
9464,3
9465,2
9466,2
9467,5
9468,1
9469,2
9470,2
9471,2
9472,3
9473,1
9474,2
9475,1
9476,3
9477,1
9478,3
9479,3
9480,1
9481,3
9482,3
9483,3
9484,3
9485,3
9486,3
9487,3
9488,3
9489,3
9490,2
9491,2
9492,5
9493,1
9494,1
9495,2
9496,3
9497,2
9498,3
9499,2
9500,1
9501,2
9502,2
9503,3
9504,1
9505,4
9506,3
9507,3
9508,1
9509,1
9510,2
9511,1
9512,2
9513,2
9514,3
9515,2
9516,2
9517,1
9518,1
9519,2
9520,3
9521,2
9522,3
9523,2
9524,1
9525,1
9526,3
9527,1
9528,2
9529,3
9530,1
9531,2
9532,1
9533,2
9534,2
9535,2
9536,1
9537,3
9538,3
9539,2
9540,3
9541,1
9542,2
9543,3
9544,3
9545,3
9546,1
9547,1
9548,1
9549,3
9550,1
9551,1
9552,1
9553,1
9554,3
9555,3
9556,4
9557,4
9558,2
9559,3
9560,3
9561,1
9562,2
9563,4
9564,5
9565,2
9566,3
9567,1
9568,2
9569,1
9570,3
9571,1
9572,2
9573,1
9574,3
9575,2
9576,3
9577,2
9578,3
9579,2
9580,1
9581,3
9582,1
9583,3
9584,5
9585,3
9586,3
9587,3
9588,2
9589,2
9590,2
9591,1
9592,1
9593,3
9594,3
9595,1
9596,3
9597,3
9598,1
9599,3
9600,2
9601,3
9602,2
9603,2
9604,3
9605,5
9606,3
9607,3
9608,3
9609,3
9610,3
9611,2
9612,1
9613,2
9614,3
9615,3
9616,1
9617,2
9618,3
9619,3
9620,3
9621,1
9622,3
9623,3
9624,1
9625,2
9626,1
9627,3
9628,3
9629,3
9630,1
9631,1
9632,2
9633,2
9634,4
9635,2
9636,2
9637,1
9638,1
9639,1
9640,1
9641,1
9642,2
9643,1
9644,1
9645,3
9646,3
9647,1
9648,2
9649,5
9650,3
9651,1
9652,3
9653,3
9654,1
9655,3
9656,3
9657,3
9658,1
9659,3
9660,3
9661,2
9662,1
9663,1
9664,2
9665,1
9666,5
9667,3
9668,2
9669,1
9670,2
9671,3
9672,5
9673,3
9674,3
9675,3
9676,3
9677,3
9678,1
9679,4
9680,5
9681,3
9682,2
9683,3
9684,1
9685,3
9686,3
9687,1
9688,1
9689,1
9690,3
9691,2
9692,1
9693,3
9694,5
9695,1
9696,3
9697,1
9698,1
9699,1
9700,4
9701,3
9702,1
9703,1
9704,2
9705,1
9706,1
9707,2
9708,1
9709,3
9710,3
9711,2
9712,5
9713,1
9714,3
9715,2
9716,2
9717,1
9718,2
9719,2
9720,1
9721,2
9722,3
9723,3
9724,1
9725,1
9726,1
9727,1
9728,2
9729,2
9730,1
9731,3
9732,1
9733,3
9734,3
9735,2
9736,1
9737,1
9738,1
9739,1
9740,5
9741,1
9742,3
9743,1
9744,1
9745,1
9746,3
9747,2
9748,2
9749,2
9750,3
9751,1
9752,3
9753,1
9754,3
9755,1
9756,2
9757,3
9758,5
9759,3
9760,3
9761,1
9762,1
9763,1
9764,3
9765,4
9766,3
9767,3
9768,2
9769,2
9770,2
9771,3
9772,4
9773,4
9774,3
9775,5
9776,1
9777,3
9778,2
9779,1
9780,4
9781,4
9782,1
9783,1
9784,1
9785,3
9786,2
9787,2
9788,3
9789,3
9790,2
9791,1
9792,2
9793,4
9794,1
9795,3
9796,1
9797,1
9798,3
9799,3
9800,1
9801,1
9802,3
9803,2
9804,5
9805,1
9806,2
9807,2
9808,2
9809,3
9810,3
9811,3
9812,3
9813,1
9814,2
9815,3
9816,3
9817,1
9818,1
9819,3
9820,3
9821,3
9822,1
9823,1
9824,1
9825,3
9826,1
9827,2
9828,3
9829,5
9830,3
9831,3
9832,1
9833,1
9834,1
9835,2
9836,4
9837,3
9838,1
9839,1
9840,1
9841,3
9842,1
9843,2
9844,5
9845,2
9846,3
9847,3
9848,2
9849,1
9850,3
9851,3
9852,5
9853,3
9854,1
9855,1
9856,1
9857,2
9858,2
9859,1
9860,1
9861,1
9862,1
9863,1
9864,3
9865,1
9866,1
9867,3
9868,1
9869,5
9870,2
9871,1
9872,1
9873,1
9874,1
9875,3
9876,3
9877,3
9878,3
9879,2
9880,2
9881,3
9882,1
9883,1
9884,2
9885,1
9886,1
9887,1
9888,3
9889,3
9890,3
9891,2
9892,5
9893,3
9894,3
9895,1
9896,1
9897,1
9898,3
9899,1
9900,3
9901,1
9902,4
9903,2
9904,3
9905,3
9906,1
9907,2
9908,1
9909,3
9910,3
9911,2
9912,5
9913,5
9914,1
9915,1
9916,1
9917,2
9918,1
9919,3
9920,3
9921,1
9922,1
9923,3
9924,1
9925,1
9926,1
9927,3
9928,3
9929,3
9930,3
9931,3
9932,3
9933,3
9934,3
9935,1
9936,3
9937,5
9938,1
9939,1
9940,1
9941,3
9942,2
9943,2
9944,3
9945,3
9946,3
9947,3
9948,3
9949,2
9950,1
9951,4
9952,4
9953,5
9954,2
9955,1
9956,1
9957,3
9958,3
9959,2
9960,3
9961,3
9962,1
9963,3
9964,1
9965,3
9966,3
9967,3
9968,3
9969,2
9970,3
9971,1
9972,1
9973,1
9974,3
9975,1
9976,3
9977,5
9978,2
9979,1
9980,1
9981,2
9982,3
9983,1
9984,3
9985,1
9986,3
9987,1
9988,3
9989,2
9990,4
9991,3
9992,2
9993,3
9994,2
9995,1
9996,1
9997,3
9998,2
9999,1
10000,2
10001,1
10002,3
10003,3
10004,3
10005,1
10006,3
10007,2
10008,2
10009,2
10010,4
10011,4
10012,3
10013,3
10014,1
10015,3
10016,1
10017,3
10018,2
10019,1
10020,3
10021,3
10022,2
10023,1
10024,1
10025,3
10026,1
10027,3
10028,5
10029,3
10030,3
10031,3
10032,3
10033,3
10034,1
10035,3
10036,5
10037,2
10038,3
10039,1
10040,4
10041,1
10042,3
10043,1
10044,1
10045,3
10046,3
10047,3
10048,3
10049,3
10050,3
10051,3
10052,3
10053,3
10054,2
10055,5
10056,2
10057,3
10058,4
10059,4
10060,1
10061,1
10062,1
10063,3
10064,2
10065,1
10066,1
10067,1
10068,1
10069,1
10070,2
10071,2
10072,1
10073,1
10074,3
10075,4
10076,3
10077,2
10078,2
10079,2
10080,2
10081,3
10082,2
10083,3
10084,3
10085,4
10086,2
10087,2
10088,3
10089,2
10090,2
10091,2
10092,1
10093,3
10094,4
10095,3
10096,3
10097,3
10098,3
10099,3
10100,3
10101,3
10102,3
10103,3
10104,1
10105,1
10106,3
10107,3
10108,1
10109,3
10110,1
10111,1
10112,3
10113,3
10114,3
10115,3
10116,1
10117,3
10118,5
10119,3
10120,3
10121,2
10122,3
10123,1
10124,1
10125,1
10126,3
10127,2
10128,1
10129,1
10130,1
10131,1
10132,3
10133,2
10134,2
10135,2
10136,2
10137,3
10138,1
10139,1
10140,3
10141,1
10142,1
10143,2
10144,2
10145,2
10146,2
10147,1
10148,1
10149,1
10150,3
10151,3
10152,5
10153,2
10154,4
10155,2
10156,3
10157,1
10158,2
10159,3
10160,1
10161,3
10162,3
10163,1
10164,1
10165,1
10166,5
10167,5
10168,5
10169,2
10170,3
10171,1
10172,1
10173,1
10174,3
10175,1
10176,1
10177,1
10178,4
10179,3
10180,4
10181,3
10182,1
10183,3
10184,2
10185,1
10186,1
10187,1
10188,1
10189,3
10190,1
10191,1
10192,2
10193,1
10194,3
10195,3
10196,2
10197,2
10198,3
10199,2
10200,2
10201,2
10202,2
10203,1
10204,2
10205,2
10206,2
10207,2
10208,2
10209,3
10210,1
10211,1
10212,5
10213,5
10214,1
10215,1
10216,2
10217,3
10218,2
10219,1
10220,3
10221,1
10222,1
10223,3
10224,3
10225,2
10226,2
10227,2
10228,1
10229,1
10230,4
10231,3
10232,5
10233,1
10234,3
10235,1
10236,4
10237,1
10238,1
10239,2
10240,1
10241,3
10242,3
10243,3
10244,1
10245,2
10246,2
10247,1
10248,2
10249,5
10250,2
10251,1
10252,3
10253,3
10254,3
10255,4
10256,4
10257,3
10258,4
10259,1
10260,1
10261,3
10262,4
10263,1
10264,1
10265,3
10266,3
10267,2
10268,3
10269,5
10270,1
10271,3
10272,3
10273,5
10274,5
10275,3
10276,3
10277,4
10278,4
10279,3
10280,4
10281,4
10282,4
10283,4
10284,3
10285,1
10286,2
10287,2
10288,1
10289,2
10290,5
10291,2
10292,3
10293,1
10294,4
10295,1
10296,3
10297,1
10298,5
10299,1
10300,2
10301,3
10302,1
10303,5
10304,3
10305,3
10306,3
10307,4
10308,4
10309,3
10310,4
10311,3
10312,1
10313,2
10314,3
10315,1
10316,2
10317,2
10318,4
10319,5
10320,5
10321,5
10322,3
10323,5
10324,1
10325,3
10326,3
10327,3
10328,2
10329,2
10330,3
10331,1
10332,2
10333,3
10334,3
10335,3
10336,1
10337,1
10338,4
10339,1
10340,4
10341,2
10342,4
10343,4
10344,3
10345,2
10346,4
10347,3
10348,1
10349,3
10350,5
10351,2
10352,1
10353,3
10354,2
10355,3
10356,3
10357,3
10358,2
10359,2
10360,2
10361,3
10362,3
10363,1
10364,2
10365,1
10366,3
10367,3
10368,5
10369,3
10370,2
10371,2
10372,5
10373,2
10374,3
10375,2
10376,3
10377,4
10378,4
10379,1
10380,2
10381,2
10382,2
10383,2
10384,3
10385,3
10386,3
10387,3
10388,2
10389,2
10390,4
10391,1
10392,1
10393,3
10394,1
10395,3
10396,2
10397,2
10398,1
10399,1
10400,2
10401,3
10402,3
10403,3
10404,2
10405,2
10406,1
10407,1
10408,3
10409,3
10410,2
10411,1
10412,1
10413,3
10414,3
10415,3
10416,5
10417,2
10418,3
10419,2
10420,4
10421,5
10422,2
10423,2
10424,1
10425,3
10426,3
10427,3
10428,3
10429,3
10430,2
10431,1
10432,1
10433,1
10434,3
10435,4
10436,4
10437,3
10438,3
10439,1
10440,5
10441,2
10442,1
10443,3
10444,3
10445,1
10446,3
10447,5
10448,2
10449,1
10450,3
10451,1
10452,4
10453,3
10454,2
10455,1
10456,2
10457,1
10458,2
10459,2
10460,2
10461,2
10462,3
10463,3
10464,2
10465,2
10466,3
10467,1
10468,1
10469,1
10470,4
10471,1
10472,2
10473,1
10474,2
10475,2
10476,1
10477,3
10478,3
10479,3
10480,1
10481,3
10482,1
10483,5
10484,3
10485,2
10486,2
10487,3
10488,3
10489,5
10490,3
