ID,State_ID
1,1
2,1
3,2
4,1
5,3
6,4
7,3
8,2
9,2
10,4
11,1
12,1
13,4
14,3
15,1
16,1
17,1
18,3
19,1
20,1
21,1
22,3
23,4
24,4
25,4
26,1
27,3
28,3
29,3
30,4
31,3
32,2
33,1
34,1
35,1
36,1
37,3
38,4
39,1
40,1
41,1
42,3
43,4
44,1
45,3
46,3
47,1
48,1
49,1
50,1
51,1
52,1
53,3
54,3
55,1
56,3
57,1
58,3
59,1
60,3
61,4
62,3
63,4
64,1
65,1
66,1
67,3
68,3
69,1
70,3
71,1
72,3
73,1
74,5
75,3
76,1
77,1
78,3
79,1
80,1
81,3
82,3
83,1
84,3
85,4
86,1
87,4
88,4
89,3
90,5
91,5
92,5
93,5
94,1
95,1
96,1
97,1
98,5
99,5
100,3
101,5
102,1
103,3
104,1
105,3
106,3
107,1
108,1
109,5
110,3
111,3
112,3
113,4
114,3
115,1
116,3
117,6
118,5
119,1
120,1
121,1
122,2
123,1
124,1
125,3
126,1
127,4
128,1
129,3
130,3
131,1
132,3
133,3
134,1
135,1
136,1
137,3
138,3
139,1
140,1
141,1
142,5
143,5
144,3
145,3
146,1
147,3
148,3
149,4
150,1
151,1
152,3
153,5
154,1
155,4
156,4
157,3
158,5
159,3
160,1
161,3
162,3
163,1
164,1
165,1
166,1
167,5
168,5
169,5
170,3
171,3
172,1
173,3
174,1
175,3
176,1
177,2
178,6
179,4
180,1
181,1
182,5
183,1
184,1
185,1
186,3
187,5
188,3
189,3
190,3
191,3
192,5
193,3
194,1
195,3
196,3
197,3
198,1
199,3
200,1
201,3
202,4
203,1
204,3
205,5
206,3
207,1
208,4
209,1
210,4
211,3
212,3
213,4
214,4
215,1
216,3
217,5
218,1
219,1
220,3
221,5
222,3
223,4
224,3
225,1
226,1
227,5
228,1
229,4
230,1
231,3
232,5
233,3
234,6
235,4
236,1
237,5
238,3
239,5
240,3
241,5
242,5
243,1
244,5
245,4
246,3
247,3
248,3
249,1
250,1
251,1
252,2
253,4
254,1
255,4
256,1
257,3
258,3
259,3
260,1
261,1
262,1
263,1
264,1
265,1
266,1
267,1
268,5
269,5
270,1
271,3
272,2
273,1
274,1
275,5
276,3
277,3
278,1
279,5
280,5
281,5
282,1
283,5
284,3
285,5
286,1
287,1
288,3
289,1
290,1
291,2
292,5
293,1
294,4
295,4
296,5
297,3
298,3
299,5
300,5
301,3
302,3
303,5
304,1
305,5
306,3
307,3
308,5
309,5
310,1
311,3
312,1
313,3
314,1
315,3
316,5
317,1
318,1
319,1
320,5
321,5
322,1
323,1
324,3
325,3
326,3
327,5
328,5
329,5
330,3
331,3
332,3
333,3
334,2
335,1
336,1
337,3
338,1
339,1
340,1
341,3
342,5
343,5
344,3
345,1
346,4
347,1
348,5
349,1
350,5
351,1
352,4
353,2
354,1
355,1
356,3
357,2
358,5
359,1
360,1
361,5
362,5
363,5
364,1
365,3
366,5
367,3
368,5
369,3
370,5
371,4
372,5
373,3
374,3
375,3
376,5
377,3
378,5
379,3
380,4
381,5
382,3
383,4
384,2
385,3
386,5
387,5
388,1
389,4
390,5
391,5
392,4
393,3
394,5
395,3
396,3
397,3
398,4
399,3
400,4
401,3
402,2
403,2
404,5
405,5
406,3
407,1
408,7
409,1
410,1
411,1
412,1
413,2
414,1
415,1
416,4
417,3
418,5
419,1
420,5
421,5
422,1
423,1
424,7
425,1
426,3
427,2
428,2
429,5
430,3
431,3
432,3
433,5
434,1
435,1
436,1
437,2
438,1
439,5
440,5
441,5
442,5
443,1
444,1
445,1
446,3
447,1
448,1
449,1
450,3
451,3
452,1
453,3
454,3
455,3
456,4
457,1
458,5
459,5
460,3
461,3
462,4
463,3
464,4
465,1
466,5
467,5
468,3
469,1
470,5
471,7
472,3
473,1
474,1
475,1
476,5
477,5
478,3
479,5
480,3
481,3
482,5
483,1
484,5
485,3
486,1
487,3
488,1
489,1
490,5
491,5
492,1
493,5
494,5
495,5
496,5
497,3
498,3
499,3
500,5
501,4
502,1
503,1
504,1
505,5
506,5
507,3
508,3
509,4
510,1
511,4
512,3
513,3
514,3
515,5
516,3
517,5
518,4
519,1
520,1
521,1
522,1
523,3
524,3
525,3
526,3
527,3
528,3
529,5
530,3
531,1
532,5
533,3
534,3
535,3
536,1
537,1
538,3
539,5
540,4
541,4
542,5
543,4
544,3
545,1
546,1
547,1
548,3
549,1
550,3
551,3
552,1
553,5
554,5
555,3
556,3
557,1
558,3
559,1
560,6
561,4
562,5
563,1
564,5
565,5
566,3
567,5
568,1
569,1
570,1
571,5
572,3
573,1
574,3
575,4
576,4
577,1
578,5
579,1
580,1
581,3
582,5
583,1
584,3
585,5
586,5
587,4
588,5
589,3
590,3
591,3
592,1
593,5
594,5
595,5
596,1
597,1
598,1
599,1
600,1
601,3
602,3
603,3
604,5
605,3
606,5
607,1
608,5
609,1
610,3
611,3
612,1
613,5
614,5
615,5
616,1
617,1
618,3
619,5
620,2
621,4
622,1
623,1
624,1
625,1
626,1
627,1
628,1
629,5
630,1
631,3
632,3
633,5
634,3
635,3
636,5
637,4
638,5
639,4
640,1
641,1
642,5
643,5
644,5
645,3
646,1
647,5
648,5
649,1
650,5
651,1
652,2
653,5
654,1
655,3
656,3
657,3
658,1
659,1
660,2
661,4
662,3
663,1
664,3
665,1
666,3
667,1
668,1
669,1
670,1
671,4
672,5
673,1
674,1
675,1
676,3
677,1
678,3
679,3
680,1
681,5
682,5
683,1
684,1
685,1
686,3
687,3
688,5
689,1
690,3
691,3
692,5
693,6
694,5
695,3
696,3
697,1
698,1
699,3
700,1
701,3
702,3
703,4
704,4
705,4
706,5
707,5
708,1
709,1
710,1
711,1
712,2
713,5
714,5
715,5
716,1
717,1
718,1
719,5
720,1
721,5
722,3
723,4
724,1
725,3
726,3
727,1
728,1
729,1
730,6
731,1
732,4
733,3
734,4
735,3
736,3
737,2
738,5
739,4
740,1
741,1
742,5
743,1
744,5
745,3
746,5
747,2
748,1
749,1
750,3
751,5
752,5
753,5
754,1
755,3
756,3
757,3
758,5
759,3
760,1
761,2
762,1
763,4
764,5
765,5
766,3
767,5
768,5
769,1
770,5
771,1
772,3
773,3
774,3
775,5
776,1
777,1
778,4
779,5
780,1
781,1
782,5
783,4
784,4
785,5
786,5
787,1
788,3
789,5
790,3
791,3
792,3
793,3
794,5
795,3
796,3
797,5
798,1
799,1
800,3
801,5
802,3
803,4
804,5
805,5
806,1
807,1
808,5
809,1
810,4
811,5
812,5
813,5
814,1
815,1
816,3
817,3
818,3
819,6
820,5
821,5
822,1
823,4
824,4
825,4
826,3
827,1
828,4
829,3
830,1
831,1
832,5
833,5
834,5
835,5
836,4
837,5
838,5
839,3
840,1
841,3
842,3
843,5
844,3
845,4
846,1
847,3
848,5
849,3
850,3
851,4
852,1
853,1
854,1
855,1
856,5
857,3
858,3
859,5
860,3
861,4
862,1
863,5
864,5
865,1
866,1
867,1
868,5
869,5
870,3
871,1
872,3
873,1
874,3
875,3
876,5
877,5
878,3
879,1
880,3
881,5
882,5
883,3
884,4
885,3
886,3
887,1
888,1
889,1
890,3
891,3
892,5
893,3
894,5
895,1
896,4
897,3
898,1
899,5
900,1
901,1
902,3
903,4
904,1
905,3
906,3
907,1
908,1
909,1
910,3
911,1
912,5
913,1
914,1
915,1
916,3
917,3
918,3
919,1
920,1
921,1
922,5
923,3
924,1
925,1
926,5
927,1
928,1
929,2
930,1
931,5
932,5
933,2
934,4
935,5
936,4
937,5
938,3
939,5
940,5
941,3
942,3
943,5
944,3
945,1
946,5
947,1
948,1
949,3
950,5
951,5
952,1
953,1
954,3
955,3
956,4
957,3
958,1
959,5
960,5
961,1
962,5
963,1
964,5
965,3
966,1
967,1
968,3
969,1
970,3
971,5
972,1
973,3
974,1
975,3
976,1
977,1
978,5
979,1
980,4
981,5
982,6
983,4
984,4
985,3
986,2
987,3
988,2
989,1
990,1
991,1
992,1
993,5
994,3
995,1
996,5
997,5
998,3
999,1
1000,5
1001,1
1002,1
1003,5
1004,5
1005,3
1006,4
1007,5
1008,4
1009,5
1010,5
1011,3
1012,1
1013,1
1014,1
1015,1
1016,1
1017,1
1018,3
1019,1
1020,3
1021,3
1022,2
1023,5
1024,5
1025,3
1026,1
1027,4
1028,1
1029,1
1030,1
1031,1
1032,1
1033,3
1034,5
1035,4
1036,4
1037,5
1038,1
1039,5
1040,5
1041,4
1042,5
1043,4
1044,1
1045,3
1046,3
1047,1
1048,5
1049,2
1050,4
1051,5
1052,2
1053,3
1054,3
1055,5
1056,3
1057,1
1058,3
1059,4
1060,5
1061,1
1062,1
1063,5
1064,3
1065,5
1066,3
1067,3
1068,3
1069,1
1070,1
1071,1
1072,4
1073,1
1074,6
1075,1
1076,3
1077,3
1078,4
1079,1
1080,1
1081,1
1082,4
1083,1
1084,1
1085,1
1086,4
1087,7
1088,3
1089,3
1090,1
1091,1
1092,3
1093,4
1094,1
1095,1
1096,2
1097,3
1098,3
1099,3
1100,1
1101,1
1102,1
1103,4
1104,4
1105,1
1106,1
1107,3
1108,3
1109,1
1110,4
1111,1
1112,3
1113,4
1114,3
1115,4
1116,1
1117,1
1118,4
1119,1
1120,3
1121,1
1122,1
1123,1
1124,1
1125,1
1126,3
1127,1
1128,3
1129,3
1130,1
1131,3
1132,3
1133,1
1134,4
1135,1
1136,1
1137,3
1138,3
1139,3
1140,3
1141,1
1142,1
1143,1
1144,5
1145,5
1146,5
1147,5
1148,1
1149,5
1150,1
1151,1
1152,1
1153,3
1154,3
1155,1
1156,1
1157,5
1158,1
1159,5
1160,2
1161,5
1162,1
1163,1
1164,1
1165,3
1166,4
1167,2
1168,3
1169,5
1170,7
1171,5
1172,3
1173,3
1174,3
1175,3
1176,3
1177,3
1178,5
1179,5
1180,3
1181,5
1182,1
1183,5
1184,2
1185,1
1186,3
1187,1
1188,3
1189,3
1190,1
1191,1
1192,1
1193,2
1194,5
1195,5
1196,7
1197,7
1198,5
1199,4
1200,5
1201,5
1202,1
1203,1
1204,1
1205,1
1206,2
1207,4
1208,4
1209,4
1210,5
1211,4
1212,4
1213,5
1214,1
1215,1
1216,1
1217,1
1218,3
1219,4
1220,5
1221,3
1222,3
1223,3
1224,4
1225,5
1226,1
1227,3
1228,5
1229,3
1230,3
1231,3
1232,2
1233,5
1234,1
1235,1
1236,5
1237,1
1238,1
1239,1
1240,1
1241,1
1242,1
1243,3
1244,3
1245,1
1246,4
1247,4
1248,3
1249,4
1250,1
1251,1
1252,1
1253,3
1254,7
1255,1
1256,5
1257,1
1258,5
1259,3
1260,3
1261,3
1262,1
1263,5
1264,3
1265,7
1266,7
1267,3
1268,3
1269,5
1270,4
1271,1
1272,1
1273,1
1274,4
1275,3
1276,3
1277,5
1278,3
1279,5
1280,5
1281,1
1282,3
1283,1
1284,5
1285,3
1286,5
1287,1
1288,3
1289,3
1290,5
1291,5
1292,1
1293,1
1294,5
1295,4
1296,1
1297,4
1298,4
1299,5
1300,5
1301,5
1302,3
1303,3
1304,5
1305,1
1306,1
1307,3
1308,1
1309,4
1310,4
1311,5
1312,1
1313,1
1314,3
1315,1
1316,3
1317,5
1318,5
1319,5
1320,3
1321,1
1322,5
1323,3
1324,5
1325,1
1326,3
1327,1
1328,3
1329,1
1330,3
1331,5
1332,1
1333,1
1334,5
1335,5
1336,1
1337,1
1338,1
1339,1
1340,2
1341,1
1342,1
1343,3
1344,3
1345,3
1346,1
1347,5
1348,1
1349,1
1350,3
1351,3
1352,3
1353,1
1354,3
1355,3
1356,5
1357,1
1358,1
1359,1
1360,1
1361,1
1362,2
1363,3
1364,3
1365,3
1366,4
1367,5
1368,3
1369,5
1370,4
1371,3
1372,5
1373,3
1374,1
1375,4
1376,1
1377,5
1378,5
1379,5
1380,5
1381,3
1382,5
1383,7
1384,5
1385,5
1386,3
1387,1
1388,2
1389,5
1390,5
1391,3
1392,3
1393,1
1394,4
1395,5
1396,3
1397,3
1398,3
1399,5
1400,4
1401,1
1402,3
1403,1
1404,3
1405,1
1406,3
1407,1
1408,5
1409,5
1410,3
1411,3
1412,3
1413,3
1414,1
1415,4
1416,3
1417,3
1418,3
1419,1
1420,1
1421,3
1422,4
1423,3
1424,1
1425,5
1426,7
1427,1
1428,3
1429,1
1430,1
1431,3
1432,3
1433,5
1434,5
1435,5
1436,4
1437,4
1438,3
1439,5
1440,3
1441,5
1442,5
1443,1
1444,1
1445,5
1446,4
1447,3
1448,1
1449,1
1450,1
1451,4
1452,6
1453,1
1454,4
1455,1
1456,1
1457,1
1458,5
1459,5
1460,3
1461,4
1462,5
1463,1
1464,1
1465,1
1466,1
1467,5
1468,3
1469,3
1470,5
1471,2
1472,5
1473,3
1474,1
1475,1
1476,1
1477,5
1478,4
1479,3
1480,3
1481,3
1482,5
1483,1
1484,4
1485,1
1486,1
1487,3
1488,3
1489,5
1490,1
1491,3
1492,5
1493,1
1494,1
1495,3
1496,3
1497,5
1498,5
1499,1
1500,3
1501,5
1502,1
1503,3
1504,1
1505,5
1506,3
1507,5
1508,4
1509,7
1510,2
1511,1
1512,5
1513,3
1514,5
1515,1
1516,3
1517,5
1518,3
1519,3
1520,3
1521,3
1522,5
1523,3
1524,5
1525,3
1526,1
1527,5
1528,1
1529,2
1530,5
1531,3
1532,7
1533,3
1534,1
1535,1
1536,1
1537,3
1538,1
1539,1
1540,5
1541,1
1542,1
1543,3
1544,1
1545,3
1546,5
1547,2
1548,1
1549,3
1550,1
1551,1
1552,1
1553,1
1554,1
1555,1
1556,1
1557,1
1558,1
1559,1
1560,5
1561,1
1562,3
1563,3
1564,2
1565,1
1566,4
1567,5
1568,3
1569,5
1570,1
1571,1
1572,1
1573,1
1574,4
1575,3
1576,5
1577,1
1578,1
1579,5
1580,1
1581,3
1582,3
1583,3
1584,4
1585,3
1586,1
1587,3
1588,4
1589,4
1590,1
1591,3
1592,1
1593,5
1594,4
1595,3
1596,1
1597,3
1598,3
1599,5
1600,4
1601,5
1602,3
1603,3
1604,3
1605,5
1606,1
1607,3
1608,4
1609,3
1610,1
1611,2
1612,3
1613,5
1614,5
1615,1
1616,3
1617,3
1618,3
1619,1
1620,3
1621,1
1622,1
1623,3
1624,4
1625,4
1626,1
1627,1
1628,2
1629,3
1630,2
1631,4
1632,3
1633,3
1634,1
1635,3
1636,1
1637,5
1638,1
1639,1
1640,3
1641,3
1642,5
1643,3
1644,3
1645,4
1646,3
1647,1
1648,1
1649,1
1650,1
1651,1
1652,1
1653,1
1654,1
1655,2
1656,1
1657,1
1658,4
1659,1
1660,3
1661,4
1662,3
1663,1
1664,3
1665,1
1666,5
1667,1
1668,1
1669,5
1670,1
1671,5
1672,5
1673,3
1674,7
1675,1
1676,1
1677,1
1678,1
1679,1
1680,3
1681,4
1682,3
1683,2
1684,1
1685,1
1686,5
1687,5
1688,5
1689,3
1690,3
1691,3
1692,3
1693,4
1694,1
1695,3
1696,3
1697,1
1698,1
1699,3
1700,5
1701,5
1702,5
1703,5
1704,5
1705,1
1706,1
1707,3
1708,1
1709,5
1710,5
1711,3
1712,4
1713,1
1714,4
1715,1
1716,1
1717,1
1718,1
1719,3
1720,1
1721,1
1722,3
1723,1
1724,3
1725,3
1726,3
1727,3
1728,3
1729,1
1730,2
1731,4
1732,4
1733,1
1734,4
1735,5
1736,1
1737,3
1738,4
1739,1
1740,1
1741,3
1742,1
1743,1
1744,1
1745,3
1746,1
1747,1
1748,1
1749,3
1750,4
1751,4
1752,4
1753,1
1754,3
1755,4
1756,3
1757,5
1758,1
1759,4
1760,1
1761,3
1762,5
1763,5
1764,1
1765,1
1766,3
1767,3
1768,3
1769,1
1770,1
1771,1
1772,4
1773,5
1774,5
1775,1
1776,5
1777,1
1778,3
1779,5
1780,3
1781,1
1782,2
1783,5
1784,4
1785,7
1786,5
1787,5
1788,4
1789,1
1790,5
1791,1
1792,4
1793,3
1794,1
1795,1
1796,4
1797,3
1798,3
1799,1
1800,5
1801,1
1802,1
1803,4
1804,5
1805,2
1806,4
1807,4
1808,5
1809,3
1810,1
1811,1
1812,1
1813,1
1814,1
1815,7
1816,4
1817,4
1818,3
1819,2
1820,1
1821,3
1822,4
1823,3
1824,4
1825,3
1826,3
1827,5
1828,4
1829,1
1830,1
1831,4
1832,1
1833,1
1834,3
1835,3
1836,1
1837,3
1838,1
1839,3
1840,1
1841,5
1842,1
1843,1
1844,3
1845,1
1846,1
1847,5
1848,3
1849,1
1850,1
1851,1
1852,1
1853,2
1854,4
1855,1
1856,4
1857,1
1858,1
1859,5
1860,3
1861,5
1862,5
1863,5
1864,4
1865,1
1866,4
1867,4
1868,5
1869,3
1870,3
1871,4
1872,5
1873,5
1874,5
1875,5
1876,5
1877,5
1878,5
1879,2
1880,5
1881,5
1882,3
1883,5
1884,3
1885,4
1886,5
1887,1
1888,3
1889,3
1890,5
1891,5
1892,5
1893,3
1894,5
1895,5
1896,5
1897,5
1898,3
1899,1
1900,3
1901,3
1902,1
1903,4
1904,1
1905,3
1906,5
1907,1
1908,4
1909,4
1910,5
1911,1
1912,5
1913,3
1914,3
1915,5
1916,1
1917,1
1918,3
1919,3
1920,5
1921,3
1922,1
1923,5
1924,2
1925,1
1926,4
1927,3
1928,4
1929,1
1930,3
1931,3
1932,4
1933,7
1934,4
1935,5
1936,5
1937,3
1938,3
1939,5
1940,5
1941,1
1942,1
1943,1
1944,5
1945,2
1946,6
1947,5
1948,5
1949,5
1950,4
1951,1
1952,1
1953,1
1954,1
1955,5
1956,3
1957,3
1958,3
1959,5
1960,5
1961,2
1962,3
1963,1
1964,1
1965,4
1966,4
1967,4
1968,3
1969,5
1970,5
1971,5
1972,5
1973,5
1974,3
1975,5
1976,1
1977,1
1978,1
1979,1
1980,1
1981,1
1982,3
1983,3
1984,3
1985,1
1986,1
1987,1
1988,4
1989,1
1990,1
1991,1
1992,4
1993,3
1994,3
1995,3
1996,1
1997,3
1998,3
1999,3
2000,1
2001,3
2002,3
2003,2
2004,3
2005,3
2006,4
2007,3
2008,7
2009,1
2010,3
2011,3
2012,3
2013,1
2014,1
2015,1
2016,3
2017,3
2018,1
2019,3
2020,1
2021,1
2022,3
2023,1
2024,1
2025,4
2026,4
2027,4
2028,1
2029,1
2030,3
2031,1
2032,3
2033,3
2034,3
2035,1
2036,3
2037,4
2038,3
2039,4
2040,5
2041,1
2042,5
2043,2
2044,3
2045,5
2046,4
2047,1
2048,5
2049,3
2050,4
2051,5
2052,3
2053,1
2054,1
2055,2
2056,1
2057,3
2058,5
2059,3
2060,5
2061,5
2062,3
2063,3
2064,3
2065,1
2066,1
2067,3
2068,3
2069,1
2070,3
2071,2
2072,1
2073,5
2074,4
2075,3
2076,1
2077,1
2078,3
2079,3
2080,3
2081,1
2082,5
2083,1
2084,3
2085,3
2086,5
2087,1
2088,5
2089,3
2090,5
2091,1
2092,1
2093,1
2094,1
2095,5
2096,3
2097,3
2098,3
2099,5
2100,3
2101,5
2102,7
2103,3
2104,3
2105,3
2106,1
2107,5
2108,1
2109,2
2110,1
2111,4
2112,5
2113,1
2114,3
2115,1
2116,4
2117,3
2118,3
2119,5
2120,1
2121,3
2122,5
2123,2
2124,2
2125,7
2126,3
2127,3
2128,7
2129,5
2130,5
2131,3
2132,1
2133,5
2134,4
2135,1
2136,5
2137,1
2138,1
2139,1
2140,3
2141,1
2142,5
2143,2
2144,1
2145,5
2146,5
2147,1
2148,2
2149,1
2150,5
2151,6
2152,5
2153,1
2154,3
2155,3
2156,6
2157,6
2158,3
2159,4
2160,5
2161,3
2162,1
2163,6
2164,6
2165,6
2166,1
2167,1
2168,3
2169,3
2170,3
2171,1
2172,1
2173,5
2174,5
2175,3
2176,4
2177,1
2178,1
2179,5
2180,5
2181,3
2182,3
2183,5
2184,1
2185,3
2186,5
2187,5
2188,1
2189,3
2190,1
2191,2
2192,3
2193,1
2194,2
2195,3
2196,3
2197,1
2198,1
2199,1
2200,5
2201,3
2202,1
2203,1
2204,1
2205,5
2206,1
2207,3
2208,5
2209,4
2210,3
2211,2
2212,1
2213,1
2214,3
2215,3
2216,5
2217,1
2218,3
2219,5
2220,3
2221,3
2222,1
2223,1
2224,5
2225,4
2226,5
2227,3
2228,1
2229,4
2230,5
2231,5
2232,7
2233,1
2234,3
2235,5
2236,1
2237,5
2238,1
2239,3
2240,1
2241,1
2242,2
2243,1
2244,5
2245,3
2246,5
2247,5
2248,5
2249,5
2250,3
2251,5
2252,1
2253,4
2254,3
2255,3
2256,1
2257,5
2258,1
2259,1
2260,5
2261,5
2262,5
2263,1
2264,5
2265,3
2266,5
2267,1
2268,5
2269,3
2270,1
2271,1
2272,1
2273,1
2274,1
2275,1
2276,4
2277,5
2278,4
2279,4
2280,3
2281,1
2282,3
2283,3
2284,3
2285,5
2286,5
2287,3
2288,3
2289,3
2290,1
2291,1
2292,1
2293,5
2294,1
2295,5
2296,5
2297,3
2298,5
2299,3
2300,5
2301,6
2302,7
2303,7
2304,1
2305,1
2306,2
2307,3
2308,7
2309,3
2310,4
2311,5
2312,3
2313,2
2314,2
2315,2
2316,5
2317,1
2318,3
2319,4
2320,3
2321,3
2322,1
2323,3
2324,1
2325,1
2326,3
2327,5
2328,4
2329,3
2330,7
2331,5
2332,7
2333,3
2334,4
2335,1
2336,5
2337,4
2338,1
2339,3
2340,5
2341,7
2342,7
2343,3
2344,5
2345,1
2346,5
2347,1
2348,3
2349,5
2350,5
2351,3
2352,3
2353,3
2354,3
2355,3
2356,5
2357,3
2358,5
2359,1
2360,5
2361,3
2362,3
2363,3
2364,3
2365,1
2366,4
2367,5
2368,2
2369,3
2370,5
2371,7
2372,7
2373,4
2374,5
2375,5
2376,7
2377,5
2378,1
2379,4
2380,3
2381,3
2382,5
2383,1
2384,5
2385,1
2386,4
2387,3
2388,5
2389,1
2390,2
2391,5
2392,1
2393,5
2394,5
2395,3
2396,3
2397,3
2398,3
2399,1
2400,3
2401,7
2402,1
2403,3
2404,5
2405,5
2406,1
2407,3
2408,3
2409,3
2410,2
2411,3
2412,5
2413,4
2414,5
2415,5
2416,5
2417,3
2418,3
2419,1
2420,5
2421,5
2422,1
2423,5
2424,1
2425,2
2426,3
2427,5
2428,1
2429,3
2430,3
2431,5
2432,1
2433,1
2434,7
2435,5
2436,5
2437,2
2438,3
2439,3
2440,3
2441,1
2442,5
2443,7
2444,3
2445,3
2446,5
2447,4
2448,3
2449,7
2450,1
2451,1
2452,1
2453,5
2454,1
2455,3
2456,6
2457,5
2458,5
2459,4
2460,4
2461,1
2462,1
2463,3
2464,7
2465,5
2466,5
2467,5
2468,5
2469,3
2470,5
2471,5
2472,5
2473,3
2474,3
2475,1
2476,1
2477,3
2478,1
2479,3
2480,4
2481,5
2482,5
2483,3
2484,5
2485,3
2486,1
2487,1
2488,3
2489,2
2490,2
2491,7
2492,4
2493,5
2494,3
2495,3
2496,1
2497,1
2498,5
2499,3
2500,1
2501,1
2502,1
2503,3
2504,3
2505,3
2506,7
2507,5
2508,1
2509,2
2510,3
2511,3
2512,3
2513,3
2514,6
2515,3
2516,2
2517,3
2518,5
2519,5
2520,1
2521,2
2522,1
2523,5
2524,3
2525,3
2526,1
2527,7
2528,3
2529,6
2530,3
2531,4
2532,5
2533,3
2534,3
2535,3
2536,1
2537,5
2538,6
2539,3
2540,1
2541,3
2542,3
2543,3
2544,3
2545,3
2546,3
2547,1
2548,1
2549,3
2550,4
2551,4
2552,1
2553,1
2554,5
2555,3
2556,3
2557,1
2558,3
2559,3
2560,3
2561,5
2562,1
2563,3
2564,2
2565,1
2566,5
2567,2
2568,1
2569,6
2570,5
2571,3
2572,1
2573,1
2574,3
2575,2
2576,2
2577,3
2578,5
2579,4
2580,7
2581,3
2582,3
2583,3
2584,4
2585,1
2586,1
2587,1
2588,4
2589,4
2590,5
2591,1
2592,5
2593,1
2594,7
2595,3
2596,1
2597,7
2598,6
2599,1
2600,1
2601,3
2602,5
2603,4
2604,5
2605,4
2606,1
2607,5
2608,5
2609,1
2610,5
2611,5
2612,2
2613,1
2614,3
2615,3
2616,1
2617,2
2618,5
2619,1
2620,3
2621,1
2622,1
2623,1
2624,1
2625,3
2626,1
2627,1
2628,2
2629,4
2630,1
2631,5
2632,1
2633,7
2634,5
2635,1
2636,7
2637,6
2638,3
2639,5
2640,5
2641,2
2642,3
2643,3
2644,3
2645,4
2646,5
2647,3
2648,3
2649,1
2650,1
2651,4
2652,1
2653,1
2654,5
2655,1
2656,3
2657,3
2658,2
2659,2
2660,2
2661,1
2662,4
2663,7
2664,5
2665,4
2666,5
2667,5
2668,4
2669,1
2670,5
2671,1
2672,1
2673,5
2674,1
2675,3
2676,3
2677,3
2678,3
2679,4
2680,5
2681,2
2682,1
2683,1
2684,1
2685,4
2686,1
2687,5
2688,5
2689,3
2690,2
2691,2
2692,5
2693,5
2694,1
2695,3
2696,3
2697,1
2698,3
2699,4
2700,1
2701,3
2702,5
2703,3
2704,7
2705,5
2706,5
2707,3
2708,1
2709,1
2710,7
2711,4
2712,7
2713,1
2714,1
2715,1
2716,3
2717,1
2718,5
2719,1
2720,3
2721,4
2722,3
2723,3
2724,1
2725,1
2726,5
2727,3
2728,3
2729,1
2730,1
2731,4
2732,5
2733,3
2734,3
2735,1
2736,5
2737,1
2738,1
2739,3
2740,2
2741,1
2742,1
2743,3
2744,2
2745,3
2746,1
2747,1
2748,5
2749,1
2750,5
2751,2
2752,3
2753,3
2754,5
2755,3
2756,1
2757,1
2758,3
2759,1
2760,7
2761,3
2762,5
2763,5
2764,5
2765,3
2766,3
2767,3
2768,3
2769,3
2770,3
2771,1
2772,3
2773,1
2774,5
2775,1
2776,3
2777,5
2778,5
2779,1
2780,3
2781,5
2782,3
2783,3
2784,5
2785,1
2786,1
2787,7
2788,7
2789,7
2790,7
2791,1
2792,1
2793,4
2794,5
2795,1
2796,7
2797,4
2798,3
2799,5
2800,3
2801,3
2802,1
2803,1
2804,4
2805,4
2806,3
2807,4
2808,1
2809,5
2810,5
2811,3
2812,1
2813,1
2814,5
2815,1
2816,3
2817,3
2818,5
2819,6
2820,2
2821,3
2822,5
2823,1
2824,3
2825,2
2826,1
2827,5
2828,1
2829,1
2830,4
2831,3
2832,5
2833,2
2834,5
2835,3
2836,3
2837,4
2838,1
2839,3
2840,5
2841,5
2842,1
2843,1
2844,3
2845,1
2846,7
2847,3
2848,3
2849,3
2850,5
2851,5
2852,3
2853,3
2854,3
2855,3
2856,1
2857,5
2858,4
2859,1
2860,3
2861,3
2862,1
2863,3
2864,3
2865,1
2866,3
2867,3
2868,1
2869,5
2870,3
2871,4
2872,5
2873,5
2874,4
2875,1
2876,3
2877,3
2878,1
2879,1
2880,5
2881,3
2882,5
2883,5
2884,3
2885,3
2886,5
2887,5
2888,1
2889,5
2890,1
2891,1
2892,1
2893,1
2894,3
2895,1
2896,1
2897,3
2898,3
2899,1
2900,3
2901,5
2902,5
2903,1
2904,5
2905,1
2906,5
2907,3
2908,2
2909,1
2910,3
2911,5
2912,1
2913,1
2914,5
2915,3
2916,1
2917,7
2918,5
2919,1
2920,2
2921,5
2922,1
2923,7
2924,4
2925,1
2926,3
2927,5
2928,3
2929,1
2930,5
2931,1
2932,7
2933,1
2934,1
2935,5
2936,4
2937,5
2938,6
2939,5
2940,2
2941,3
2942,5
2943,8
2944,3
2945,5
2946,5
2947,1
2948,5
2949,1
2950,5
2951,7
2952,2
2953,5
2954,3
2955,5
2956,1
2957,7
2958,3
2959,7
2960,7
2961,3
2962,1
2963,5
2964,5
2965,3
2966,5
2967,4
2968,1
2969,1
2970,1
2971,4
2972,1
2973,8
2974,1
2975,1
2976,8
2977,5
2978,5
2979,4
2980,3
2981,1
2982,4
2983,3
2984,7
2985,1
2986,8
2987,1
2988,1
2989,1
2990,3
2991,3
2992,1
2993,1
2994,5
2995,5
2996,5
2997,3
2998,5
2999,8
3000,8
3001,8
3002,2
3003,1
3004,2
3005,1
3006,1
3007,4
3008,1
3009,4
3010,1
3011,5
3012,5
3013,5
3014,1
3015,1
3016,8
3017,4
3018,8
3019,3
3020,1
3021,1
3022,1
3023,1
3024,8
3025,8
3026,1
3027,1
3028,3
3029,1
3030,5
3031,3
3032,2
3033,1
3034,1
3035,5
3036,3
3037,5
3038,3
3039,1
3040,1
3041,3
3042,5
3043,1
3044,5
3045,1
3046,5
3047,1
3048,3
3049,1
3050,8
3051,8
3052,5
3053,4
3054,1
3055,1
3056,1
3057,3
3058,7
3059,3
3060,3
3061,3
3062,4
3063,8
3064,8
3065,2
3066,4
3067,1
3068,5
3069,3
3070,5
3071,5
3072,5
3073,4
3074,8
3075,4
3076,1
3077,5
3078,5
3079,3
3080,8
3081,5
3082,1
3083,5
3084,1
3085,1
3086,5
3087,5
3088,4
3089,3
3090,1
3091,1
3092,3
3093,3
3094,3
3095,5
3096,5
3097,1
3098,4
3099,5
3100,5
3101,3
3102,1
3103,4
3104,4
3105,3
3106,3
3107,5
3108,8
3109,3
3110,1
3111,3
3112,1
3113,3
3114,5
3115,3
3116,1
3117,5
3118,8
3119,8
3120,3
3121,5
3122,8
3123,2
3124,8
3125,8
3126,3
3127,5
3128,4
3129,1
3130,1
3131,3
3132,5
3133,5
3134,8
3135,8
3136,5
3137,5
3138,8
3139,5
3140,3
3141,3
3142,3
3143,3
3144,1
3145,3
3146,1
3147,3
3148,1
3149,1
3150,3
3151,3
3152,4
3153,1
3154,1
3155,1
3156,8
3157,3
3158,3
3159,5
3160,7
3161,3
3162,4
3163,1
3164,1
3165,3
3166,4
3167,3
3168,3
3169,4
3170,1
3171,5
3172,1
3173,8
3174,3
3175,1
3176,2
3177,1
3178,1
3179,1
3180,1
3181,5
3182,8
3183,5
3184,3
3185,3
3186,5
3187,3
3188,1
3189,3
3190,3
3191,3
3192,4
3193,4
3194,8
3195,3
3196,5
3197,8
3198,1
3199,5
3200,3
3201,3
3202,3
3203,4
3204,3
3205,1
3206,5
3207,1
3208,5
3209,3
3210,3
3211,3
3212,8
3213,1
3214,1
3215,1
3216,8
3217,3
3218,7
3219,1
3220,7
3221,3
3222,3
3223,5
3224,3
3225,4
3226,4
3227,5
3228,8
3229,5
3230,5
3231,4
3232,1
3233,4
3234,5
3235,8
3236,3
3237,2
3238,3
3239,3
3240,5
3241,1
3242,1
3243,1
3244,5
3245,8
3246,3
3247,5
3248,4
3249,1
3250,8
3251,5
3252,5
3253,5
3254,7
3255,5
3256,1
3257,3
3258,3
3259,5
3260,1
3261,8
3262,3
3263,5
3264,8
3265,8
3266,8
3267,3
3268,8
3269,1
3270,3
3271,8
3272,2
3273,8
3274,5
3275,1
3276,8
3277,3
3278,5
3279,5
3280,5
3281,5
3282,4
3283,8
3284,8
3285,1
3286,8
3287,5
3288,5
3289,2
3290,1
3291,5
3292,1
3293,1
3294,1
3295,1
3296,3
3297,4
3298,4
3299,4
3300,8
3301,3
3302,8
3303,1
3304,3
3305,3
3306,3
3307,3
3308,1
3309,1
3310,3
3311,5
3312,5
3313,5
3314,5
3315,3
3316,8
3317,2
3318,2
3319,7
3320,1
3321,1
3322,8
3323,1
3324,8
3325,3
3326,3
3327,3
3328,8
3329,5
3330,3
3331,3
3332,1
3333,1
3334,3
3335,3
3336,3
3337,3
3338,1
3339,8
3340,3
3341,3
3342,1
3343,1
3344,7
3345,2
3346,8
3347,3
3348,5
3349,5
3350,2
3351,8
3352,3
3353,4
3354,5
3355,5
3356,3
3357,3
3358,5
3359,1
3360,3
3361,4
3362,4
3363,5
3364,5
3365,3
3366,7
3367,3
3368,3
3369,5
3370,1
3371,1
3372,2
3373,4
3374,5
3375,1
3376,3
3377,5
3378,1
3379,1
3380,8
3381,5
3382,8
3383,2
3384,1
3385,3
3386,3
3387,3
3388,5
3389,3
3390,5
3391,5
3392,5
3393,8
3394,3
3395,3
3396,3
3397,1
3398,5
3399,1
3400,8
3401,3
3402,3
3403,4
3404,3
3405,5
3406,8
3407,8
3408,4
3409,2
3410,2
3411,3
3412,1
3413,3
3414,5
3415,2
3416,8
3417,3
3418,3
3419,1
3420,7
3421,1
3422,8
3423,4
3424,8
3425,5
3426,3
3427,5
3428,4
3429,1
3430,8
3431,5
3432,3
3433,3
3434,3
3435,5
3436,5
3437,1
3438,5
3439,7
3440,3
3441,3
3442,2
3443,2
3444,8
3445,1
3446,5
3447,7
3448,3
3449,3
3450,3
3451,8
3452,5
3453,3
3454,3
3455,1
3456,1
3457,7
3458,4
3459,5
3460,2
3461,1
3462,1
3463,5
3464,3
3465,1
3466,5
3467,5
3468,3
3469,1
3470,5
3471,8
3472,3
3473,3
3474,3
3475,4
3476,8
3477,4
3478,1
3479,3
3480,1
3481,4
3482,4
3483,1
3484,7
3485,3
3486,1
3487,5
3488,3
3489,4
3490,1
3491,7
3492,1
3493,6
3494,5
3495,1
3496,3
3497,3
3498,5
3499,3
3500,5
3501,5
3502,1
3503,1
3504,3
3505,3
3506,1
3507,1
3508,4
3509,3
3510,1
3511,1
3512,5
3513,1
3514,1
3515,5
3516,4
3517,1
3518,8
3519,7
3520,4
3521,5
3522,1
3523,1
3524,5
3525,3
3526,1
3527,3
3528,3
3529,3
3530,5
3531,4
3532,1
3533,3
3534,1
3535,2
3536,5
3537,1
3538,4
3539,7
3540,1
3541,8
3542,3
3543,5
3544,5
3545,8
3546,5
3547,1
3548,1
3549,8
3550,3
3551,3
3552,3
3553,8
3554,4
3555,3
3556,3
3557,8
3558,3
3559,1
3560,5
3561,3
3562,5
3563,5
3564,8
3565,1
3566,8
3567,8
3568,1
3569,1
3570,1
3571,5
3572,5
3573,5
3574,3
3575,8
3576,1
3577,3
3578,7
3579,3
3580,4
3581,1
3582,3
3583,8
3584,1
3585,1
3586,8
3587,8
3588,8
3589,3
3590,3
3591,1
3592,3
3593,7
3594,3
3595,8
3596,3
3597,5
3598,4
3599,3
3600,3
3601,1
3602,2
3603,3
3604,7
3605,5
3606,1
3607,1
3608,1
3609,5
3610,3
3611,8
3612,1
3613,1
3614,5
3615,1
3616,7
3617,4
3618,1
3619,1
3620,1
3621,2
3622,8
3623,8
3624,1
3625,7
3626,8
3627,1
3628,8
3629,8
3630,3
3631,3
3632,4
3633,8
3634,4
3635,1
3636,5
3637,3
3638,8
3639,8
3640,5
3641,3
3642,5
3643,8
3644,1
3645,3
3646,2
3647,5
3648,5
3649,1
3650,5
3651,3
3652,1
3653,8
3654,4
3655,1
3656,3
3657,5
3658,8
3659,5
3660,5
3661,5
3662,1
3663,3
3664,5
3665,2
3666,1
3667,5
3668,5
3669,7
3670,8
3671,4
3672,2
3673,1
3674,3
3675,8
3676,3
3677,3
3678,5
3679,8
3680,4
3681,5
3682,4
3683,1
3684,1
3685,1
3686,5
3687,5
3688,1
3689,8
3690,3
3691,4
3692,1
3693,5
3694,3
3695,1
3696,8
3697,5
3698,8
3699,8
3700,1
3701,5
3702,3
3703,1
3704,1
3705,2
3706,3
3707,8
3708,8
3709,3
3710,3
3711,1
3712,1
3713,3
3714,3
3715,5
3716,1
3717,4
3718,3
3719,4
3720,2
3721,5
3722,1
3723,1
3724,1
3725,1
3726,8
3727,4
3728,2
3729,5
3730,2
3731,1
3732,1
3733,1
3734,1
3735,8
3736,1
3737,5
3738,3
3739,4
3740,3
3741,6
3742,1
3743,1
3744,3
3745,7
3746,3
3747,1
3748,4
3749,5
3750,1
3751,4
3752,3
3753,8
3754,3
3755,5
3756,1
3757,1
3758,6
3759,3
3760,3
3761,1
3762,1
3763,1
3764,3
3765,3
3766,3
3767,5
3768,3
3769,3
3770,1
3771,3
3772,4
3773,4
3774,5
3775,3
3776,3
3777,7
3778,5
3779,5
3780,5
3781,5
3782,3
3783,4
3784,4
3785,3
3786,5
3787,4
3788,5
3789,3
3790,3
3791,5
3792,1
3793,8
3794,1
3795,8
3796,3
3797,5
3798,5
3799,8
3800,5
3801,3
3802,3
3803,5
3804,3
3805,3
3806,3
3807,4
3808,1
3809,4
3810,5
3811,5
3812,7
3813,5
3814,8
3815,5
3816,4
3817,1
3818,5
3819,8
3820,4
3821,3
3822,5
3823,1
3824,8
3825,3
3826,1
3827,4
3828,5
3829,1
3830,1
3831,8
3832,3
3833,8
3834,1
3835,1
3836,1
3837,3
3838,3
3839,3
3840,4
3841,5
3842,5
3843,1
3844,3
3845,3
3846,1
3847,3
3848,1
3849,3
3850,3
3851,1
3852,4
3853,5
3854,8
3855,3
3856,8
3857,3
3858,3
3859,4
3860,3
3861,1
3862,5
3863,1
3864,3
3865,3
3866,1
3867,5
3868,8
3869,1
3870,5
3871,5
3872,1
3873,8
3874,3
3875,4
3876,3
3877,5
3878,1
3879,5
3880,1
3881,3
3882,5
3883,1
3884,8
3885,1
3886,1
3887,1
3888,2
3889,1
3890,1
3891,5
3892,3
3893,3
3894,3
3895,5
3896,1
3897,4
3898,5
3899,8
3900,5
3901,5
3902,3
3903,3
3904,1
3905,4
3906,5
3907,6
3908,5
3909,1
3910,3
3911,3
3912,5
3913,1
3914,1
3915,4
3916,1
3917,1
3918,1
3919,5
3920,5
3921,8
3922,3
3923,1
3924,5
3925,3
3926,3
3927,3
3928,8
3929,4
3930,4
3931,3
3932,1
3933,4
3934,7
3935,3
3936,1
3937,8
3938,4
3939,8
3940,3
3941,5
3942,1
3943,8
3944,1
3945,7
3946,1
3947,5
3948,3
3949,1
3950,4
3951,3
3952,1
3953,4
3954,1
3955,3
3956,2
3957,8
3958,5
3959,3
3960,5
3961,7
3962,8
3963,8
3964,8
3965,3
3966,5
3967,1
3968,5
3969,5
3970,3
3971,8
3972,4
3973,5
3974,3
3975,3
3976,8
3977,1
3978,1
3979,3
3980,1
3981,1
3982,6
3983,1
3984,8
3985,3
3986,8
3987,8
3988,8
3989,5
3990,5
3991,1
3992,1
3993,1
3994,5
3995,4
3996,3
3997,8
3998,8
3999,1
4000,3
4001,1
4002,1
4003,1
4004,8
4005,4
4006,8
4007,5
4008,8
4009,5
4010,1
4011,8
4012,8
4013,1
4014,1
4015,3
4016,3
4017,3
4018,8
4019,8
4020,1
4021,8
4022,3
4023,4
4024,4
4025,3
4026,5
4027,3
4028,2
4029,3
4030,3
4031,3
4032,1
4033,3
4034,3
4035,5
4036,3
4037,5
4038,8
4039,8
4040,2
4041,5
4042,3
4043,3
4044,3
4045,4
4046,3
4047,3
4048,1
4049,5
4050,3
4051,4
4052,5
4053,4
4054,3
4055,3
4056,1
4057,1
4058,3
4059,4
4060,8
4061,8
4062,3
4063,5
4064,7
4065,8
4066,4
4067,1
4068,3
4069,1
4070,4
4071,8
4072,1
4073,1
4074,5
4075,5
4076,1
4077,3
4078,3
4079,1
4080,5
4081,5
4082,5
4083,5
4084,1
4085,1
4086,3
4087,3
4088,7
4089,7
4090,1
4091,3
4092,4
4093,8
4094,3
4095,1
4096,3
4097,4
4098,3
4099,1
4100,1
4101,7
4102,1
4103,5
4104,3
4105,3
4106,1
4107,1
4108,8
4109,5
4110,3
4111,1
4112,1
4113,3
4114,1
4115,7
4116,5
4117,3
4118,2
4119,8
4120,1
4121,8
4122,8
4123,8
4124,3
4125,1
4126,3
4127,4
4128,1
4129,3
4130,2
4131,1
4132,8
4133,3
4134,3
4135,3
4136,3
4137,1
4138,1
4139,3
4140,1
4141,1
4142,1
4143,3
4144,1
4145,4
4146,4
4147,4
4148,5
4149,3
4150,3
4151,8
4152,1
4153,5
4154,4
4155,8
4156,8
4157,7
4158,1
4159,5
4160,1
4161,7
4162,8
4163,1
4164,1
4165,2
4166,1
4167,3
4168,1
4169,5
4170,3
4171,1
4172,1
4173,1
4174,3
4175,3
4176,8
4177,8
4178,4
4179,8
4180,8
4181,4
4182,8
4183,3
4184,3
4185,5
4186,3
4187,4
4188,5
4189,5
4190,5
4191,8
4192,3
4193,4
4194,5
4195,4
4196,7
4197,4
4198,1
4199,3
4200,5
4201,5
4202,3
4203,4
4204,8
4205,5
4206,8
4207,4
4208,5
4209,3
4210,5
4211,1
4212,1
4213,3
4214,3
4215,1
4216,8
4217,4
4218,3
4219,8
4220,3
4221,5
4222,3
4223,3
4224,2
4225,2
4226,2
4227,8
4228,5
4229,5
4230,5
4231,3
4232,1
4233,1
4234,7
4235,3
4236,4
4237,3
4238,3
4239,5
4240,5
4241,5
4242,4
4243,5
4244,3
4245,5
4246,1
4247,1
4248,8
4249,8
4250,8
4251,3
4252,5
4253,7
4254,1
4255,1
4256,3
4257,5
4258,4
4259,8
4260,5
4261,2
4262,3
4263,3
4264,5
4265,8
4266,3
4267,8
4268,8
4269,5
4270,1
4271,8
4272,3
4273,3
4274,3
4275,3
4276,3
4277,5
4278,8
4279,4
4280,1
4281,3
4282,3
4283,5
4284,8
4285,1
4286,1
4287,3
4288,1
4289,7
4290,5
4291,3
4292,4
4293,1
4294,4
4295,1
4296,1
4297,8
4298,2
4299,3
4300,8
4301,4
4302,5
4303,5
4304,1
4305,3
4306,3
4307,8
4308,5
4309,3
4310,3
4311,1
4312,8
4313,8
4314,5
4315,1
4316,5
4317,2
4318,3
4319,8
4320,1
4321,1
4322,3
4323,8
4324,3
4325,3
4326,5
4327,1
4328,5
4329,5
4330,8
4331,1
4332,4
4333,1
4334,1
4335,3
4336,1
4337,1
4338,3
4339,1
4340,1
4341,1
4342,1
4343,1
4344,5
4345,1
4346,3
4347,1
4348,1
4349,3
4350,8
4351,5
4352,1
4353,5
4354,3
4355,3
4356,3
4357,5
4358,5
4359,1
4360,3
4361,3
4362,3
4363,5
4364,3
4365,6
4366,3
4367,3
4368,3
4369,8
4370,8
4371,8
4372,3
4373,3
4374,8
4375,4
4376,1
4377,1
4378,1
4379,1
4380,3
4381,1
4382,3
4383,3
4384,6
4385,3
4386,1
4387,5
4388,1
4389,5
4390,1
4391,8
4392,1
4393,5
4394,4
4395,1
4396,3
4397,5
4398,1
4399,5
4400,1
4401,1
4402,1
4403,8
4404,8
4405,8
4406,3
4407,5
4408,4
4409,4
4410,4
4411,8
4412,1
4413,1
4414,5
4415,1
4416,1
4417,1
4418,1
4419,3
4420,3
4421,1
4422,1
4423,3
4424,1
4425,5
4426,1
4427,3
4428,2
4429,3
4430,5
4431,5
4432,5
4433,5
4434,2
4435,2
4436,5
4437,1
4438,7
4439,7
4440,1
4441,1
4442,3
4443,7
4444,2
4445,3
4446,3
4447,3
4448,3
4449,3
4450,8
4451,5
4452,3
4453,8
4454,1
4455,1
4456,7
4457,3
4458,3
4459,3
4460,5
4461,5
4462,5
4463,1
4464,2
4465,2
4466,3
4467,8
4468,8
4469,1
4470,3
4471,8
4472,7
4473,5
4474,1
4475,3
4476,8
4477,5
4478,3
4479,4
4480,3
4481,1
4482,3
4483,3
4484,8
4485,8
4486,1
4487,3
4488,1
4489,1
4490,3
4491,1
4492,4
4493,1
4494,3
4495,5
4496,1
4497,3
4498,1
4499,1
4500,3
4501,1
4502,4
4503,5
4504,7
4505,8
4506,5
4507,5
4508,7
4509,8
4510,3
4511,8
4512,5
4513,3
4514,6
4515,1
4516,1
4517,1
4518,3
4519,2
4520,8
4521,5
4522,5
4523,3
4524,3
4525,3
4526,3
4527,3
4528,3
4529,8
4530,3
4531,1
4532,1
4533,8
4534,1
4535,4
4536,1
4537,1
4538,1
4539,3
4540,1
4541,4
4542,1
4543,4
4544,4
4545,3
4546,3
4547,3
4548,8
4549,5
4550,5
4551,5
4552,5
4553,3
4554,3
4555,5
4556,3
4557,1
4558,1
4559,8
4560,3
4561,1
4562,4
4563,1
4564,3
4565,2
4566,3
4567,5
4568,1
4569,3
4570,8
4571,8
4572,4
4573,7
4574,4
4575,4
4576,1
4577,8
4578,1
4579,1
4580,4
4581,3
4582,5
4583,5
4584,3
4585,3
4586,8
4587,3
4588,5
4589,3
4590,3
4591,5
4592,1
4593,1
4594,3
4595,1
4596,8
4597,3
4598,3
4599,3
4600,3
4601,3
4602,5
4603,1
4604,8
4605,8
4606,1
4607,8
4608,8
4609,7
4610,7
4611,5
4612,5
4613,5
4614,1
4615,1
4616,1
4617,8
4618,3
4619,5
4620,5
4621,3
4622,1
4623,8
4624,3
4625,3
4626,3
4627,3
4628,3
4629,3
4630,7
4631,5
4632,3
4633,4
4634,5
4635,3
4636,3
4637,1
4638,1
4639,1
4640,5
4641,1
4642,1
4643,1
4644,8
4645,5
4646,1
4647,3
4648,5
4649,3
4650,4
4651,1
4652,1
4653,8
4654,5
4655,3
4656,8
4657,3
4658,5
4659,1
4660,8
4661,1
4662,1
4663,1
4664,5
4665,8
4666,1
4667,3
4668,1
4669,8
4670,8
4671,4
4672,4
4673,8
4674,8
4675,8
4676,2
4677,5
4678,3
4679,3
4680,5
4681,1
4682,1
4683,3
4684,3
4685,5
4686,5
4687,3
4688,1
4689,1
4690,3
4691,1
4692,1
4693,1
4694,4
4695,4
4696,8
4697,1
4698,3
4699,1
4700,1
4701,5
4702,3
4703,3
4704,7
4705,1
4706,5
4707,4
4708,3
4709,1
4710,3
4711,5
4712,5
4713,3
4714,1
4715,1
4716,1
4717,8
4718,1
4719,8
4720,8
4721,4
4722,3
4723,3
4724,3
4725,3
4726,5
4727,4
4728,5
4729,8
4730,8
4731,1
4732,3
4733,8
4734,5
4735,5
4736,5
4737,5
4738,3
4739,3
4740,8
4741,5
4742,8
4743,2
4744,3
4745,1
4746,3
4747,3
4748,3
4749,3
4750,5
4751,3
4752,5
4753,8
4754,1
4755,4
4756,5
4757,5
4758,4
4759,5
4760,3
4761,1
4762,3
4763,3
4764,1
4765,6
4766,6
4767,8
4768,4
4769,4
4770,1
4771,1
4772,1
4773,3
4774,3
4775,1
4776,3
4777,8
4778,1
4779,4
4780,5
4781,3
4782,1
4783,1
4784,3
4785,7
4786,1
4787,1
4788,3
4789,5
4790,4
4791,1
4792,1
4793,5
4794,3
4795,5
4796,1
4797,3
4798,8
4799,1
4800,8
4801,2
4802,3
4803,5
4804,1
4805,8
4806,1
4807,1
4808,1
4809,3
4810,1
4811,8
4812,8
4813,8
4814,1
4815,1
4816,5
4817,3
4818,3
4819,4
4820,5
4821,5
4822,2
4823,1
4824,3
4825,1
4826,8
4827,3
4828,3
4829,1
4830,5
4831,8
4832,5
4833,5
4834,5
4835,3
4836,5
4837,5
4838,8
4839,5
4840,5
4841,3
4842,1
4843,3
4844,3
4845,4
4846,5
4847,5
4848,5
4849,1
4850,8
4851,8
4852,1
4853,8
4854,3
4855,4
4856,5
4857,4
4858,5
4859,4
4860,4
4861,4
4862,8
4863,5
4864,5
4865,3
4866,8
4867,8
4868,3
4869,1
4870,4
4871,3
4872,4
4873,3
4874,3
4875,3
4876,4
4877,1
4878,1
4879,1
4880,5
4881,1
4882,1
4883,5
4884,4
4885,3
4886,1
4887,3
4888,1
4889,4
4890,5
4891,3
4892,1
4893,3
4894,1
4895,5
4896,5
4897,3
4898,8
4899,1
4900,3
4901,3
4902,1
4903,1
4904,3
4905,5
4906,4
4907,4
4908,2
4909,5
4910,3
4911,2
4912,4
4913,5
4914,1
4915,5
4916,1
4917,5
4918,1
4919,1
4920,1
4921,7
4922,4
4923,1
4924,3
4925,5
4926,5
4927,8
4928,8
4929,3
4930,1
4931,1
4932,3
4933,7
4934,3
4935,7
4936,1
4937,8
4938,8
4939,5
4940,8
4941,5
4942,5
4943,7
4944,1
4945,5
4946,3
4947,2
4948,1
4949,4
4950,4
4951,1
4952,1
4953,1
4954,1
4955,8
4956,5
4957,5
4958,8
4959,1
4960,1
4961,1
4962,1
4963,5
4964,8
4965,1
4966,5
4967,4
4968,3
4969,5
4970,5
4971,4
4972,3
4973,3
4974,1
4975,1
4976,2
4977,8
4978,1
4979,1
4980,7
4981,1
4982,1
4983,1
4984,3
4985,2
4986,5
4987,3
4988,1
4989,1
4990,5
4991,4
4992,3
4993,3
4994,4
4995,3
4996,1
4997,5
4998,3
4999,1
5000,1
5001,5
5002,5
5003,1
5004,1
5005,2
5006,2
5007,2
5008,5
5009,4
5010,8
5011,3
5012,8
5013,8
5014,1
5015,5
5016,5
5017,5
5018,1
5019,3
5020,3
5021,5
5022,1
5023,1
5024,4
5025,3
5026,1
5027,5
5028,1
5029,3
5030,2
5031,2
5032,1
5033,1
5034,5
5035,8
5036,5
5037,2
5038,1
5039,1
5040,2
5041,1
5042,5
5043,3
5044,5
5045,3
5046,2
5047,4
5048,4
5049,4
5050,8
5051,8
5052,1
5053,3
5054,1
5055,8
5056,4
5057,5
5058,8
5059,8
5060,1
5061,5
5062,3
5063,1
5064,4
5065,5
5066,5
5067,1
5068,8
5069,5
5070,8
5071,3
5072,5
5073,4
5074,5
5075,1
5076,1
5077,1
5078,1
5079,5
5080,8
5081,1
5082,1
5083,5
5084,5
5085,5
5086,5
5087,5
5088,1
5089,8
5090,2
5091,1
5092,3
5093,4
5094,5
5095,7
5096,8
5097,1
5098,5
5099,3
5100,5
5101,7
5102,4
5103,1
5104,1
5105,3
5106,5
5107,5
5108,4
5109,8
5110,8
5111,3
5112,3
5113,4
5114,4
5115,7
5116,7
5117,7
5118,7
5119,7
5120,3
5121,7
5122,1
5123,5
5124,1
5125,1
5126,1
5127,5
5128,6
5129,1
5130,4
5131,5
5132,1
5133,8
5134,1
5135,1
5136,4
5137,3
5138,1
5139,1
5140,5
5141,1
5142,8
5143,8
5144,1
5145,2
5146,5
5147,5
5148,7
5149,8
5150,4
5151,8
5152,4
5153,5
5154,5
5155,1
5156,3
5157,8
5158,1
5159,1
5160,5
5161,4
5162,5
5163,3
5164,5
5165,5
5166,5
5167,2
5168,5
5169,3
5170,1
5171,1
5172,8
5173,4
5174,1
5175,3
5176,5
5177,1
5178,5
5179,3
5180,1
5181,7
5182,2
5183,1
5184,3
5185,3
5186,1
5187,1
5188,3
5189,8
5190,1
5191,4
5192,4
5193,1
5194,3
5195,8
5196,3
5197,1
5198,7
5199,7
5200,7
5201,4
5202,8
5203,3
5204,2
5205,5
5206,4
5207,1
5208,1
5209,1
5210,1
5211,5
5212,3
5213,1
5214,5
5215,5
5216,3
5217,1
5218,4
5219,1
5220,1
5221,4
5222,3
5223,3
5224,5
5225,5
5226,1
5227,5
5228,3
5229,3
5230,8
5231,4
5232,3
5233,1
5234,1
5235,1
5236,3
5237,3
5238,1
5239,4
5240,1
5241,4
5242,8
5243,5
5244,8
5245,3
5246,1
5247,5
5248,4
5249,4
5250,5
5251,1
5252,1
5253,8
5254,1
5255,5
5256,5
5257,5
5258,8
5259,4
5260,8
5261,1
5262,1
5263,4
5264,5
5265,1
5266,3
5267,3
5268,1
5269,5
5270,4
5271,1
5272,5
5273,1
5274,5
5275,3
5276,5
5277,8
5278,3
5279,4
5280,4
5281,1
5282,1
5283,1
5284,2
5285,4
5286,5
5287,3
5288,5
5289,1
5290,4
5291,1
5292,1
5293,1
5294,3
5295,8
5296,8
5297,5
5298,3
5299,5
5300,6
5301,5
5302,1
5303,3
5304,1
5305,1
5306,5
5307,5
5308,4
5309,1
5310,1
5311,4
5312,1
5313,3
5314,1
5315,3
5316,4
5317,3
5318,3
5319,1
5320,4
5321,5
5322,3
5323,5
5324,5
5325,1
5326,2
5327,1
5328,3
5329,3
5330,1
5331,5
5332,5
5333,1
5334,5
5335,3
5336,5
5337,3
5338,3
5339,4
5340,5
5341,3
5342,5
5343,1
5344,7
5345,1
5346,3
5347,5
5348,8
5349,4
5350,3
5351,8
5352,1
5353,5
5354,5
5355,3
5356,8
5357,5
5358,1
5359,1
5360,1
5361,3
5362,1
5363,3
5364,3
5365,5
5366,1
5367,1
5368,3
5369,8
5370,8
5371,8
5372,5
5373,3
5374,5
5375,1
5376,3
5377,5
5378,5
5379,1
5380,3
5381,1
5382,8
5383,5
5384,1
5385,3
5386,1
5387,1
5388,1
5389,7
5390,1
5391,1
5392,3
5393,8
5394,5
5395,5
5396,5
5397,1
5398,1
5399,1
5400,3
5401,8
5402,1
5403,3
5404,1
5405,1
5406,1
5407,3
5408,3
5409,8
5410,1
5411,3
5412,1
5413,3
5414,5
5415,1
5416,4
5417,2
5418,1
5419,3
5420,5
5421,5
5422,5
5423,1
5424,1
5425,8
5426,1
5427,1
5428,3
5429,5
5430,8
5431,8
5432,1
5433,3
5434,1
5435,1
5436,5
5437,5
5438,3
5439,5
5440,1
5441,5
5442,8
5443,8
5444,1
5445,3
5446,2
5447,1
5448,5
5449,3
5450,3
5451,6
5452,1
5453,8
5454,4
5455,3
5456,3
5457,5
5458,3
5459,3
5460,1
5461,1
5462,3
5463,1
5464,5
5465,3
5466,8
5467,3
5468,5
5469,1
5470,1
5471,1
5472,8
5473,4
5474,5
5475,3
5476,3
5477,3
5478,3
5479,1
5480,5
5481,1
5482,3
5483,2
5484,4
5485,8
5486,3
5487,1
5488,1
5489,5
5490,3
5491,5
5492,3
5493,7
5494,3
5495,5
5496,5
5497,3
5498,3
5499,5
5500,5
5501,1
5502,4
5503,8
5504,1
5505,1
5506,8
5507,1
5508,1
5509,5
5510,1
5511,3
5512,1
5513,4
5514,3
5515,3
5516,8
5517,8
5518,1
5519,3
5520,1
5521,1
5522,1
5523,3
5524,5
5525,2
5526,3
5527,1
5528,5
5529,5
5530,8
5531,3
5532,3
5533,1
5534,1
5535,8
5536,1
5537,8
5538,1
5539,1
5540,4
5541,4
5542,4
5543,4
5544,1
5545,1
5546,3
5547,5
5548,3
5549,1
5550,5
5551,7
5552,7
5553,1
5554,1
5555,1
5556,4
5557,8
5558,1
5559,3
5560,8
5561,8
5562,1
5563,1
5564,3
5565,8
5566,8
5567,1
5568,8
5569,5
5570,1
5571,7
5572,1
5573,3
5574,3
5575,3
5576,2
5577,5
5578,5
5579,3
5580,3
5581,8
5582,5
5583,1
5584,2
5585,1
5586,4
5587,8
5588,3
5589,3
5590,4
5591,1
5592,5
5593,3
5594,1
5595,5
5596,1
5597,1
5598,4
5599,5
5600,8
5601,3
5602,1
5603,2
5604,4
5605,3
5606,4
5607,5
5608,5
5609,1
5610,3
5611,5
5612,1
5613,3
5614,1
5615,1
5616,8
5617,3
5618,1
5619,3
5620,1
5621,1
5622,5
5623,1
5624,1
5625,5
5626,5
5627,5
5628,5
5629,3
5630,3
5631,3
5632,7
5633,8
5634,1
5635,1
5636,8
5637,4
5638,8
5639,1
5640,8
5641,7
5642,7
5643,5
5644,1
5645,8
5646,4
5647,3
5648,5
5649,4
5650,5
5651,3
5652,8
5653,1
5654,8
5655,1
5656,4
5657,1
5658,5
5659,5
5660,1
5661,1
5662,4
5663,1
5664,1
5665,1
5666,4
5667,2
5668,1
5669,1
5670,4
5671,8
5672,3
5673,4
5674,3
5675,8
5676,5
5677,5
5678,8
5679,8
5680,5
5681,8
5682,1
5683,5
5684,3
5685,8
5686,8
5687,8
5688,1
5689,1
5690,4
5691,5
5692,5
5693,4
5694,4
5695,5
5696,5
5697,1
5698,1
5699,3
5700,3
5701,5
5702,5
5703,3
5704,3
5705,3
5706,1
5707,8
5708,5
5709,1
5710,3
5711,3
5712,8
5713,8
5714,1
5715,3
5716,5
5717,5
5718,7
5719,5
5720,1
5721,1
5722,1
5723,3
5724,7
5725,1
5726,2
5727,2
5728,1
5729,3
5730,3
5731,8
5732,1
5733,8
5734,8
5735,6
5736,1
5737,5
5738,1
5739,8
5740,8
5741,1
5742,5
5743,3
5744,1
5745,4
5746,8
5747,3
5748,5
5749,5
5750,5
5751,3
5752,5
5753,8
5754,5
5755,1
5756,1
5757,4
5758,5
5759,1
5760,4
5761,5
5762,5
5763,1
5764,5
5765,2
5766,3
5767,3
5768,4
5769,5
5770,5
5771,1
5772,5
5773,5
5774,3
5775,1
5776,4
5777,8
5778,5
5779,4
5780,5
5781,8
5782,8
5783,3
5784,5
5785,5
5786,5
5787,4
5788,1
5789,5
5790,8
5791,3
5792,3
5793,5
5794,1
5795,3
5796,4
5797,5
5798,5
5799,5
5800,4
5801,5
5802,2
5803,1
5804,3
5805,3
5806,4
5807,1
5808,5
5809,3
5810,1
5811,4
5812,3
5813,1
5814,8
5815,1
5816,4
5817,8
5818,1
5819,8
5820,5
5821,3
5822,3
5823,3
5824,5
5825,1
5826,3
5827,1
5828,1
5829,3
5830,7
5831,5
5832,5
5833,3
5834,1
5835,3
5836,1
5837,8
5838,5
5839,3
5840,5
5841,7
5842,7
5843,4
5844,4
5845,5
5846,3
5847,5
5848,3
5849,5
5850,5
5851,4
5852,5
5853,7
5854,4
5855,1
5856,3
5857,4
5858,8
5859,1
5860,8
5861,4
5862,5
5863,1
5864,8
5865,3
5866,8
5867,5
5868,5
5869,1
5870,1
5871,5
5872,5
5873,3
5874,1
5875,5
5876,5
5877,2
5878,4
5879,4
5880,4
5881,3
5882,8
5883,4
5884,8
5885,5
5886,1
5887,7
5888,1
5889,1
5890,3
5891,8
5892,1
5893,8
5894,8
5895,5
5896,5
5897,1
5898,1
5899,3
5900,8
5901,5
5902,5
5903,1
5904,8
5905,2
5906,3
5907,5
5908,1
5909,5
5910,5
5911,1
5912,1
5913,1
5914,1
5915,3
5916,5
5917,1
5918,1
5919,1
5920,1
5921,3
5922,1
5923,2
5924,1
5925,5
5926,1
5927,4
5928,7
5929,8
5930,3
5931,3
5932,3
5933,5
5934,1
5935,1
5936,8
5937,1
5938,5
5939,5
5940,5
5941,8
5942,1
5943,1
5944,3
5945,3
5946,1
5947,1
5948,1
5949,4
5950,5
5951,3
5952,3
5953,1
5954,8
5955,1
5956,5
5957,5
5958,2
5959,5
5960,3
5961,5
5962,3
5963,3
5964,7
5965,5
5966,3
5967,3
5968,3
5969,3
5970,3
5971,3
5972,1
5973,3
5974,4
5975,1
5976,2
5977,1
5978,1
5979,5
5980,5
5981,1
5982,1
5983,3
5984,1
5985,4
5986,8
5987,1
5988,8
5989,1
5990,5
5991,1
5992,3
5993,5
5994,5
5995,1
5996,4
5997,5
5998,8
5999,5
6000,3
6001,1
6002,8
6003,8
6004,5
6005,2
6006,1
6007,5
6008,1
6009,1
6010,5
6011,4
6012,8
6013,3
6014,1
6015,3
6016,1
6017,1
6018,4
6019,8
6020,5
6021,1
6022,1
6023,3
6024,1
6025,1
6026,4
6027,4
6028,3
6029,3
6030,1
6031,1
6032,5
6033,4
6034,1
6035,1
6036,4
6037,8
6038,3
6039,1
6040,4
6041,1
6042,4
6043,1
6044,2
6045,4
6046,1
6047,1
6048,1
6049,1
6050,1
6051,8
6052,2
6053,1
6054,8
6055,8
6056,1
6057,5
6058,3
6059,3
6060,5
6061,7
6062,5
6063,1
6064,5
6065,4
6066,1
6067,5
6068,8
6069,5
6070,5
6071,5
6072,3
6073,1
6074,8
6075,5
6076,5
6077,5
6078,1
6079,1
6080,1
6081,3
6082,1
6083,1
6084,1
6085,5
6086,3
6087,5
6088,1
6089,1
6090,1
6091,5
6092,5
6093,8
6094,1
6095,4
6096,3
6097,1
6098,5
6099,1
6100,1
6101,3
6102,8
6103,8
6104,1
6105,5
6106,1
6107,1
6108,5
6109,5
6110,5
6111,3
6112,8
6113,2
6114,1
6115,3
6116,8
6117,5
6118,1
6119,8
6120,1
6121,2
6122,5
6123,5
6124,1
6125,1
6126,1
6127,1
6128,5
6129,5
6130,4
6131,5
6132,5
6133,5
6134,8
6135,5
6136,5
6137,3
6138,5
6139,8
6140,8
6141,5
6142,1
6143,8
6144,4
6145,8
6146,8
6147,5
6148,5
6149,8
6150,8
6151,3
6152,6
6153,5
6154,1
6155,5
6156,8
6157,8
6158,1
6159,3
6160,5
6161,5
6162,4
6163,1
6164,8
6165,3
6166,1
6167,1
6168,1
6169,4
6170,8
6171,3
6172,7
6173,1
6174,1
6175,8
6176,8
6177,1
6178,4
6179,1
6180,1
6181,5
6182,1
6183,7
6184,8
6185,3
6186,3
6187,3
6188,1
6189,1
6190,5
6191,1
6192,5
6193,4
6194,4
6195,4
6196,1
6197,5
6198,5
6199,1
6200,1
6201,8
6202,5
6203,1
6204,3
6205,3
6206,3
6207,5
6208,1
6209,4
6210,8
6211,5
6212,7
6213,1
6214,1
6215,5
6216,1
6217,7
6218,5
6219,4
6220,5
6221,1
6222,7
6223,5
6224,1
6225,2
6226,1
6227,4
6228,3
6229,8
6230,4
6231,1
6232,1
6233,1
6234,1
6235,8
6236,5
6237,1
6238,8
6239,8
6240,4
6241,1
6242,1
6243,1
6244,5
6245,4
6246,4
6247,1
6248,3
6249,1
6250,5
6251,3
6252,3
6253,3
6254,1
6255,1
6256,4
6257,3
6258,1
6259,4
6260,3
6261,1
6262,1
6263,1
6264,1
6265,3
6266,1
6267,8
6268,5
6269,3
6270,5
6271,5
6272,4
6273,3
6274,1
6275,7
6276,3
6277,5
6278,3
6279,3
6280,5
6281,3
6282,5
6283,5
6284,4
6285,1
6286,1
6287,8
6288,1
6289,3
6290,2
6291,1
6292,5
6293,8
6294,5
6295,5
6296,3
6297,5
6298,1
6299,1
6300,3
6301,3
6302,4
6303,1
6304,5
6305,3
6306,3
6307,1
6308,8
6309,1
6310,8
6311,1
6312,3
6313,7
6314,8
6315,3
6316,4
6317,4
6318,8
6319,1
6320,2
6321,2
6322,3
6323,3
6324,3
6325,4
6326,3
6327,7
6328,8
6329,2
6330,1
6331,3
6332,1
6333,5
6334,1
6335,8
6336,5
6337,1
6338,8
6339,5
6340,3
6341,1
6342,1
6343,1
6344,5
6345,1
6346,5
6347,3
6348,4
6349,1
6350,4
6351,2
6352,5
6353,7
6354,4
6355,5
6356,8
6357,1
6358,1
6359,3
6360,5
6361,5
6362,5
6363,3
6364,8
6365,1
6366,7
6367,3
6368,3
6369,3
6370,4
6371,1
6372,5
6373,1
6374,3
6375,1
6376,1
6377,3
6378,3
6379,8
6380,8
6381,4
6382,5
6383,1
6384,5
6385,1
6386,3
6387,3
6388,8
6389,1
6390,3
6391,4
6392,4
6393,1
6394,5
6395,3
6396,5
6397,3
6398,5
6399,1
6400,1
6401,8
6402,5
6403,1
6404,8
6405,8
6406,8
6407,8
6408,4
6409,5
6410,5
6411,4
6412,3
6413,7
6414,5
6415,5
6416,1
6417,8
6418,1
6419,1
6420,8
6421,5
6422,5
6423,8
6424,1
6425,3
6426,4
6427,2
6428,3
6429,3
6430,1
6431,2
6432,8
6433,1
6434,1
6435,5
6436,4
6437,4
6438,4
6439,1
6440,5
6441,3
6442,1
6443,8
6444,1
6445,5
6446,5
6447,1
6448,1
6449,1
6450,5
6451,1
6452,1
6453,5
6454,3
6455,1
6456,7
6457,1
6458,5
6459,5
6460,3
6461,5
6462,4
6463,3
6464,7
6465,8
6466,5
6467,5
6468,1
6469,8
6470,5
6471,5
6472,3
6473,8
6474,8
6475,3
6476,5
6477,1
6478,3
6479,1
6480,5
6481,7
6482,1
6483,1
6484,5
6485,5
6486,1
6487,1
6488,5
6489,4
6490,5
6491,1
6492,4
6493,5
6494,3
6495,8
6496,5
6497,7
6498,7
6499,7
6500,7
6501,4
6502,3
6503,3
6504,3
6505,1
6506,7
6507,1
6508,8
6509,5
6510,8
6511,8
6512,5
6513,1
6514,1
6515,5
6516,1
6517,1
6518,1
6519,5
6520,1
6521,2
6522,8
6523,5
6524,1
6525,2
6526,5
6527,1
6528,3
6529,3
6530,5
6531,3
6532,1
6533,5
6534,1
6535,1
6536,3
6537,1
6538,1
6539,8
6540,1
6541,3
6542,3
6543,1
6544,8
6545,1
6546,3
6547,5
6548,1
6549,4
6550,8
6551,5
6552,5
6553,5
6554,3
6555,8
6556,1
6557,4
6558,1
6559,3
6560,2
6561,8
6562,4
6563,1
6564,1
6565,1
6566,4
6567,5
6568,1
6569,3
6570,1
6571,1
6572,8
6573,3
6574,3
6575,5
6576,3
6577,3
6578,7
6579,1
6580,7
6581,8
6582,3
6583,1
6584,2
6585,4
6586,8
6587,8
6588,1
6589,2
6590,3
6591,3
6592,5
6593,5
6594,3
6595,1
6596,1
6597,1
6598,3
6599,1
6600,1
6601,1
6602,8
6603,1
6604,5
6605,5
6606,5
6607,4
6608,5
6609,5
6610,8
6611,8
6612,5
6613,1
6614,3
6615,4
6616,1
6617,4
6618,4
6619,4
6620,1
6621,8
6622,1
6623,8
6624,1
6625,1
6626,2
6627,1
6628,1
6629,3
6630,3
6631,5
6632,1
6633,1
6634,1
6635,3
6636,1
6637,1
6638,8
6639,8
6640,4
6641,4
6642,3
6643,3
6644,1
6645,1
6646,3
6647,1
6648,8
6649,3
6650,1
6651,1
6652,3
6653,3
6654,1
6655,1
6656,1
6657,1
6658,5
6659,8
6660,5
6661,8
6662,5
6663,1
6664,1
6665,5
6666,5
6667,5
6668,3
6669,3
6670,5
6671,3
6672,1
6673,8
6674,4
6675,1
6676,1
6677,3
6678,3
6679,1
6680,8
6681,8
6682,1
6683,1
6684,8
6685,8
6686,3
6687,1
6688,3
6689,1
6690,5
6691,5
6692,1
6693,1
6694,5
6695,5
6696,3
6697,3
6698,1
6699,3
6700,3
6701,3
6702,3
6703,1
6704,7
6705,5
6706,5
6707,1
6708,1
6709,8
6710,3
6711,1
6712,1
6713,1
6714,3
6715,3
6716,5
6717,5
6718,1
6719,5
6720,1
6721,3
6722,4
6723,5
6724,3
6725,3
6726,1
6727,5
6728,1
6729,7
6730,3
6731,3
6732,7
6733,1
6734,1
6735,3
6736,3
6737,5
6738,8
6739,1
6740,4
6741,8
6742,1
6743,5
6744,3
6745,1
6746,1
6747,1
6748,3
6749,8
6750,6
6751,1
6752,1
6753,4
6754,1
6755,3
6756,5
6757,5
6758,1
6759,1
6760,3
6761,7
6762,8
6763,5
6764,3
6765,2
6766,1
6767,1
6768,3
6769,3
6770,1
6771,3
6772,5
6773,5
6774,8
6775,2
6776,8
6777,1
6778,1
6779,3
6780,3
6781,5
6782,3
6783,1
6784,1
6785,4
6786,3
6787,3
6788,3
6789,3
6790,5
6791,3
6792,1
6793,3
6794,1
6795,1
6796,3
6797,5
6798,8
6799,1
6800,1
6801,1
6802,8
6803,5
6804,3
6805,3
6806,5
6807,3
6808,1
6809,1
6810,1
6811,5
6812,5
6813,8
6814,3
6815,1
6816,3
6817,3
6818,1
6819,8
6820,5
6821,2
6822,5
6823,1
6824,7
6825,3
6826,8
6827,3
6828,8
6829,3
6830,4
6831,5
6832,1
6833,1
6834,3
6835,3
6836,1
6837,4
6838,8
6839,4
6840,3
6841,4
6842,3
6843,1
6844,1
6845,3
6846,8
6847,3
6848,1
6849,8
6850,1
6851,1
6852,3
6853,3
6854,5
6855,1
6856,7
6857,3
6858,1
6859,3
6860,3
6861,3
6862,3
6863,1
6864,5
6865,1
6866,7
6867,3
6868,3
6869,1
6870,4
6871,1
6872,8
6873,1
6874,1
6875,8
6876,5
6877,1
6878,5
6879,3
6880,5
6881,3
6882,1
6883,7
6884,5
6885,7
6886,1
6887,1
6888,8
6889,1
6890,5
6891,1
6892,6
6893,2
6894,7
6895,1
6896,1
6897,5
6898,1
6899,1
6900,3
6901,4
6902,1
6903,5
6904,3
6905,3
6906,4
6907,4
6908,1
6909,4
6910,5
6911,8
6912,1
6913,5
6914,1
6915,1
6916,7
6917,3
6918,3
6919,5
6920,5
6921,5
6922,5
6923,5
6924,3
6925,5
6926,3
6927,5
6928,8
6929,1
6930,8
6931,4
6932,5
6933,1
6934,3
6935,2
6936,7
6937,6
6938,1
6939,1
6940,5
6941,5
6942,1
6943,8
6944,3
6945,5
6946,3
6947,1
6948,7
6949,8
6950,3
6951,1
6952,1
6953,1
6954,1
6955,5
6956,5
6957,4
6958,8
6959,8
6960,3
6961,5
6962,3
6963,3
6964,5
6965,5
6966,8
6967,1
6968,7
6969,5
6970,4
6971,1
6972,5
6973,1
6974,1
6975,1
6976,1
6977,1
6978,4
6979,3
6980,8
6981,1
6982,8
6983,1
6984,8
6985,4
6986,3
6987,1
6988,8
6989,8
6990,4
6991,3
6992,5
6993,3
6994,5
6995,4
6996,1
6997,3
6998,3
6999,3
7000,5
7001,5
7002,1
7003,8
7004,8
7005,4
7006,7
7007,1
7008,6
7009,1
7010,1
7011,3
7012,3
7013,1
7014,8
7015,8
7016,1
7017,8
7018,4
7019,7
7020,3
7021,1
7022,1
7023,5
7024,3
7025,2
7026,1
7027,1
7028,1
7029,1
7030,3
7031,4
7032,1
7033,5
7034,5
7035,8
7036,1
7037,8
7038,7
7039,1
7040,1
7041,3
7042,1
7043,3
7044,1
7045,3
7046,8
7047,8
7048,1
7049,1
7050,5
7051,1
7052,1
7053,8
7054,8
7055,8
7056,8
7057,5
7058,3
7059,5
7060,8
7061,3
7062,5
7063,1
7064,3
7065,3
7066,3
7067,5
7068,1
7069,4
7070,8
7071,5
7072,5
7073,3
7074,5
7075,1
7076,1
7077,4
7078,7
7079,7
7080,8
7081,1
7082,3
7083,1
7084,7
7085,3
7086,8
7087,1
7088,3
7089,3
7090,5
7091,3
7092,3
7093,3
7094,8
7095,1
7096,5
7097,4
7098,5
7099,1
7100,1
7101,3
7102,5
7103,3
7104,5
7105,7
7106,1
7107,8
7108,5
7109,2
7110,3
7111,1
7112,7
7113,1
7114,8
7115,5
7116,1
7117,2
7118,3
7119,8
7120,1
7121,3
7122,1
7123,3
7124,3
7125,3
7126,8
7127,1
7128,3
7129,4
7130,3
7131,8
7132,3
7133,3
7134,4
7135,4
7136,5
7137,4
7138,3
7139,2
7140,1
7141,8
7142,1
7143,1
7144,5
7145,5
7146,1
7147,3
7148,7
7149,5
7150,4
7151,1
7152,3
7153,1
7154,4
7155,5
7156,5
7157,8
7158,5
7159,3
7160,8
7161,8
7162,3
7163,4
7164,5
7165,7
7166,4
7167,1
7168,1
7169,8
7170,3
7171,1
7172,1
7173,1
7174,5
7175,1
7176,1
7177,1
7178,6
7179,1
7180,8
7181,1
7182,1
7183,1
7184,3
7185,5
7186,3
7187,3
7188,1
7189,1
7190,5
7191,1
7192,1
7193,1
7194,3
7195,3
7196,3
7197,1
7198,1
7199,4
7200,8
7201,3
7202,5
7203,7
7204,1
7205,1
7206,8
7207,5
7208,8
7209,1
7210,3
7211,3
7212,5
7213,1
7214,1
7215,1
7216,5
7217,2
7218,1
7219,5
7220,5
7221,3
7222,2
7223,5
7224,5
7225,1
7226,1
7227,5
7228,5
7229,6
7230,7
7231,8
7232,3
7233,1
7234,8
7235,1
7236,3
7237,3
7238,1
7239,8
7240,3
7241,4
7242,4
7243,5
7244,3
7245,3
7246,3
7247,8
7248,1
7249,7
7250,1
7251,5
7252,3
7253,8
7254,8
7255,1
7256,3
7257,3
7258,2
7259,4
7260,2
7261,1
7262,2
7263,1
7264,3
7265,5
7266,1
7267,1
7268,5
7269,1
7270,2
7271,1
7272,1
7273,1
7274,3
7275,4
7276,1
7277,1
7278,5
7279,3
7280,5
7281,1
7282,3
7283,3
7284,3
7285,8
7286,1
7287,5
7288,4
7289,3
7290,5
7291,1
7292,1
7293,1
7294,5
7295,2
7296,1
7297,1
7298,7
7299,3
7300,1
7301,5
7302,3
7303,5
7304,8
7305,1
7306,5
7307,5
7308,4
7309,1
7310,1
7311,5
7312,3
7313,5
7314,1
7315,8
7316,1
7317,1
7318,1
7319,8
7320,1
7321,1
7322,7
7323,8
7324,8
7325,4
7326,1
7327,5
7328,1
7329,1
7330,5
7331,3
7332,3
7333,3
7334,8
7335,6
7336,1
7337,1
7338,5
7339,2
7340,8
7341,8
7342,8
7343,5
7344,1
7345,5
7346,1
7347,5
7348,1
7349,1
7350,7
7351,4
7352,8
7353,5
7354,5
7355,3
7356,5
7357,1
7358,5
7359,8
7360,5
7361,1
7362,1
7363,1
7364,1
7365,7
7366,7
7367,8
7368,3
7369,8
7370,5
7371,1
7372,1
7373,4
7374,8
7375,1
7376,3
7377,3
7378,1
7379,5
7380,1
7381,1
7382,8
7383,4
7384,1
7385,1
7386,1
7387,7
7388,3
7389,3
7390,8
7391,1
7392,5
7393,5
7394,3
7395,3
7396,1
7397,1
7398,5
7399,4
7400,1
7401,1
7402,3
7403,4
7404,2
7405,1
7406,1
7407,3
7408,5
7409,1
7410,3
7411,1
7412,1
7413,2
7414,3
7415,3
7416,8
7417,5
7418,5
7419,5
7420,5
7421,5
7422,1
7423,5
7424,1
7425,3
7426,2
7427,5
7428,1
7429,1
7430,1
7431,5
7432,5
7433,8
7434,8
7435,3
7436,3
7437,5
7438,5
7439,4
7440,7
7441,3
7442,4
7443,4
7444,8
7445,1
7446,1
7447,3
7448,3
7449,1
7450,1
7451,1
7452,1
7453,1
7454,1
7455,5
7456,5
7457,3
7458,8
7459,3
7460,3
7461,1
7462,8
7463,1
7464,8
7465,1
7466,8
7467,3
7468,3
7469,5
7470,5
7471,4
7472,8
7473,8
7474,8
7475,5
7476,5
7477,5
7478,5
7479,1
7480,8
7481,1
7482,1
7483,1
7484,5
7485,5
7486,3
7487,3
7488,3
7489,3
7490,4
7491,5
7492,3
7493,5
7494,8
7495,5
7496,4
7497,4
7498,4
7499,5
7500,1
7501,1
7502,1
7503,3
7504,2
7505,1
7506,3
7507,8
7508,5
7509,5
7510,5
7511,5
7512,8
7513,8
7514,5
7515,5
7516,1
7517,4
7518,1
7519,5
7520,1
7521,1
7522,1
7523,5
7524,1
7525,8
7526,3
7527,1
7528,5
7529,3
7530,5
7531,3
7532,1
7533,8
7534,8
7535,5
7536,1
7537,1
7538,5
7539,5
7540,7
7541,5
7542,4
7543,1
7544,1
7545,1
7546,1
7547,5
7548,1
7549,1
7550,5
7551,5
7552,1
7553,1
7554,8
7555,1
7556,3
7557,4
7558,1
7559,1
7560,1
7561,1
7562,4
7563,3
7564,1
7565,3
7566,1
7567,8
7568,1
7569,5
7570,1
7571,1
7572,5
7573,1
7574,1
7575,5
7576,2
7577,4
7578,5
7579,3
7580,2
7581,5
7582,6
7583,4
7584,4
7585,5
7586,4
7587,8
7588,2
7589,3
7590,3
7591,8
7592,8
7593,1
7594,8
7595,1
7596,8
7597,2
7598,1
7599,3
7600,3
7601,8
7602,1
7603,8
7604,5
7605,3
7606,4
7607,3
7608,5
7609,8
7610,1
7611,1
7612,1
7613,1
7614,1
7615,1
7616,1
7617,5
7618,8
7619,5
7620,5
7621,3
7622,7
7623,1
7624,1
7625,5
7626,1
7627,4
7628,3
7629,3
7630,8
7631,1
7632,3
7633,3
7634,3
7635,2
7636,5
7637,1
7638,1
7639,3
7640,3
7641,3
7642,4
7643,4
7644,4
7645,3
7646,1
7647,1
7648,3
7649,4
7650,1
7651,8
7652,4
7653,7
7654,1
7655,1
7656,7
7657,8
7658,8
7659,7
7660,4
7661,1
7662,5
7663,8
7664,8
7665,3
7666,5
7667,3
7668,2
7669,1
7670,3
7671,1
7672,1
7673,1
7674,5
7675,3
7676,3
7677,5
7678,1
7679,3
7680,5
7681,1
7682,1
7683,1
7684,8
7685,1
7686,8
7687,4
7688,3
7689,8
7690,5
7691,7
7692,1
7693,4
7694,1
7695,1
7696,1
7697,3
7698,3
7699,3
7700,3
7701,8
7702,5
7703,5
7704,1
7705,8
7706,3
7707,8
7708,1
7709,1
7710,3
7711,1
7712,1
7713,1
7714,3
7715,5
7716,5
7717,3
7718,3
7719,1
7720,3
7721,8
7722,1
7723,4
7724,7
7725,1
7726,5
7727,3
7728,3
7729,5
7730,1
7731,3
7732,8
7733,5
7734,5
7735,5
7736,5
7737,5
7738,5
7739,3
7740,3
7741,2
7742,1
7743,8
7744,1
7745,1
7746,1
7747,5
7748,1
7749,1
7750,4
7751,3
7752,3
7753,3
7754,1
7755,3
7756,3
7757,4
7758,5
7759,1
7760,3
7761,1
7762,1
7763,5
7764,4
7765,3
7766,3
7767,3
7768,3
7769,5
7770,3
7771,1
7772,8
7773,8
7774,5
7775,5
7776,1
7777,5
7778,5
7779,3
7780,8
7781,3
7782,1
7783,1
7784,4
7785,5
7786,3
7787,5
7788,8
7789,1
7790,5
7791,1
7792,1
7793,1
7794,1
7795,1
7796,4
7797,3
7798,4
7799,2
7800,3
7801,4
7802,4
7803,1
7804,1
7805,1
7806,3
7807,1
7808,5
7809,1
7810,3
7811,5
7812,1
7813,5
7814,3
7815,5
7816,4
7817,5
7818,3
7819,3
7820,1
7821,4
7822,5
7823,1
7824,1
7825,4
7826,4
7827,1
7828,1
7829,5
7830,3
7831,1
7832,8
7833,8
7834,8
7835,1
7836,3
7837,1
7838,1
7839,1
7840,1
7841,5
7842,8
7843,8
7844,3
7845,4
7846,3
7847,5
7848,1
7849,1
7850,5
7851,8
7852,1
7853,1
7854,4
7855,1
7856,1
7857,8
7858,2
7859,1
7860,3
7861,5
7862,5
7863,4
7864,4
7865,1
7866,1
7867,3
7868,3
7869,5
7870,8
7871,5
7872,5
7873,4
7874,8
7875,1
7876,1
7877,4
7878,1
7879,1
7880,1
7881,5
7882,5
7883,1
7884,4
7885,5
7886,1
7887,3
7888,4
7889,1
7890,8
7891,1
7892,5
7893,5
7894,5
7895,5
7896,4
7897,2
7898,1
7899,1
7900,5
7901,5
7902,3
7903,1
7904,4
7905,1
7906,3
7907,8
7908,1
7909,5
7910,8
7911,5
7912,4
7913,3
7914,2
7915,1
7916,1
7917,1
7918,1
7919,3
7920,3
7921,1
7922,5
7923,8
7924,1
7925,1
7926,3
7927,7
7928,3
7929,4
7930,1
7931,7
7932,3
7933,1
7934,1
7935,1
7936,1
7937,3
7938,5
7939,8
7940,3
7941,7
7942,1
7943,5
7944,4
7945,3
7946,3
7947,5
7948,1
7949,3
7950,5
7951,8
7952,1
7953,1
7954,3
7955,5
7956,5
7957,1
7958,1
7959,3
7960,4
7961,5
7962,3
7963,1
7964,1
7965,8
7966,5
7967,1
7968,3
7969,1
7970,4
7971,8
7972,1
7973,3
7974,3
7975,1
7976,1
7977,1
7978,5
7979,5
7980,4
7981,5
7982,3
7983,3
7984,3
7985,1
7986,1
7987,1
7988,8
7989,4
7990,1
7991,1
7992,1
7993,8
7994,3
7995,3
7996,3
7997,2
7998,1
7999,3
8000,7
8001,1
8002,5
8003,8
8004,8
8005,5
8006,3
8007,5
8008,8
8009,4
8010,4
8011,4
8012,8
8013,1
8014,8
8015,3
8016,1
8017,3
8018,3
8019,3
8020,1
8021,3
8022,3
8023,3
8024,1
8025,3
8026,8
8027,1
8028,3
8029,1
8030,4
8031,3
8032,4
8033,1
8034,3
8035,1
8036,5
8037,3
8038,3
8039,1
8040,1
8041,2
8042,5
8043,1
8044,1
8045,1
8046,7
8047,7
8048,1
8049,5
8050,1
8051,2
8052,5
8053,4
8054,3
8055,4
8056,4
8057,1
8058,1
8059,8
8060,2
8061,1
8062,1
8063,8
8064,1
8065,1
8066,5
8067,3
8068,5
8069,3
8070,2
8071,7
8072,5
8073,5
8074,5
8075,3
8076,8
8077,1
8078,1
8079,4
8080,3
8081,3
8082,5
8083,1
8084,1
8085,3
8086,1
8087,5
8088,1
8089,5
8090,3
8091,1
8092,1
8093,3
8094,7
8095,5
8096,1
8097,7
8098,1
8099,1
8100,8
8101,5
8102,5
8103,1
8104,3
8105,2
8106,3
8107,5
8108,1
8109,1
8110,1
8111,1
8112,8
8113,5
8114,3
8115,5
8116,5
8117,5
8118,3
8119,5
8120,5
8121,8
8122,3
8123,3
8124,1
8125,1
8126,3
8127,1
8128,1
8129,1
8130,2
8131,5
8132,3
8133,1
8134,1
8135,3
8136,1
8137,1
8138,5
8139,4
8140,1
8141,3
8142,3
8143,4
8144,5
8145,5
8146,3
8147,2
8148,2
8149,5
8150,1
8151,3
8152,1
8153,1
8154,3
8155,1
8156,5
8157,3
8158,1
8159,3
8160,4
8161,1
8162,5
8163,1
8164,3
8165,5
8166,3
8167,3
8168,2
8169,5
8170,1
8171,4
8172,3
8173,1
8174,3
8175,1
8176,1
8177,1
8178,1
8179,3
8180,1
8181,1
8182,1
8183,6
8184,4
8185,3
8186,3
8187,1
8188,5
8189,8
8190,3
8191,8
8192,5
8193,3
8194,5
8195,5
8196,5
8197,5
8198,8
8199,8
8200,5
8201,5
8202,5
8203,5
8204,8
8205,3
8206,1
8207,1
8208,1
8209,4
8210,3
8211,3
8212,5
8213,8
8214,8
8215,1
8216,5
8217,7
8218,1
8219,8
8220,1
8221,1
8222,1
8223,5
8224,1
8225,8
8226,1
8227,8
8228,8
8229,8
8230,8
8231,3
8232,3
8233,1
8234,8
8235,7
8236,5
8237,1
8238,3
8239,3
8240,1
8241,5
8242,5
8243,5
8244,2
8245,5
8246,5
8247,1
8248,1
8249,8
8250,1
8251,7
8252,1
8253,3
8254,8
8255,5
8256,5
8257,1
8258,1
8259,5
8260,1
8261,1
8262,8
8263,4
8264,4
8265,5
8266,5
8267,5
8268,1
8269,1
8270,3
8271,4
8272,4
8273,4
8274,1
8275,1
8276,1
8277,1
8278,1
8279,3
8280,1
8281,5
8282,4
8283,1
8284,5
8285,5
8286,1
8287,5
8288,4
8289,8
8290,5
8291,5
8292,1
8293,1
8294,6
8295,5
8296,1
8297,5
8298,1
8299,8
8300,3
8301,8
8302,5
8303,3
8304,1
8305,5
8306,5
8307,4
8308,7
8309,3
8310,1
8311,3
8312,3
8313,8
8314,1
8315,1
8316,3
8317,5
8318,3
8319,4
8320,3
8321,5
8322,4
8323,5
8324,3
8325,1
8326,5
8327,1
8328,2
8329,1
8330,1
8331,1
8332,5
8333,5
8334,3
8335,1
8336,1
8337,8
8338,3
8339,8
8340,5
8341,1
8342,3
8343,2
8344,5
8345,1
8346,4
8347,8
8348,5
8349,3
8350,1
8351,1
8352,8
8353,4
8354,8
8355,7
8356,5
8357,2
8358,1
8359,1
8360,8
8361,5
8362,5
8363,1
8364,4
8365,5
8366,8
8367,8
8368,4
8369,1
8370,3
8371,8
8372,1
8373,1
8374,1
8375,8
8376,1
8377,1
8378,4
8379,1
8380,3
8381,5
8382,1
8383,8
8384,1
8385,8
8386,4
8387,8
8388,5
8389,1
8390,3
8391,3
8392,5
8393,3
8394,5
8395,5
8396,5
8397,3
8398,5
8399,6
8400,2
8401,1
8402,5
8403,4
8404,7
8405,7
8406,3
8407,3
8408,1
8409,3
8410,5
8411,8
8412,8
8413,3
8414,1
8415,7
8416,3
8417,3
8418,1
8419,5
8420,1
8421,3
8422,4
8423,5
8424,5
8425,1
8426,5
8427,3
8428,1
8429,1
8430,1
8431,1
8432,5
8433,3
8434,1
8435,5
8436,3
8437,3
8438,1
8439,4
8440,5
8441,3
8442,3
8443,1
8444,5
8445,5
8446,1
8447,4
8448,5
8449,1
8450,1
8451,4
8452,4
8453,2
8454,5
8455,5
8456,8
8457,1
8458,3
8459,3
8460,2
8461,1
8462,3
8463,3
8464,1
8465,8
8466,1
8467,3
8468,5
8469,1
8470,8
8471,1
8472,1
8473,1
8474,1
8475,1
8476,5
8477,3
8478,3
8479,1
8480,8
8481,5
8482,8
8483,3
8484,1
8485,3
8486,1
8487,3
8488,3
8489,5
8490,1
8491,3
8492,5
8493,3
8494,8
8495,8
8496,8
8497,5
8498,5
8499,8
8500,1
8501,1
8502,3
8503,1
8504,3
8505,5
8506,1
8507,3
8508,4
8509,3
8510,3
8511,3
8512,8
8513,1
8514,1
8515,1
8516,8
8517,5
8518,3
8519,5
8520,1
8521,1
8522,8
8523,3
8524,7
8525,5
8526,8
8527,1
8528,1
8529,1
8530,1
8531,7
8532,7
8533,8
8534,5
8535,3
8536,4
8537,1
8538,1
8539,8
8540,7
8541,4
8542,1
8543,8
8544,8
8545,8
8546,1
8547,8
8548,8
8549,8
8550,1
8551,1
8552,1
8553,8
8554,4
8555,8
8556,1
8557,4
8558,1
8559,1
8560,8
8561,2
8562,7
8563,1
8564,1
8565,8
8566,2
8567,1
8568,1
8569,1
8570,1
8571,1
8572,1
8573,7
8574,1
8575,4
8576,1
8577,8
8578,8
8579,1
8580,1
8581,4
8582,1
8583,1
8584,4
8585,8
8586,1
8587,7
8588,1
8589,8
8590,8
8591,1
8592,8
8593,1
8594,1
8595,8
8596,2
8597,8
8598,8
8599,8
8600,7
8601,1
8602,7
8603,1
8604,1
8605,1
8606,1
8607,4
8608,1
8609,1
8610,8
8611,1
8612,4
8613,4
8614,4
8615,4
8616,1
8617,1
8618,7
8619,7
8620,7
8621,8
8622,8
8623,8
8624,8
8625,2
8626,1
8627,4
8628,4
8629,1
8630,6
8631,8
8632,8
8633,1
8634,8
8635,1
8636,1
8637,8
8638,8
8639,8
8640,8
8641,4
8642,1
8643,1
8644,1
8645,8
8646,1
8647,1
8648,1
8649,1
8650,1
8651,1
8652,4
8653,1
8654,4
8655,4
8656,8
8657,2
8658,1
8659,1
8660,1
8661,7
8662,7
8663,7
8664,2
8665,1
8666,1
8667,1
8668,1
8669,4
8670,4
8671,8
8672,1
8673,8
8674,8
8675,8
8676,8
8677,8
8678,2
8679,1
8680,4
8681,7
8682,4
8683,7
8684,7
8685,1
8686,8
8687,8
8688,8
8689,8
8690,1
8691,1
8692,1
8693,4
8694,8
8695,6
8696,1
8697,1
8698,8
8699,1
8700,1
8701,8
8702,1
8703,1
8704,1
8705,6
8706,8
8707,1
8708,7
8709,4
8710,1
8711,4
8712,1
8713,1
8714,1
8715,8
8716,1
8717,8
8718,1
8719,4
8720,8
8721,8
8722,2
8723,1
8724,1
8725,1
8726,8
8727,1
8728,4
8729,1
8730,1
8731,1
8732,6
8733,4
8734,1
8735,1
8736,4
8737,1
8738,1
8739,8
8740,1
8741,1
8742,8
8743,6
8744,1
8745,1
8746,1
8747,1
8748,1
8749,1
8750,1
8751,8
8752,2
8753,1
8754,1
8755,1
8756,1
8757,8
8758,1
8759,1
8760,8
8761,8
8762,1
8763,4
8764,1
8765,2
8766,1
8767,2
8768,4
8769,4
8770,1
8771,8
8772,2
8773,2
8774,4
8775,1
8776,1
8777,8
8778,8
8779,1
8780,1
8781,8
8782,1
8783,1
8784,4
8785,8
8786,1
8787,1
8788,1
8789,1
8790,8
8791,1
8792,1
8793,1
8794,1
8795,1
8796,1
8797,4
8798,1
8799,8
8800,4
8801,1
8802,1
8803,8
8804,1
8805,1
8806,7
8807,1
8808,7
8809,7
8810,1
8811,1
8812,1
8813,8
8814,1
8815,1
8816,4
8817,1
8818,1
8819,1
8820,1
8821,1
8822,8
8823,8
8824,1
8825,8
8826,8
8827,8
8828,1
8829,1
8830,8
8831,4
8832,7
8833,8
8834,1
8835,4
8836,1
8837,8
8838,8
8839,1
8840,1
8841,1
8842,8
8843,7
8844,1
8845,7
8846,1
8847,4
8848,8
8849,8
8850,1
8851,1
8852,1
8853,4
8854,8
8855,4
8856,8
8857,1
8858,2
8859,8
8860,8
8861,1
8862,1
8863,8
8864,1
8865,8
8866,2
8867,7
8868,1
8869,1
8870,6
8871,8
8872,1
8873,4
8874,1
8875,1
8876,1
8877,1
8878,8
8879,8
8880,1
8881,4
8882,1
8883,1
8884,8
8885,1
8886,8
8887,1
8888,1
8889,1
8890,8
8891,1
8892,1
8893,1
8894,1
8895,1
8896,1
8897,8
8898,8
8899,7
8900,7
8901,1
8902,1
8903,8
8904,8
8905,1
8906,8
8907,6
8908,8
8909,1
8910,1
8911,1
8912,1
8913,1
8914,4
8915,8
8916,1
8917,1
8918,8
8919,1
8920,1
8921,1
8922,1
8923,1
8924,4
8925,1
8926,1
8927,1
8928,4
8929,1
8930,1
8931,1
8932,4
8933,1
8934,1
8935,8
8936,1
8937,1
8938,8
8939,8
8940,1
8941,8
8942,1
8943,1
8944,7
8945,1
8946,1
8947,8
8948,4
8949,1
8950,1
8951,1
8952,4
8953,2
8954,2
8955,4
8956,8
8957,1
8958,1
8959,1
8960,1
8961,1
8962,1
8963,8
8964,1
8965,1
8966,7
8967,7
8968,8
8969,1
8970,1
8971,1
8972,1
8973,1
8974,1
8975,2
8976,4
8977,1
8978,4
8979,4
8980,1
8981,1
8982,6
8983,8
8984,8
8985,1
8986,1
8987,1
8988,1
8989,1
8990,1
8991,7
8992,1
8993,4
8994,1
8995,7
8996,8
8997,1
8998,8
8999,8
9000,4
9001,8
9002,1
9003,1
9004,1
9005,1
9006,2
9007,1
9008,1
9009,8
9010,1
9011,1
9012,8
9013,4
9014,4
9015,1
9016,6
9017,8
9018,8
9019,1
9020,8
9021,1
9022,8
9023,4
9024,1
9025,2
9026,1
9027,1
9028,2
9029,1
9030,1
9031,1
9032,1
9033,8
9034,4
9035,1
9036,1
9037,1
9038,7
9039,1
9040,1
9041,1
9042,1
9043,1
9044,1
9045,1
9046,1
9047,1
9048,1
9049,1
9050,4
9051,4
9052,4
9053,4
9054,8
9055,8
9056,8
9057,1
9058,1
9059,1
9060,1
9061,1
9062,1
9063,1
9064,2
9065,1
9066,2
9067,2
9068,2
9069,1
9070,2
9071,7
9072,1
9073,1
9074,4
9075,1
9076,4
9077,4
9078,7
9079,1
9080,1
9081,1
9082,1
9083,1
9084,1
9085,1
9086,1
9087,7
9088,8
9089,1
9090,4
9091,1
9092,1
9093,8
9094,1
9095,1
9096,1
9097,7
9098,8
9099,8
9100,1
9101,1
9102,1
9103,4
9104,8
9105,1
9106,1
9107,7
9108,4
9109,4
9110,1
9111,8
9112,2
9113,8
9114,1
9115,1
9116,4
9117,4
9118,8
9119,8
9120,1
9121,8
9122,1
9123,8
9124,1
9125,8
9126,2
9127,2
9128,1
9129,1
9130,8
9131,8
9132,8
9133,1
9134,8
9135,1
9136,4
9137,4
9138,1
9139,2
9140,1
9141,4
9142,1
9143,1
9144,8
9145,8
9146,1
9147,1
9148,1
9149,8
9150,1
9151,1
9152,1
9153,7
9154,1
9155,6
9156,1
9157,8
9158,1
9159,1
9160,1
9161,1
9162,8
9163,8
9164,1
9165,1
9166,1
9167,1
9168,1
9169,1
9170,1
9171,4
9172,1
9173,1
9174,1
9175,8
9176,1
9177,1
9178,1
9179,8
9180,1
9181,1
9182,8
9183,1
9184,1
9185,1
9186,1
9187,7
9188,4
9189,1
9190,1
9191,7
9192,1
9193,8
9194,8
9195,4
9196,1
9197,1
9198,8
9199,1
9200,1
9201,1
9202,1
9203,4
9204,7
9205,8
9206,4
9207,2
9208,8
9209,1
9210,8
9211,2
9212,1
9213,8
9214,1
9215,1
9216,8
9217,4
9218,1
9219,1
9220,2
9221,1
9222,8
9223,8
9224,8
9225,7
9226,1
9227,1
9228,1
9229,1
9230,1
9231,8
9232,1
9233,4
9234,4
9235,4
9236,1
9237,1
9238,8
9239,8
9240,1
9241,2
9242,2
9243,4
9244,8
9245,2
9246,8
9247,1
9248,1
9249,2
9250,8
9251,8
9252,1
9253,7
9254,1
9255,1
9256,1
9257,1
9258,4
9259,1
9260,8
9261,8
9262,1
9263,7
9264,7
9265,8
9266,7
9267,6
9268,1
9269,4
9270,1
9271,8
9272,8
9273,1
9274,4
9275,5
9276,6
9277,1
9278,5
9279,1
9280,1
9281,7
9282,7
9283,7
9284,1
9285,1
9286,5
9287,1
9288,8
9289,5
9290,5
9291,1
9292,8
9293,5
9294,8
9295,1
9296,1
9297,8
9298,1
9299,1
9300,5
9301,5
9302,5
9303,5
9304,8
9305,1
9306,5
9307,6
9308,6
9309,1
9310,5
9311,4
9312,1
9313,5
9314,1
9315,7
9316,5
9317,5
9318,8
9319,1
9320,1
9321,1
9322,5
9323,5
9324,8
9325,1
9326,8
9327,1
9328,7
9329,4
9330,4
9331,1
9332,2
9333,8
9334,1
9335,8
9336,1
9337,5
9338,5
9339,2
9340,1
9341,1
9342,8
9343,8
9344,8
9345,4
9346,1
9347,4
9348,1
9349,5
9350,1
9351,1
9352,1
9353,5
9354,8
9355,1
9356,4
9357,1
9358,4
9359,8
9360,8
9361,5
9362,5
9363,5
9364,5
9365,8
9366,8
9367,8
9368,1
9369,4
9370,1
9371,1
9372,1
9373,1
9374,5
9375,5
9376,1
9377,1
9378,1
9379,8
9380,8
9381,4
9382,5
9383,6
9384,5
9385,5
9386,5
9387,1
9388,1
9389,5
9390,4
9391,4
9392,5
9393,8
9394,1
9395,8
9396,1
9397,1
9398,7
9399,1
9400,1
9401,2
9402,5
9403,1
9404,1
9405,1
9406,1
9407,1
9408,5
9409,1
9410,1
9411,5
9412,1
9413,8
9414,1
9415,1
9416,1
9417,4
9418,5
9419,1
9420,1
9421,5
9422,4
9423,4
9424,8
9425,5
9426,1
9427,1
9428,4
9429,1
9430,1
9431,1
9432,5
9433,5
9434,2
9435,5
9436,8
9437,2
9438,8
9439,5
9440,4
9441,4
9442,5
9443,8
9444,7
9445,5
9446,4
9447,4
9448,1
9449,4
9450,5
9451,1
9452,1
9453,1
9454,1
9455,1
9456,7
9457,7
9458,1
9459,1
9460,5
9461,5
9462,1
9463,1
9464,4
9465,4
9466,1
9467,4
9468,5
9469,2
9470,4
9471,4
9472,4
9473,1
9474,1
9475,1
9476,1
9477,5
9478,8
9479,5
9480,1
9481,5
9482,5
9483,5
9484,5
9485,5
9486,8
9487,1
9488,4
9489,5
9490,1
9491,1
9492,7
9493,1
9494,5
9495,4
9496,4
9497,2
9498,5
9499,5
9500,5
9501,1
9502,1
9503,5
9504,4
9505,8
9506,5
9507,1
9508,1
9509,5
9510,1
9511,5
9512,8
9513,4
9514,6
9515,7
9516,5
9517,1
9518,4
9519,1
9520,1
9521,2
9522,1
9523,1
9524,8
9525,8
9526,1
9527,1
9528,7
9529,5
9530,5
9531,1
9532,1
9533,1
9534,1
9535,8
9536,2
9537,1
9538,6
9539,4
9540,8
9541,1
9542,1
9543,5
9544,1
9545,4
9546,5
9547,2
9548,5
9549,1
9550,1
9551,8
9552,8
9553,5
9554,8
9555,5
9556,8
9557,8
9558,7
9559,4
9560,1
9561,1
9562,5
9563,1
9564,4
9565,1
9566,8
9567,1
9568,4
9569,5
9570,1
9571,1
9572,1
9573,5
9574,5
9575,2
9576,5
9577,5
9578,1
9579,1
9580,1
9581,1
9582,1
9583,5
9584,4
9585,1
9586,5
9587,1
9588,8
9589,8
9590,8
9591,8
9592,8
9593,1
9594,8
9595,2
9596,1
9597,8
9598,5
9599,1
9600,7
9601,5
9602,4
9603,1
9604,5
9605,7
9606,8
9607,8
9608,8
9609,8
9610,5
9611,1
9612,5
9613,7
9614,1
9615,1
9616,1
9617,5
9618,5
9619,1
9620,1
9621,1
9622,4
9623,1
9624,5
9625,8
9626,1
9627,1
9628,1
9629,4
9630,1
9631,1
9632,1
9633,1
9634,8
9635,4
9636,4
9637,1
9638,1
9639,1
9640,1
9641,1
9642,5
9643,4
9644,1
9645,1
9646,5
9647,5
9648,7
9649,7
9650,8
9651,1
9652,5
9653,4
9654,5
9655,1
9656,8
9657,4
9658,5
9659,1
9660,8
9661,1
9662,1
9663,8
9664,4
9665,1
9666,4
9667,5
9668,5
9669,5
9670,7
9671,8
9672,8
9673,5
9674,1
9675,8
9676,5
9677,5
9678,5
9679,7
9680,8
9681,5
9682,4
9683,1
9684,1
9685,1
9686,5
9687,5
9688,5
9689,8
9690,1
9691,1
9692,5
9693,8
9694,2
9695,1
9696,5
9697,5
9698,4
9699,4
9700,7
9701,1
9702,8
9703,1
9704,5
9705,5
9706,1
9707,1
9708,1
9709,1
9710,5
9711,1
9712,7
9713,1
9714,6
9715,2
9716,2
9717,5
9718,5
9719,5
9720,2
9721,5
9722,1
9723,5
9724,1
9725,1
9726,1
9727,5
9728,1
9729,1
9730,4
9731,1
9732,1
9733,8
9734,5
9735,1
9736,1
9737,2
9738,1
9739,1
9740,1
9741,5
9742,1
9743,2
9744,1
9745,1
9746,6
9747,1
9748,8
9749,1
9750,4
9751,1
9752,1
9753,5
9754,1
9755,5
9756,2
9757,5
9758,7
9759,5
9760,5
9761,1
9762,1
9763,8
9764,1
9765,7
9766,5
9767,1
9768,4
9769,4
9770,4
9771,1
9772,8
9773,8
9774,1
9775,7
9776,4
9777,1
9778,5
9779,1
9780,7
9781,7
9782,1
9783,4
9784,8
9785,1
9786,5
9787,5
9788,1
9789,5
9790,1
9791,8
9792,1
9793,7
9794,2
9795,6
9796,5
9797,5
9798,1
9799,5
9800,5
9801,4
9802,4
9803,1
9804,4
9805,5
9806,7
9807,7
9808,1
9809,8
9810,5
9811,5
9812,5
9813,4
9814,8
9815,5
9816,4
9817,1
9818,1
9819,8
9820,5
9821,6
9822,1
9823,8
9824,8
9825,1
9826,1
9827,5
9828,5
9829,2
9830,8
9831,1
9832,8
9833,4
9834,8
9835,1
9836,8
9837,5
9838,4
9839,1
9840,1
9841,1
9842,1
9843,5
9844,1
9845,7
9846,5
9847,5
9848,5
9849,1
9850,5
9851,4
9852,8
9853,1
9854,1
9855,8
9856,4
9857,8
9858,1
9859,5
9860,5
9861,1
9862,1
9863,5
9864,5
9865,1
9866,2
9867,1
9868,5
9869,7
9870,1
9871,5
9872,5
9873,1
9874,1
9875,6
9876,4
9877,5
9878,1
9879,1
9880,5
9881,1
9882,1
9883,1
9884,8
9885,5
9886,1
9887,1
9888,4
9889,5
9890,1
9891,1
9892,4
9893,6
9894,1
9895,1
9896,1
9897,5
9898,1
9899,1
9900,1
9901,5
9902,7
9903,7
9904,1
9905,1
9906,4
9907,7
9908,5
9909,1
9910,5
9911,8
9912,8
9913,4
9914,1
9915,1
9916,5
9917,5
9918,5
9919,5
9920,5
9921,4
9922,4
9923,5
9924,5
9925,8
9926,8
9927,5
9928,8
9929,1
9930,1
9931,1
9932,1
9933,1
9934,1
9935,5
9936,5
9937,8
9938,5
9939,5
9940,5
9941,5
9942,8
9943,8
9944,8
9945,8
9946,4
9947,1
9948,1
9949,4
9950,1
9951,8
9952,8
9953,7
9954,1
9955,5
9956,5
9957,8
9958,1
9959,4
9960,1
9961,4
9962,1
9963,5
9964,1
9965,4
9966,5
9967,1
9968,1
9969,1
9970,5
9971,5
9972,1
9973,1
9974,1
9975,1
9976,6
9977,7
9978,4
9979,1
9980,1
9981,5
9982,8
9983,1
9984,8
9985,5
9986,8
9987,1
9988,5
9989,2
9990,7
9991,8
9992,8
9993,5
9994,5
9995,5
9996,5
9997,1
9998,2
9999,1
10000,8
10001,5
10002,5
10003,8
10004,8
10005,8
10006,8
10007,4
10008,5
10009,5
10010,8
10011,8
10012,1
10013,8
10014,1
10015,1
10016,1
10017,5
10018,7
10019,8
10020,1
10021,1
10022,1
10023,1
10024,5
10025,5
10026,5
10027,5
10028,8
10029,1
10030,5
10031,4
10032,4
10033,1
10034,1
10035,1
10036,1
10037,7
10038,5
10039,1
10040,7
10041,5
10042,1
10043,1
10044,1
10045,5
10046,5
10047,5
10048,1
10049,8
10050,8
10051,5
10052,5
10053,5
10054,2
10055,1
10056,8
10057,5
10058,8
10059,8
10060,5
10061,5
10062,8
10063,8
10064,1
10065,1
10066,1
10067,5
10068,5
10069,1
10070,1
10071,8
10072,1
10073,5
10074,5
10075,2
10076,5
10077,5
10078,5
10079,5
10080,1
10081,8
10082,2
10083,4
10084,5
10085,7
10086,2
10087,2
10088,1
10089,1
10090,7
10091,7
10092,5
10093,4
10094,1
10095,4
10096,5
10097,1
10098,1
10099,5
10100,4
10101,1
10102,8
10103,5
10104,5
10105,1
10106,1
10107,5
10108,5
10109,4
10110,1
10111,2
10112,4
10113,1
10114,1
10115,1
10116,1
10117,5
10118,7
10119,1
10120,1
10121,5
10122,4
10123,1
10124,5
10125,5
10126,8
10127,8
10128,5
10129,4
10130,4
10131,1
10132,1
10133,4
10134,4
10135,1
10136,1
10137,5
10138,1
10139,1
10140,1
10141,1
10142,5
10143,5
10144,5
10145,1
10146,1
10147,1
10148,1
10149,1
10150,8
10151,1
10152,1
10153,8
10154,4
10155,1
10156,8
10157,5
10158,2
10159,5
10160,5
10161,1
10162,6
10163,1
10164,1
10165,1
10166,4
10167,4
10168,4
10169,8
10170,5
10171,8
10172,1
10173,1
10174,1
10175,5
10176,1
10177,1
10178,8
10179,8
10180,4
10181,5
10182,5
10183,1
10184,2
10185,5
10186,5
10187,5
10188,5
10189,5
10190,1
10191,5
10192,1
10193,1
10194,8
10195,4
10196,8
10197,8
10198,8
10199,4
10200,4
10201,4
10202,4
10203,4
10204,4
10205,4
10206,4
10207,4
10208,4
10209,4
10210,8
10211,8
10212,8
10213,8
10214,4
10215,4
10216,2
10217,8
10218,8
10219,2
10220,8
10221,4
10222,8
10223,4
10224,4
10225,4
10226,4
10227,4
10228,8
10229,8
10230,8
10231,4
10232,8
10233,8
10234,4
10235,2
10236,4
10237,4
10238,8
10239,8
10240,2
10241,8
10242,8
10243,8
10244,2
10245,8
10246,8
10247,8
10248,8
10249,2
10250,8
10251,4
10252,4
10253,8
10254,4
10255,4
10256,4
10257,8
10258,8
10259,8
10260,8
10261,8
10262,8
10263,8
10264,8
10265,4
10266,8
10267,2
10268,8
10269,2
10270,4
10271,4
10272,8
10273,8
10274,8
10275,8
10276,8
10277,4
10278,4
10279,8
10280,8
10281,8
10282,8
10283,8
10284,4
10285,4
10286,8
10287,2
10288,8
10289,8
10290,4
10291,4
10292,8
10293,4
10294,4
10295,8
10296,8
10297,2
10298,8
10299,4
10300,4
10301,8
10302,8
10303,8
10304,8
10305,8
10306,8
10307,8
10308,4
10309,4
10310,8
10311,4
10312,4
10313,8
10314,4
10315,4
10316,4
10317,8
10318,8
10319,8
10320,4
10321,4
10322,8
10323,8
10324,4
10325,8
10326,4
10327,4
10328,8
10329,2
10330,8
10331,8
10332,4
10333,8
10334,8
10335,8
10336,4
10337,8
10338,4
10339,2
10340,8
10341,4
10342,4
10343,4
10344,8
10345,2
10346,4
10347,8
10348,8
10349,8
10350,8
10351,8
10352,8
10353,8
10354,8
10355,4
10356,4
10357,4
10358,2
10359,2
10360,4
10361,8
10362,8
10363,4
10364,8
10365,8
10366,4
10367,8
10368,8
10369,8
10370,2
10371,4
10372,8
10373,8
10374,8
10375,4
10376,8
10377,8
10378,4
10379,8
10380,4
10381,4
10382,8
10383,8
10384,8
10385,4
10386,8
10387,8
10388,4
10389,4
10390,4
10391,4
10392,8
10393,4
10394,8
10395,8
10396,2
10397,2
10398,8
10399,2
10400,2
10401,8
10402,8
10403,4
10404,2
10405,2
10406,2
10407,8
10408,8
10409,4
10410,4
10411,8
10412,8
10413,8
10414,8
10415,8
10416,8
10417,2
10418,8
10419,4
10420,8
10421,8
10422,4
10423,4
10424,8
10425,4
10426,8
10427,4
10428,8
10429,8
10430,8
10431,4
10432,4
10433,4
10434,4
10435,8
10436,8
10437,8
10438,8
10439,4
10440,8
10441,2
10442,4
10443,4
10444,8
10445,2
10446,8
10447,8
10448,4
10449,8
10450,8
10451,4
10452,8
10453,8
10454,8
10455,4
10456,2
10457,4
10458,8
10459,8
10460,8
10461,8
10462,4
10463,4
10464,8
10465,4
10466,8
10467,8
10468,8
10469,8
10470,8
10471,8
10472,4
10473,8
10474,4
10475,4
10476,4
10477,8
10478,8
10479,4
10480,2
10481,4
10482,8
10483,4
10484,8
10485,2
10486,4
10487,8
10488,4
10489,8
10490,8
