ID,SA4_ID
1,1
2,2
3,3
4,4
5,5
6,6
7,7
8,8
9,3
10,9
11,10
12,11
13,9
14,12
15,13
16,10
17,14
18,15
19,16
20,17
21,18
22,7
23,6
24,9
25,9
26,19
27,20
28,20
29,12
30,9
31,21
32,3
33,4
34,4
35,19
36,22
37,15
38,23
39,13
40,13
41,4
42,21
43,6
44,19
45,24
46,24
47,4
48,25
49,4
50,11
51,16
52,16
53,5
54,5
55,26
56,27
57,28
58,12
59,18
60,24
61,6
62,12
63,23
64,29
65,30
66,14
67,12
68,31
69,32
70,21
71,32
72,15
73,4
74,33
75,34
76,1
77,4
78,20
79,29
80,11
81,27
82,15
83,2
84,12
85,35
86,14
87,9
88,9
89,7
90,36
91,37
92,38
93,39
94,32
95,2
96,25
97,14
98,40
99,36
100,24
101,40
102,19
103,27
104,19
105,41
106,41
107,14
108,14
109,37
110,15
111,12
112,7
113,42
114,34
115,16
116,43
117,44
118,45
119,4
120,4
121,30
122,3
123,11
124,11
125,15
126,13
127,6
128,18
129,5
130,46
131,28
132,7
133,7
134,16
135,11
136,2
137,47
138,15
139,48
140,11
141,11
142,49
143,40
144,7
145,27
146,13
147,15
148,15
149,9
150,32
151,19
152,41
153,50
154,2
155,6
156,35
157,12
158,37
159,24
160,14
161,27
162,27
163,1
164,16
165,4
166,51
167,37
168,37
169,36
170,12
171,52
172,22
173,20
174,14
175,52
176,26
177,3
178,44
179,35
180,19
181,19
182,53
183,25
184,16
185,28
186,41
187,39
188,20
189,52
190,34
191,7
192,37
193,31
194,14
195,21
196,41
197,54
198,10
199,21
200,13
201,20
202,35
203,22
204,15
205,50
206,41
207,51
208,55
209,11
210,35
211,31
212,31
213,9
214,9
215,13
216,31
217,37
218,51
219,19
220,41
221,38
222,27
223,6
224,12
225,56
226,56
227,53
228,13
229,42
230,18
231,43
232,57
233,58
234,44
235,35
236,10
237,39
238,54
239,57
240,15
241,59
242,37
243,11
244,60
245,55
246,58
247,15
248,43
249,14
250,14
251,18
252,8
253,61
254,62
255,55
256,10
257,34
258,34
259,31
260,25
261,13
262,25
263,32
264,22
265,22
266,22
267,22
268,63
269,36
270,1
271,21
272,64
273,14
274,1
275,53
276,52
277,52
278,14
279,33
280,53
281,65
282,66
283,38
284,27
285,59
286,18
287,32
288,15
289,4
290,4
291,64
292,45
293,29
294,55
295,9
296,59
297,20
298,15
299,67
300,45
301,54
302,34
303,59
304,19
305,40
306,24
307,7
308,59
309,38
310,22
311,15
312,28
313,7
314,30
315,24
316,67
317,4
318,32
319,32
320,59
321,59
322,68
323,68
324,54
325,27
326,27
327,63
328,59
329,65
330,12
331,12
332,24
333,41
334,8
335,17
336,16
337,21
338,13
339,14
340,18
341,7
342,38
343,57
344,52
345,16
346,23
347,4
348,67
349,14
350,40
351,10
352,42
353,3
354,19
355,19
356,41
357,69
358,45
359,4
360,4
361,63
362,63
363,65
364,22
365,52
366,67
367,43
368,40
369,41
370,60
371,55
372,38
373,20
374,20
375,20
376,53
377,15
378,67
379,20
380,61
381,70
382,12
383,23
384,3
385,27
386,53
387,33
388,17
389,6
390,33
391,38
392,9
393,21
394,45
395,12
396,41
397,27
398,9
399,27
400,6
401,20
402,69
403,69
404,63
405,63
406,21
407,13
408,71
409,26
410,14
411,30
412,4
413,8
414,16
415,16
416,55
417,43
418,39
419,16
420,60
421,60
422,4
423,4
424,72
425,4
426,54
427,3
428,3
429,50
430,21
431,15
432,15
433,50
434,26
435,48
436,11
437,8
438,66
439,49
440,39
441,37
442,38
443,11
444,11
445,11
446,21
447,18
448,18
449,22
450,52
451,24
452,16
453,34
454,20
455,43
456,35
457,62
458,63
459,63
460,15
461,73
462,9
463,47
464,9
465,1
466,37
467,33
468,5
469,19
470,40
471,72
472,52
473,4
474,4
475,66
476,38
477,57
478,15
479,60
480,12
481,12
482,67
483,25
484,40
485,7
486,4
487,34
488,11
489,11
490,53
491,53
492,68
493,37
494,63
495,67
496,63
497,31
498,31
499,7
500,36
501,61
502,74
503,14
504,25
505,38
506,38
507,46
508,34
509,35
510,22
511,23
512,7
513,7
514,7
515,59
516,27
517,33
518,23
519,14
520,66
521,22
522,62
523,24
524,27
525,52
526,24
527,24
528,46
529,70
530,7
531,17
532,59
533,20
534,20
535,20
536,26
537,32
538,7
539,67
540,23
541,61
542,40
543,23
544,21
545,28
546,28
547,22
548,31
549,26
550,43
551,43
552,68
553,50
554,50
555,73
556,43
557,48
558,27
559,62
560,44
561,55
562,33
563,26
564,38
565,53
566,54
567,37
568,30
569,2
570,29
571,70
572,12
573,32
574,7
575,6
576,6
577,30
578,65
579,75
580,16
581,20
582,36
583,26
584,41
585,70
586,38
587,9
588,38
589,41
590,15
591,52
592,16
593,40
594,50
595,49
596,17
597,17
598,62
599,62
600,13
601,15
602,15
603,15
604,39
605,31
606,50
607,18
608,45
609,29
610,41
611,7
612,48
613,38
614,38
615,65
616,22
617,13
618,41
619,39
620,3
621,61
622,17
623,17
624,17
625,17
626,62
627,26
628,62
629,38
630,26
631,15
632,15
633,67
634,46
635,46
636,45
637,9
638,53
639,9
640,32
641,18
642,59
643,38
644,36
645,12
646,10
647,38
648,63
649,51
650,40
651,16
652,8
653,63
654,17
655,73
656,73
657,73
658,48
659,48
660,3
661,55
662,21
663,76
664,15
665,74
666,27
667,16
668,32
669,16
670,77
671,9
672,53
673,16
674,11
675,4
676,43
677,22
678,73
679,15
680,32
681,49
682,49
683,4
684,26
685,22
686,12
687,15
688,70
689,32
690,7
691,27
692,53
693,44
694,65
695,20
696,73
697,16
698,76
699,52
700,4
701,7
702,7
703,23
704,23
705,23
706,53
707,53
708,4
709,14
710,62
711,62
712,3
713,50
714,53
715,37
716,28
717,48
718,48
719,39
720,18
721,38
722,54
723,23
724,25
725,54
726,43
727,2
728,17
729,17
730,44
731,18
732,9
733,58
734,6
735,27
736,21
737,3
738,53
739,42
740,32
741,77
742,39
743,11
744,39
745,24
746,39
747,3
748,62
749,66
750,46
751,53
752,65
753,39
754,18
755,15
756,15
757,15
758,39
759,43
760,10
761,3
762,16
763,55
764,67
765,59
766,27
767,50
768,63
769,11
770,63
771,22
772,5
773,73
774,43
775,60
776,16
777,76
778,23
779,50
780,19
781,4
782,63
783,9
784,9
785,38
786,70
787,14
788,15
789,67
790,31
791,73
792,73
793,21
794,53
795,54
796,12
797,50
798,19
799,76
800,5
801,38
802,43
803,35
804,33
805,33
806,4
807,51
808,63
809,16
810,6
811,67
812,60
813,37
814,22
815,29
816,73
817,20
818,46
819,44
820,36
821,36
822,29
823,6
824,6
825,9
826,41
827,14
828,9
829,15
830,13
831,13
832,53
833,53
834,38
835,53
836,9
837,53
838,38
839,7
840,32
841,27
842,15
843,39
844,20
845,55
846,68
847,21
848,40
849,12
850,12
851,6
852,32
853,32
854,32
855,32
856,36
857,54
858,78
859,39
860,47
861,42
862,22
863,50
864,38
865,4
866,4
867,4
868,70
869,67
870,12
871,1
872,27
873,11
874,41
875,52
876,70
877,36
878,43
879,4
880,34
881,53
882,59
883,24
884,35
885,73
886,20
887,2
888,22
889,11
890,15
891,21
892,38
893,21
894,67
895,25
896,6
897,34
898,4
899,39
900,77
901,11
902,12
903,35
904,4
905,7
906,20
907,16
908,29
909,13
910,34
911,25
912,59
913,17
914,30
915,62
916,58
917,46
918,47
919,29
920,13
921,16
922,59
923,7
924,18
925,18
926,57
927,2
928,2
929,8
930,19
931,53
932,39
933,8
934,9
935,39
936,6
937,33
938,27
939,63
940,63
941,12
942,15
943,65
944,27
945,13
946,65
947,29
948,77
949,46
950,59
951,59
952,18
953,18
954,41
955,21
956,35
957,5
958,62
959,36
960,36
961,62
962,50
963,51
964,45
965,54
966,14
967,16
968,43
969,11
970,31
971,70
972,56
973,20
974,22
975,41
976,13
977,66
978,60
979,25
980,35
981,33
982,44
983,35
984,35
985,41
986,69
987,7
988,69
989,16
990,16
991,16
992,4
993,38
994,54
995,29
996,50
997,50
998,27
999,1
1000,53
1001,66
1002,28
1003,60
1004,50
1005,41
1006,6
1007,49
1008,6
1009,60
1010,67
1011,46
1012,14
1013,11
1014,1
1015,1
1016,16
1017,66
1018,5
1019,14
1020,31
1021,31
1022,3
1023,38
1024,59
1025,43
1026,16
1027,55
1028,32
1029,32
1030,56
1031,16
1032,13
1033,31
1034,57
1035,23
1036,23
1037,38
1038,25
1039,40
1040,53
1041,9
1042,38
1043,55
1044,29
1045,7
1046,15
1047,18
1048,59
1049,64
1050,9
1051,38
1052,69
1053,27
1054,52
1055,57
1056,41
1057,4
1058,15
1059,23
1060,53
1061,4
1062,18
1063,59
1064,52
1065,45
1066,73
1067,54
1068,15
1069,4
1070,4
1071,4
1072,55
1073,1
1074,44
1075,18
1076,27
1077,27
1078,55
1079,56
1080,19
1081,26
1082,35
1083,16
1084,11
1085,75
1086,9
1087,72
1088,52
1089,54
1090,29
1091,29
1092,20
1093,6
1094,29
1095,4
1096,69
1097,54
1098,12
1099,27
1100,4
1101,4
1102,11
1103,9
1104,9
1105,19
1106,17
1107,12
1108,31
1109,11
1110,42
1111,1
1112,52
1113,55
1114,15
1115,35
1116,2
1117,1
1118,42
1119,14
1120,24
1121,32
1122,29
1123,16
1124,28
1125,16
1126,20
1127,17
1128,43
1129,78
1130,66
1131,15
1132,24
1133,16
1134,42
1135,16
1136,1
1137,7
1138,20
1139,24
1140,24
1141,13
1142,16
1143,14
1144,40
1145,38
1146,63
1147,37
1148,75
1149,37
1150,19
1151,32
1152,11
1153,46
1154,54
1155,22
1156,16
1157,38
1158,25
1159,39
1160,8
1161,59
1162,13
1163,22
1164,68
1165,15
1166,6
1167,8
1168,41
1169,60
1170,72
1171,65
1172,15
1173,15
1174,20
1175,15
1176,43
1177,47
1178,45
1179,45
1180,54
1181,53
1182,56
1183,38
1184,69
1185,77
1186,31
1187,25
1188,15
1189,21
1190,66
1191,28
1192,19
1193,3
1194,36
1195,39
1196,72
1197,72
1198,65
1199,6
1200,38
1201,39
1202,14
1203,30
1204,30
1205,48
1206,69
1207,6
1208,6
1209,6
1210,60
1211,61
1212,55
1213,67
1214,68
1215,11
1216,51
1217,2
1218,15
1219,9
1220,45
1221,15
1222,31
1223,52
1224,42
1225,38
1226,29
1227,7
1228,37
1229,7
1230,12
1231,34
1232,69
1233,63
1234,76
1235,76
1236,45
1237,66
1238,66
1239,29
1240,29
1241,76
1242,51
1243,24
1244,27
1245,14
1246,9
1247,61
1248,78
1249,55
1250,1
1251,74
1252,11
1253,27
1254,71
1255,18
1256,53
1257,19
1258,63
1259,15
1260,31
1261,31
1262,22
1263,36
1264,20
1265,71
1266,71
1267,15
1268,34
1269,57
1270,55
1271,16
1272,4
1273,4
1274,35
1275,15
1276,15
1277,63
1278,43
1279,39
1280,49
1281,25
1282,20
1283,4
1284,38
1285,7
1286,65
1287,62
1288,52
1289,41
1290,67
1291,67
1292,17
1293,17
1294,57
1295,23
1296,1
1297,35
1298,35
1299,40
1300,59
1301,49
1302,24
1303,24
1304,39
1305,28
1306,16
1307,43
1308,18
1309,55
1310,42
1311,59
1312,18
1313,18
1314,15
1315,11
1316,24
1317,67
1318,63
1319,53
1320,15
1321,17
1322,53
1323,73
1324,60
1325,1
1326,41
1327,19
1328,5
1329,16
1330,52
1331,39
1332,22
1333,17
1334,45
1335,53
1336,17
1337,17
1338,2
1339,51
1340,3
1341,32
1342,66
1343,41
1344,54
1345,52
1346,19
1347,37
1348,19
1349,1
1350,43
1351,15
1352,24
1353,16
1354,78
1355,21
1356,65
1357,51
1358,30
1359,32
1360,51
1361,32
1362,69
1363,24
1364,20
1365,7
1366,9
1367,39
1368,20
1369,67
1370,9
1371,27
1372,39
1373,15
1374,22
1375,35
1376,11
1377,53
1378,53
1379,53
1380,53
1381,54
1382,59
1383,72
1384,67
1385,67
1386,20
1387,1
1388,69
1389,63
1390,40
1391,7
1392,54
1393,25
1394,9
1395,67
1396,27
1397,27
1398,12
1399,33
1400,35
1401,17
1402,15
1403,29
1404,43
1405,4
1406,43
1407,22
1408,38
1409,63
1410,5
1411,52
1412,52
1413,52
1414,66
1415,9
1416,7
1417,41
1418,27
1419,62
1420,32
1421,41
1422,23
1423,15
1424,26
1425,39
1426,72
1427,16
1428,20
1429,26
1430,11
1431,15
1432,43
1433,63
1434,38
1435,50
1436,61
1437,61
1438,41
1439,70
1440,27
1441,49
1442,50
1443,4
1444,10
1445,60
1446,55
1447,7
1448,48
1449,1
1450,17
1451,55
1452,44
1453,32
1454,23
1455,11
1456,25
1457,77
1458,39
1459,63
1460,43
1461,61
1462,39
1463,48
1464,22
1465,68
1466,1
1467,60
1468,41
1469,78
1470,50
1471,8
1472,53
1473,58
1474,4
1475,1
1476,4
1477,38
1478,9
1479,5
1480,20
1481,47
1482,57
1483,48
1484,61
1485,16
1486,11
1487,7
1488,52
1489,38
1490,77
1491,20
1492,39
1493,14
1494,2
1495,12
1496,15
1497,53
1498,37
1499,77
1500,21
1501,53
1502,13
1503,31
1504,11
1505,50
1506,20
1507,67
1508,55
1509,72
1510,3
1511,75
1512,60
1513,54
1514,53
1515,14
1516,7
1517,45
1518,41
1519,21
1520,54
1521,27
1522,33
1523,31
1524,40
1525,46
1526,22
1527,60
1528,26
1529,8
1530,39
1531,31
1532,71
1533,15
1534,56
1535,77
1536,51
1537,47
1538,11
1539,4
1540,38
1541,48
1542,16
1543,41
1544,51
1545,7
1546,49
1547,69
1548,30
1549,52
1550,14
1551,14
1552,14
1553,14
1554,14
1555,14
1556,14
1557,14
1558,14
1559,14
1560,36
1561,16
1562,41
1563,21
1564,8
1565,19
1566,61
1567,67
1568,43
1569,67
1570,16
1571,66
1572,62
1573,17
1574,61
1575,5
1576,53
1577,11
1578,66
1579,38
1580,32
1581,52
1582,5
1583,20
1584,9
1585,52
1586,19
1587,21
1588,23
1589,23
1590,16
1591,15
1592,22
1593,45
1594,9
1595,27
1596,1
1597,7
1598,12
1599,59
1600,55
1601,39
1602,20
1603,7
1604,41
1605,59
1606,18
1607,12
1608,23
1609,24
1610,19
1611,8
1612,15
1613,40
1614,40
1615,14
1616,31
1617,21
1618,21
1619,77
1620,43
1621,11
1622,32
1623,21
1624,9
1625,9
1626,18
1627,19
1628,69
1629,41
1630,8
1631,35
1632,15
1633,15
1634,16
1635,46
1636,18
1637,38
1638,19
1639,19
1640,78
1641,15
1642,40
1643,15
1644,73
1645,55
1646,5
1647,66
1648,66
1649,66
1650,56
1651,11
1652,11
1653,11
1654,11
1655,8
1656,62
1657,16
1658,35
1659,56
1660,41
1661,42
1662,41
1663,11
1664,54
1665,11
1666,33
1667,11
1668,4
1669,38
1670,11
1671,59
1672,67
1673,54
1674,71
1675,30
1676,32
1677,30
1678,1
1679,16
1680,12
1681,61
1682,34
1683,3
1684,13
1685,51
1686,53
1687,53
1688,40
1689,7
1690,15
1691,15
1692,15
1693,35
1694,17
1695,43
1696,52
1697,32
1698,11
1699,15
1700,63
1701,63
1702,63
1703,63
1704,63
1705,2
1706,17
1707,21
1708,25
1709,45
1710,49
1711,34
1712,61
1713,17
1714,35
1715,1
1716,1
1717,1
1718,1
1719,21
1720,25
1721,18
1722,20
1723,19
1724,31
1725,21
1726,21
1727,7
1728,12
1729,32
1730,3
1731,55
1732,42
1733,30
1734,23
1735,63
1736,56
1737,43
1738,6
1739,76
1740,14
1741,43
1742,32
1743,26
1744,25
1745,47
1746,51
1747,51
1748,51
1749,41
1750,9
1751,9
1752,35
1753,77
1754,21
1755,61
1756,12
1757,36
1758,4
1759,55
1760,4
1761,7
1762,63
1763,63
1764,62
1765,19
1766,47
1767,31
1768,21
1769,62
1770,62
1771,62
1772,35
1773,40
1774,53
1775,4
1776,63
1777,18
1778,12
1779,50
1780,7
1781,11
1782,64
1783,67
1784,9
1785,71
1786,60
1787,60
1788,35
1789,62
1790,67
1791,13
1792,6
1793,52
1794,28
1795,66
1796,9
1797,15
1798,7
1799,14
1800,39
1801,77
1802,11
1803,61
1804,38
1805,3
1806,23
1807,23
1808,33
1809,43
1810,56
1811,14
1812,26
1813,22
1814,11
1815,72
1816,9
1817,6
1818,41
1819,69
1820,1
1821,73
1822,9
1823,24
1824,9
1825,5
1826,52
1827,45
1828,42
1829,4
1830,32
1831,9
1832,11
1833,11
1834,41
1835,41
1836,11
1837,47
1838,18
1839,12
1840,16
1841,59
1842,4
1843,51
1844,41
1845,4
1846,4
1847,57
1848,15
1849,4
1850,22
1851,2
1852,4
1853,69
1854,6
1855,76
1856,61
1857,22
1858,19
1859,36
1860,41
1861,59
1862,33
1863,67
1864,35
1865,62
1866,23
1867,35
1868,40
1869,15
1870,7
1871,6
1872,39
1873,63
1874,50
1875,50
1876,33
1877,53
1878,63
1879,3
1880,33
1881,50
1882,15
1883,39
1884,20
1885,55
1886,45
1887,4
1888,5
1889,15
1890,38
1891,49
1892,53
1893,43
1894,57
1895,53
1896,53
1897,60
1898,12
1899,28
1900,12
1901,15
1902,25
1903,35
1904,26
1905,15
1906,63
1907,56
1908,55
1909,9
1910,50
1911,14
1912,49
1913,15
1914,15
1915,37
1916,10
1917,11
1918,20
1919,43
1920,38
1921,31
1922,1
1923,50
1924,69
1925,1
1926,9
1927,31
1928,35
1929,11
1930,41
1931,21
1932,55
1933,71
1934,9
1935,59
1936,37
1937,43
1938,21
1939,37
1940,39
1941,77
1942,30
1943,30
1944,60
1945,3
1946,44
1947,59
1948,59
1949,67
1950,6
1951,2
1952,4
1953,48
1954,4
1955,45
1956,7
1957,7
1958,7
1959,39
1960,45
1961,3
1962,73
1963,29
1964,25
1965,9
1966,9
1967,61
1968,15
1969,50
1970,63
1971,63
1972,63
1973,63
1974,27
1975,53
1976,18
1977,10
1978,17
1979,68
1980,11
1981,28
1982,43
1983,43
1984,43
1985,11
1986,11
1987,68
1988,6
1989,18
1990,56
1991,56
1992,35
1993,27
1994,12
1995,12
1996,48
1997,52
1998,52
1999,58
2000,10
2001,15
2002,5
2003,64
2004,31
2005,31
2006,9
2007,12
2008,71
2009,16
2010,24
2011,12
2012,12
2013,30
2014,4
2015,18
2016,41
2017,15
2018,16
2019,21
2020,10
2021,10
2022,31
2023,26
2024,1
2025,6
2026,6
2027,6
2028,74
2029,13
2030,34
2031,56
2032,27
2033,34
2034,27
2035,56
2036,43
2037,9
2038,15
2039,35
2040,37
2041,28
2042,38
2043,64
2044,43
2045,53
2046,61
2047,62
2048,67
2049,7
2050,55
2051,40
2052,12
2053,4
2054,4
2055,64
2056,28
2057,78
2058,67
2059,31
2060,38
2061,33
2062,24
2063,43
2064,43
2065,14
2066,18
2067,34
2068,21
2069,4
2070,27
2071,69
2072,4
2073,63
2074,35
2075,54
2076,17
2077,26
2078,34
2079,31
2080,15
2081,75
2082,39
2083,62
2084,15
2085,7
2086,49
2087,48
2088,67
2089,43
2090,53
2091,28
2092,62
2093,17
2094,4
2095,50
2096,15
2097,15
2098,52
2099,38
2100,27
2101,59
2102,71
2103,58
2104,7
2105,7
2106,32
2107,33
2108,11
2109,3
2110,76
2111,55
2112,50
2113,1
2114,7
2115,14
2116,42
2117,52
2118,20
2119,59
2120,16
2121,21
2122,39
2123,64
2124,64
2125,71
2126,12
2127,43
2128,72
2129,50
2130,67
2131,31
2132,2
2133,67
2134,35
2135,77
2136,40
2137,25
2138,11
2139,11
2140,73
2141,10
2142,49
2143,69
2144,14
2145,53
2146,53
2147,26
2148,64
2149,62
2150,67
2151,44
2152,50
2153,18
2154,12
2155,54
2156,44
2157,44
2158,41
2159,6
2160,49
2161,73
2162,18
2163,44
2164,44
2165,44
2166,11
2167,22
2168,21
2169,12
2170,46
2171,11
2172,56
2173,39
2174,45
2175,20
2176,9
2177,13
2178,14
2179,39
2180,38
2181,24
2182,27
2183,67
2184,1
2185,12
2186,39
2187,59
2188,26
2189,43
2190,13
2191,8
2192,34
2193,11
2194,3
2195,15
2196,27
2197,19
2198,16
2199,16
2200,50
2201,24
2202,10
2203,11
2204,16
2205,36
2206,10
2207,21
2208,67
2209,9
2210,24
2211,3
2212,29
2213,4
2214,58
2215,27
2216,53
2217,11
2218,7
2219,39
2220,52
2221,20
2222,25
2223,25
2224,33
2225,9
2226,60
2227,43
2228,19
2229,61
2230,57
2231,39
2232,72
2233,29
2234,27
2235,67
2236,14
2237,37
2238,11
2239,21
2240,16
2241,19
2242,3
2243,25
2244,39
2245,27
2246,65
2247,60
2248,36
2249,38
2250,58
2251,59
2252,18
2253,6
2254,24
2255,34
2256,16
2257,40
2258,66
2259,32
2260,37
2261,38
2262,38
2263,32
2264,63
2265,41
2266,60
2267,14
2268,59
2269,15
2270,51
2271,51
2272,51
2273,51
2274,51
2275,32
2276,35
2277,67
2278,35
2279,35
2280,24
2281,32
2282,15
2283,41
2284,46
2285,40
2286,63
2287,27
2288,20
2289,20
2290,14
2291,30
2292,62
2293,53
2294,4
2295,37
2296,37
2297,31
2298,39
2299,58
2300,59
2301,44
2302,71
2303,71
2304,30
2305,4
2306,3
2307,31
2308,72
2309,15
2310,6
2311,39
2312,15
2313,8
2314,8
2315,8
2316,59
2317,17
2318,41
2319,6
2320,52
2321,20
2322,11
2323,15
2324,10
2325,4
2326,41
2327,53
2328,9
2329,5
2330,71
2331,65
2332,71
2333,27
2334,35
2335,18
2336,39
2337,35
2338,29
2339,54
2340,36
2341,71
2342,71
2343,27
2344,57
2345,22
2346,36
2347,16
2348,54
2349,65
2350,40
2351,52
2352,7
2353,54
2354,54
2355,47
2356,63
2357,12
2358,60
2359,13
2360,38
2361,7
2362,15
2363,41
2364,5
2365,32
2366,9
2367,63
2368,3
2369,43
2370,67
2371,71
2372,71
2373,6
2374,33
2375,38
2376,72
2377,38
2378,30
2379,55
2380,41
2381,21
2382,53
2383,17
2384,37
2385,17
2386,9
2387,15
2388,67
2389,18
2390,8
2391,63
2392,75
2393,40
2394,38
2395,34
2396,15
2397,58
2398,27
2399,32
2400,12
2401,71
2402,32
2403,12
2404,38
2405,60
2406,74
2407,31
2408,27
2409,12
2410,8
2411,7
2412,45
2413,9
2414,33
2415,67
2416,39
2417,52
2418,15
2419,62
2420,59
2421,49
2422,22
2423,67
2424,14
2425,3
2426,12
2427,39
2428,10
2429,21
2430,21
2431,40
2432,25
2433,1
2434,72
2435,33
2436,38
2437,3
2438,7
2439,41
2440,15
2441,13
2442,38
2443,71
2444,20
2445,12
2446,65
2447,35
2448,24
2449,72
2450,62
2451,18
2452,66
2453,60
2454,74
2455,27
2456,44
2457,67
2458,37
2459,9
2460,35
2461,25
2462,11
2463,43
2464,71
2465,65
2466,39
2467,67
2468,40
2469,7
2470,36
2471,60
2472,38
2473,7
2474,46
2475,48
2476,16
2477,21
2478,14
2479,52
2480,9
2481,67
2482,60
2483,78
2484,39
2485,27
2486,14
2487,48
2488,27
2489,69
2490,69
2491,72
2492,23
2493,67
2494,21
2495,21
2496,4
2497,4
2498,53
2499,43
2500,4
2501,4
2502,4
2503,15
2504,54
2505,46
2506,71
2507,50
2508,28
2509,3
2510,20
2511,27
2512,15
2513,15
2514,44
2515,15
2516,3
2517,41
2518,50
2519,53
2520,14
2521,69
2522,2
2523,53
2524,52
2525,21
2526,22
2527,72
2528,34
2529,44
2530,52
2531,61
2532,67
2533,24
2534,20
2535,20
2536,18
2537,39
2538,44
2539,54
2540,32
2541,43
2542,20
2543,20
2544,41
2545,41
2546,41
2547,2
2548,14
2549,15
2550,55
2551,55
2552,66
2553,14
2554,39
2555,47
2556,20
2557,19
2558,41
2559,41
2560,21
2561,37
2562,25
2563,20
2564,3
2565,13
2566,67
2567,8
2568,4
2569,44
2570,53
2571,15
2572,10
2573,17
2574,12
2575,8
2576,8
2577,12
2578,33
2579,35
2580,71
2581,34
2582,20
2583,34
2584,35
2585,4
2586,16
2587,56
2588,55
2589,23
2590,53
2591,19
2592,60
2593,30
2594,72
2595,52
2596,76
2597,71
2598,44
2599,62
2600,16
2601,21
2602,49
2603,23
2604,40
2605,6
2606,22
2607,50
2608,50
2609,75
2610,37
2611,65
2612,69
2613,19
2614,20
2615,20
2616,1
2617,69
2618,33
2619,11
2620,41
2621,66
2622,30
2623,10
2624,74
2625,52
2626,32
2627,32
2628,8
2629,6
2630,56
2631,38
2632,11
2633,71
2634,63
2635,51
2636,71
2637,44
2638,7
2639,33
2640,70
2641,3
2642,41
2643,15
2644,15
2645,6
2646,63
2647,27
2648,27
2649,18
2650,18
2651,23
2652,18
2653,18
2654,36
2655,30
2656,52
2657,52
2658,69
2659,8
2660,3
2661,4
2662,23
2663,72
2664,33
2665,9
2666,38
2667,33
2668,35
2669,4
2670,45
2671,29
2672,28
2673,40
2674,17
2675,7
2676,7
2677,7
2678,7
2679,9
2680,59
2681,3
2682,66
2683,11
2684,11
2685,23
2686,22
2687,33
2688,37
2689,43
2690,69
2691,69
2692,59
2693,63
2694,4
2695,5
2696,12
2697,4
2698,12
2699,61
2700,32
2701,47
2702,53
2703,12
2704,71
2705,49
2706,39
2707,21
2708,25
2709,1
2710,71
2711,55
2712,72
2713,18
2714,16
2715,4
2716,20
2717,75
2718,60
2719,74
2720,15
2721,23
2722,41
2723,54
2724,30
2725,30
2726,45
2727,34
2728,21
2729,19
2730,19
2731,55
2732,53
2733,12
2734,27
2735,56
2736,38
2737,1
2738,11
2739,12
2740,3
2741,66
2742,29
2743,7
2744,69
2745,20
2746,32
2747,4
2748,39
2749,11
2750,50
2751,69
2752,12
2753,52
2754,49
2755,15
2756,28
2757,29
2758,5
2759,26
2760,71
2761,27
2762,33
2763,40
2764,53
2765,43
2766,41
2767,20
2768,27
2769,12
2770,43
2771,22
2772,52
2773,1
2774,40
2775,56
2776,52
2777,53
2778,33
2779,22
2780,27
2781,65
2782,15
2783,41
2784,65
2785,19
2786,2
2787,72
2788,72
2789,72
2790,72
2791,22
2792,22
2793,61
2794,36
2795,10
2796,71
2797,23
2798,24
2799,63
2800,54
2801,78
2802,14
2803,51
2804,55
2805,9
2806,47
2807,35
2808,26
2809,40
2810,36
2811,52
2812,13
2813,22
2814,53
2815,29
2816,43
2817,41
2818,67
2819,44
2820,3
2821,41
2822,53
2823,17
2824,12
2825,8
2826,18
2827,38
2828,25
2829,16
2830,9
2831,31
2832,39
2833,8
2834,67
2835,27
2836,27
2837,9
2838,66
2839,52
2840,63
2841,37
2842,22
2843,11
2844,21
2845,76
2846,72
2847,15
2848,52
2849,20
2850,70
2851,50
2852,24
2853,24
2854,27
2855,20
2856,16
2857,63
2858,9
2859,13
2860,73
2861,7
2862,26
2863,31
2864,31
2865,11
2866,52
2867,12
2868,14
2869,37
2870,15
2871,35
2872,37
2873,53
2874,23
2875,51
2876,34
2877,7
2878,11
2879,22
2880,60
2881,52
2882,39
2883,53
2884,41
2885,15
2886,36
2887,36
2888,66
2889,65
2890,11
2891,32
2892,11
2893,11
2894,54
2895,16
2896,28
2897,7
2898,7
2899,62
2900,54
2901,38
2902,53
2903,66
2904,37
2905,4
2906,50
2907,41
2908,3
2909,19
2910,7
2911,38
2912,16
2913,16
2914,63
2915,24
2916,11
2917,71
2918,53
2919,2
2920,3
2921,67
2922,29
2923,71
2924,55
2925,48
2926,24
2927,63
2928,34
2929,10
2930,36
2931,26
2932,71
2933,11
2934,11
2935,57
2936,6
2937,59
2938,44
2939,49
2940,8
2941,7
2942,67
2943,79
2944,5
2945,38
2946,70
2947,56
2948,60
2949,32
2950,63
2951,71
2952,69
2953,33
2954,24
2955,33
2956,48
2957,71
2958,43
2959,71
2960,71
2961,21
2962,16
2963,50
2964,50
2965,31
2966,36
2967,9
2968,10
2969,4
2970,29
2971,55
2972,14
2973,80
2974,14
2975,1
2976,79
2977,59
2978,63
2979,23
2980,12
2981,1
2982,6
2983,78
2984,72
2985,11
2986,80
2987,4
2988,22
2989,51
2990,24
2991,12
2992,29
2993,11
2994,45
2995,70
2996,53
2997,15
2998,36
2999,81
3000,79
3001,82
3002,8
3003,29
3004,64
3005,1
3006,62
3007,6
3008,19
3009,9
3010,32
3011,53
3012,53
3013,53
3014,51
3015,51
3016,83
3017,9
3018,84
3019,7
3020,13
3021,18
3022,30
3023,18
3024,83
3025,79
3026,32
3027,75
3028,78
3029,48
3030,36
3031,31
3032,69
3033,1
3034,18
3035,53
3036,27
3037,39
3038,31
3039,26
3040,11
3041,20
3042,63
3043,32
3044,33
3045,32
3046,65
3047,4
3048,78
3049,10
3050,85
3051,79
3052,60
3053,9
3054,10
3055,32
3056,77
3057,41
3058,72
3059,34
3060,21
3061,21
3062,35
3063,85
3064,85
3065,64
3066,61
3067,14
3068,63
3069,15
3070,67
3071,39
3072,39
3073,9
3074,81
3075,61
3076,56
3077,49
3078,49
3079,34
3080,83
3081,67
3082,22
3083,40
3084,18
3085,1
3086,39
3087,45
3088,9
3089,27
3090,1
3091,17
3092,20
3093,20
3094,20
3095,40
3096,45
3097,10
3098,9
3099,37
3100,39
3101,15
3102,32
3103,6
3104,6
3105,52
3106,52
3107,49
3108,79
3109,15
3110,16
3111,15
3112,16
3113,47
3114,65
3115,41
3116,16
3117,40
3118,79
3119,86
3120,15
3121,36
3122,86
3123,3
3124,87
3125,87
3126,43
3127,38
3128,9
3129,30
3130,32
3131,15
3132,50
3133,50
3134,85
3135,88
3136,45
3137,53
3138,88
3139,49
3140,31
3141,31
3142,24
3143,43
3144,51
3145,27
3146,22
3147,24
3148,14
3149,14
3150,27
3151,27
3152,42
3153,14
3154,66
3155,4
3156,85
3157,73
3158,21
3159,53
3160,71
3161,52
3162,55
3163,1
3164,19
3165,20
3166,9
3167,58
3168,15
3169,23
3170,16
3171,45
3172,11
3173,79
3174,5
3175,17
3176,64
3177,11
3178,11
3179,1
3180,1
3181,38
3182,79
3183,36
3184,43
3185,34
3186,39
3187,31
3188,4
3189,54
3190,54
3191,7
3192,42
3193,6
3194,85
3195,21
3196,65
3197,86
3198,11
3199,36
3200,43
3201,43
3202,43
3203,9
3204,15
3205,2
3206,37
3207,51
3208,36
3209,5
3210,20
3211,58
3212,86
3213,14
3214,74
3215,25
3216,87
3217,52
3218,72
3219,22
3220,72
3221,41
3222,52
3223,38
3224,24
3225,23
3226,9
3227,63
3228,87
3229,38
3230,38
3231,61
3232,25
3233,42
3234,36
3235,84
3236,43
3237,69
3238,21
3239,34
3240,38
3241,19
3242,32
3243,1
3244,49
3245,79
3246,31
3247,38
3248,6
3249,14
3250,85
3251,53
3252,36
3253,59
3254,72
3255,67
3256,16
3257,21
3258,15
3259,67
3260,4
3261,80
3262,43
3263,40
3264,79
3265,86
3266,79
3267,5
3268,83
3269,4
3270,12
3271,88
3272,69
3273,80
3274,38
3275,4
3276,85
3277,20
3278,67
3279,67
3280,67
3281,67
3282,55
3283,85
3284,85
3285,32
3286,87
3287,50
3288,50
3289,8
3290,62
3291,37
3292,25
3293,25
3294,25
3295,17
3296,73
3297,42
3298,61
3299,55
3300,79
3301,73
3302,79
3303,11
3304,41
3305,41
3306,41
3307,41
3308,19
3309,19
3310,15
3311,33
3312,33
3313,33
3314,37
3315,58
3316,79
3317,3
3318,3
3319,71
3320,19
3321,62
3322,84
3323,56
3324,79
3325,27
3326,21
3327,7
3328,87
3329,39
3330,54
3331,54
3332,1
3333,1
3334,15
3335,43
3336,43
3337,52
3338,16
3339,79
3340,31
3341,54
3342,26
3343,11
3344,72
3345,3
3346,87
3347,43
3348,40
3349,40
3350,64
3351,83
3352,20
3353,9
3354,59
3355,39
3356,27
3357,15
3358,70
3359,10
3360,54
3361,9
3362,9
3363,37
3364,37
3365,21
3366,71
3367,24
3368,43
3369,67
3370,51
3371,19
3372,69
3373,9
3374,39
3375,16
3376,43
3377,70
3378,17
3379,14
3380,86
3381,38
3382,80
3383,3
3384,68
3385,78
3386,20
3387,15
3388,67
3389,7
3390,49
3391,53
3392,60
3393,80
3394,54
3395,54
3396,54
3397,51
3398,36
3399,16
3400,83
3401,31
3402,31
3403,9
3404,12
3405,38
3406,80
3407,88
3408,6
3409,3
3410,3
3411,31
3412,26
3413,21
3414,38
3415,8
3416,79
3417,15
3418,20
3419,10
3420,72
3421,18
3422,79
3423,9
3424,82
3425,60
3426,41
3427,50
3428,23
3429,51
3430,86
3431,50
3432,52
3433,21
3434,52
3435,40
3436,40
3437,16
3438,39
3439,71
3440,20
3441,27
3442,3
3443,3
3444,81
3445,19
3446,38
3447,72
3448,7
3449,7
3450,7
3451,80
3452,39
3453,7
3454,7
3455,22
3456,62
3457,71
3458,23
3459,67
3460,69
3461,32
3462,19
3463,59
3464,34
3465,26
3466,39
3467,67
3468,21
3469,14
3470,57
3471,86
3472,12
3473,52
3474,12
3475,61
3476,84
3477,42
3478,17
3479,7
3480,32
3481,6
3482,6
3483,1
3484,72
3485,12
3486,14
3487,45
3488,7
3489,6
3490,68
3491,71
3492,56
3493,44
3494,37
3495,11
3496,31
3497,15
3498,39
3499,7
3500,38
3501,39
3502,17
3503,30
3504,58
3505,24
3506,1
3507,29
3508,9
3509,27
3510,1
3511,48
3512,45
3513,29
3514,16
3515,70
3516,9
3517,62
3518,85
3519,71
3520,9
3521,70
3522,25
3523,16
3524,37
3525,24
3526,19
3527,5
3528,52
3529,41
3530,39
3531,9
3532,4
3533,43
3534,28
3535,3
3536,37
3537,1
3538,61
3539,71
3540,19
3541,82
3542,34
3543,60
3544,60
3545,88
3546,67
3547,22
3548,22
3549,87
3550,15
3551,15
3552,54
3553,87
3554,35
3555,54
3556,54
3557,84
3558,20
3559,77
3560,38
3561,7
3562,37
3563,70
3564,85
3565,29
3566,79
3567,79
3568,25
3569,16
3570,16
3571,36
3572,70
3573,53
3574,58
3575,79
3576,1
3577,20
3578,71
3579,15
3580,55
3581,18
3582,27
3583,82
3584,51
3585,19
3586,80
3587,88
3588,79
3589,7
3590,27
3591,16
3592,24
3593,71
3594,7
3595,82
3596,7
3597,39
3598,23
3599,43
3600,21
3601,14
3602,69
3603,34
3604,71
3605,40
3606,22
3607,22
3608,30
3609,65
3610,15
3611,86
3612,14
3613,11
3614,40
3615,2
3616,72
3617,6
3618,30
3619,75
3620,4
3621,3
3622,79
3623,85
3624,32
3625,72
3626,86
3627,18
3628,86
3629,79
3630,31
3631,15
3632,23
3633,87
3634,9
3635,4
3636,38
3637,12
3638,79
3639,81
3640,65
3641,52
3642,53
3643,80
3644,48
3645,34
3646,3
3647,38
3648,36
3649,4
3650,38
3651,47
3652,16
3653,85
3654,6
3655,22
3656,27
3657,40
3658,86
3659,37
3660,65
3661,38
3662,4
3663,12
3664,65
3665,3
3666,28
3667,50
3668,67
3669,71
3670,86
3671,42
3672,69
3673,17
3674,7
3675,82
3676,15
3677,31
3678,45
3679,85
3680,55
3681,45
3682,35
3683,66
3684,66
3685,66
3686,65
3687,50
3688,28
3689,85
3690,47
3691,61
3692,28
3693,37
3694,43
3695,11
3696,79
3697,49
3698,87
3699,87
3700,22
3701,38
3702,15
3703,68
3704,48
3705,64
3706,58
3707,87
3708,87
3709,15
3710,15
3711,11
3712,56
3713,43
3714,7
3715,53
3716,62
3717,35
3718,21
3719,9
3720,3
3721,39
3722,11
3723,16
3724,16
3725,16
3726,79
3727,55
3728,69
3729,39
3730,64
3731,30
3732,26
3733,19
3734,25
3735,86
3736,19
3737,67
3738,27
3739,55
3740,58
3741,44
3742,22
3743,29
3744,78
3745,71
3746,54
3747,77
3748,55
3749,59
3750,26
3751,35
3752,54
3753,80
3754,15
3755,60
3756,13
3757,1
3758,44
3759,54
3760,43
3761,14
3762,4
3763,68
3764,15
3765,34
3766,52
3767,38
3768,31
3769,7
3770,62
3771,58
3772,6
3773,6
3774,36
3775,27
3776,52
3777,71
3778,39
3779,38
3780,38
3781,53
3782,52
3783,23
3784,23
3785,12
3786,60
3787,6
3788,67
3789,41
3790,20
3791,50
3792,13
3793,79
3794,14
3795,87
3796,15
3797,49
3798,57
3799,79
3800,49
3801,31
3802,31
3803,60
3804,15
3805,15
3806,7
3807,61
3808,17
3809,9
3810,39
3811,38
3812,72
3813,53
3814,87
3815,37
3816,9
3817,30
3818,39
3819,79
3820,6
3821,15
3822,63
3823,51
3824,86
3825,54
3826,4
3827,35
3828,70
3829,2
3830,74
3831,85
3832,58
3833,86
3834,19
3835,32
3836,51
3837,31
3838,31
3839,15
3840,42
3841,38
3842,50
3843,28
3844,20
3845,21
3846,51
3847,58
3848,19
3849,15
3850,21
3851,29
3852,23
3853,33
3854,79
3855,54
3856,87
3857,27
3858,15
3859,6
3860,24
3861,1
3862,67
3863,19
3864,15
3865,24
3866,1
3867,49
3868,87
3869,25
3870,63
3871,33
3872,30
3873,81
3874,47
3875,6
3876,21
3877,63
3878,22
3879,40
3880,16
3881,54
3882,38
3883,11
3884,79
3885,25
3886,11
3887,51
3888,69
3889,14
3890,28
3891,37
3892,43
3893,52
3894,7
3895,59
3896,11
3897,9
3898,50
3899,87
3900,38
3901,38
3902,31
3903,58
3904,25
3905,6
3906,38
3907,44
3908,38
3909,1
3910,54
3911,54
3912,38
3913,30
3914,66
3915,6
3916,16
3917,16
3918,16
3919,38
3920,67
3921,87
3922,27
3923,4
3924,36
3925,15
3926,15
3927,27
3928,79
3929,55
3930,61
3931,12
3932,18
3933,61
3934,72
3935,52
3936,17
3937,79
3938,42
3939,79
3940,15
3941,50
3942,16
3943,88
3944,26
3945,71
3946,1
3947,45
3948,12
3949,66
3950,9
3951,15
3952,19
3953,6
3954,19
3955,12
3956,64
3957,79
3958,38
3959,21
3960,59
3961,72
3962,86
3963,87
3964,80
3965,15
3966,50
3967,11
3968,39
3969,49
3970,73
3971,85
3972,55
3973,38
3974,15
3975,15
3976,79
3977,77
3978,2
3979,47
3980,14
3981,1
3982,44
3983,11
3984,79
3985,27
3986,83
3987,86
3988,86
3989,63
3990,50
3991,14
3992,14
3993,14
3994,38
3995,55
3996,27
3997,85
3998,85
3999,17
4000,15
4001,29
4002,1
4003,11
4004,81
4005,35
4006,82
4007,37
4008,79
4009,45
4010,10
4011,83
4012,86
4013,22
4014,22
4015,58
4016,58
4017,58
4018,85
4019,87
4020,14
4021,83
4022,27
4023,35
4024,61
4025,24
4026,50
4027,21
4028,3
4029,24
4030,12
4031,7
4032,62
4033,54
4034,15
4035,40
4036,47
4037,67
4038,80
4039,88
4040,8
4041,60
4042,12
4043,41
4044,12
4045,23
4046,24
4047,24
4048,22
4049,39
4050,31
4051,55
4052,39
4053,61
4054,54
4055,15
4056,10
4057,4
4058,43
4059,9
4060,86
4061,86
4062,12
4063,50
4064,71
4065,87
4066,23
4067,22
4068,43
4069,11
4070,6
4071,83
4072,11
4073,11
4074,60
4075,63
4076,1
4077,52
4078,27
4079,30
4080,37
4081,37
4082,59
4083,39
4084,1
4085,26
4086,54
4087,15
4088,71
4089,71
4090,29
4091,52
4092,61
4093,79
4094,7
4095,14
4096,5
4097,35
4098,7
4099,4
4100,4
4101,71
4102,18
4103,50
4104,27
4105,52
4106,13
4107,76
4108,79
4109,49
4110,15
4111,18
4112,18
4113,43
4114,14
4115,71
4116,67
4117,31
4118,69
4119,81
4120,16
4121,79
4122,87
4123,87
4124,31
4125,22
4126,52
4127,6
4128,1
4129,20
4130,8
4131,1
4132,88
4133,27
4134,31
4135,43
4136,15
4137,56
4138,2
4139,12
4140,11
4141,17
4142,11
4143,27
4144,17
4145,9
4146,9
4147,9
4148,53
4149,52
4150,21
4151,79
4152,48
4153,65
4154,9
4155,81
4156,81
4157,72
4158,14
4159,45
4160,13
4161,72
4162,80
4163,29
4164,29
4165,8
4166,1
4167,47
4168,26
4169,40
4170,43
4171,16
4172,11
4173,4
4174,41
4175,41
4176,87
4177,87
4178,55
4179,87
4180,87
4181,6
4182,79
4183,43
4184,5
4185,40
4186,15
4187,23
4188,50
4189,38
4190,40
4191,83
4192,15
4193,61
4194,39
4195,23
4196,71
4197,6
4198,13
4199,7
4200,39
4201,65
4202,41
4203,9
4204,80
4205,33
4206,88
4207,9
4208,70
4209,54
4210,67
4211,17
4212,13
4213,20
4214,20
4215,13
4216,87
4217,55
4218,12
4219,87
4220,24
4221,53
4222,20
4223,21
4224,3
4225,3
4226,3
4227,85
4228,53
4229,39
4230,39
4231,21
4232,11
4233,25
4234,72
4235,41
4236,55
4237,24
4238,54
4239,59
4240,59
4241,59
4242,55
4243,50
4244,7
4245,50
4246,1
4247,13
4248,82
4249,82
4250,82
4251,12
4252,53
4253,72
4254,4
4255,32
4256,34
4257,65
4258,61
4259,88
4260,40
4261,8
4262,52
4263,52
4264,33
4265,82
4266,43
4267,83
4268,79
4269,36
4270,29
4271,85
4272,21
4273,34
4274,15
4275,52
4276,24
4277,65
4278,82
4279,35
4280,10
4281,27
4282,24
4283,67
4284,85
4285,11
4286,18
4287,21
4288,18
4289,71
4290,33
4291,52
4292,55
4293,26
4294,23
4295,17
4296,13
4297,84
4298,8
4299,20
4300,86
4301,42
4302,63
4303,39
4304,30
4305,20
4306,52
4307,79
4308,65
4309,20
4310,15
4311,32
4312,87
4313,79
4314,33
4315,26
4316,60
4317,8
4318,24
4319,82
4320,11
4321,62
4322,31
4323,79
4324,41
4325,15
4326,39
4327,16
4328,49
4329,63
4330,86
4331,25
4332,35
4333,62
4334,76
4335,7
4336,30
4337,16
4338,34
4339,22
4340,32
4341,30
4342,19
4343,2
4344,63
4345,14
4346,15
4347,4
4348,4
4349,15
4350,85
4351,49
4352,11
4353,63
4354,12
4355,12
4356,27
4357,67
4358,67
4359,29
4360,15
4361,12
4362,12
4363,50
4364,54
4365,44
4366,54
4367,54
4368,54
4369,83
4370,83
4371,79
4372,27
4373,15
4374,85
4375,6
4376,17
4377,17
4378,29
4379,56
4380,24
4381,11
4382,7
4383,12
4384,44
4385,46
4386,66
4387,65
4388,4
4389,57
4390,56
4391,82
4392,30
4393,59
4394,55
4395,56
4396,24
4397,49
4398,1
4399,37
4400,56
4401,29
4402,14
4403,79
4404,80
4405,86
4406,21
4407,38
4408,9
4409,9
4410,35
4411,88
4412,16
4413,77
4414,45
4415,11
4416,1
4417,11
4418,26
4419,54
4420,15
4421,18
4422,17
4423,15
4424,11
4425,65
4426,19
4427,31
4428,64
4429,21
4430,45
4431,45
4432,53
4433,39
4434,3
4435,3
4436,65
4437,10
4438,71
4439,71
4440,1
4441,1
4442,58
4443,71
4444,3
4445,15
4446,31
4447,31
4448,31
4449,21
4450,79
4451,39
4452,15
4453,87
4454,1
4455,1
4456,71
4457,43
4458,43
4459,43
4460,60
4461,59
4462,63
4463,56
4464,8
4465,8
4466,52
4467,85
4468,87
4469,29
4470,15
4471,83
4472,71
4473,53
4474,16
4475,15
4476,86
4477,50
4478,47
4479,61
4480,27
4481,32
4482,27
4483,27
4484,86
4485,86
4486,4
4487,15
4488,14
4489,14
4490,12
4491,4
4492,61
4493,22
4494,15
4495,53
4496,4
4497,21
4498,51
4499,4
4500,7
4501,22
4502,35
4503,60
4504,71
4505,83
4506,49
4507,49
4508,71
4509,85
4510,7
4511,87
4512,37
4513,27
4514,44
4515,18
4516,14
4517,56
4518,15
4519,3
4520,82
4521,50
4522,39
4523,54
4524,24
4525,43
4526,43
4527,43
4528,43
4529,87
4530,24
4531,22
4532,22
4533,87
4534,16
4535,6
4536,75
4537,68
4538,14
4539,15
4540,29
4541,55
4542,4
4543,35
4544,9
4545,52
4546,7
4547,24
4548,85
4549,38
4550,38
4551,39
4552,37
4553,15
4554,41
4555,53
4556,15
4557,28
4558,26
4559,87
4560,34
4561,66
4562,23
4563,32
4564,58
4565,8
4566,43
4567,49
4568,2
4569,41
4570,79
4571,81
4572,35
4573,71
4574,6
4575,23
4576,32
4577,85
4578,62
4579,66
4580,6
4581,20
4582,63
4583,63
4584,15
4585,15
4586,88
4587,5
4588,33
4589,52
4590,54
4591,40
4592,14
4593,10
4594,12
4595,66
4596,81
4597,34
4598,21
4599,47
4600,31
4601,41
4602,39
4603,76
4604,86
4605,86
4606,19
4607,87
4608,84
4609,72
4610,71
4611,53
4612,53
4613,38
4614,11
4615,17
4616,10
4617,79
4618,20
4619,38
4620,38
4621,20
4622,4
4623,85
4624,21
4625,21
4626,54
4627,54
4628,54
4629,54
4630,71
4631,59
4632,21
4633,42
4634,53
4635,21
4636,21
4637,10
4638,10
4639,66
4640,39
4641,28
4642,29
4643,28
4644,81
4645,60
4646,18
4647,46
4648,38
4649,15
4650,23
4651,4
4652,28
4653,82
4654,40
4655,43
4656,83
4657,52
4658,38
4659,25
4660,87
4661,11
4662,22
4663,68
4664,38
4665,80
4666,56
4667,27
4668,16
4669,88
4670,88
4671,35
4672,35
4673,80
4674,80
4675,83
4676,64
4677,67
4678,12
4679,21
4680,59
4681,32
4682,32
4683,52
4684,47
4685,49
4686,67
4687,21
4688,48
4689,29
4690,15
4691,18
4692,1
4693,1
4694,9
4695,9
4696,82
4697,19
4698,15
4699,51
4700,18
4701,65
4702,15
4703,7
4704,71
4705,1
4706,70
4707,42
4708,24
4709,13
4710,27
4711,39
4712,39
4713,27
4714,75
4715,75
4716,11
4717,79
4718,4
4719,86
4720,86
4721,6
4722,7
4723,7
4724,7
4725,54
4726,50
4727,9
4728,63
4729,88
4730,79
4731,29
4732,31
4733,83
4734,60
4735,70
4736,38
4737,63
4738,15
4739,54
4740,88
4741,49
4742,83
4743,8
4744,24
4745,32
4746,54
4747,20
4748,20
4749,43
4750,45
4751,43
4752,49
4753,87
4754,22
4755,35
4756,49
4757,49
4758,6
4759,53
4760,52
4761,32
4762,20
4763,21
4764,14
4765,44
4766,44
4767,85
4768,55
4769,55
4770,32
4771,13
4772,13
4773,34
4774,73
4775,29
4776,21
4777,86
4778,26
4779,9
4780,40
4781,15
4782,28
4783,28
4784,15
4785,72
4786,25
4787,16
4788,7
4789,57
4790,55
4791,56
4792,30
4793,59
4794,31
4795,67
4796,1
4797,31
4798,83
4799,10
4800,81
4801,69
4802,34
4803,40
4804,29
4805,79
4806,62
4807,14
4808,19
4809,15
4810,16
4811,87
4812,87
4813,80
4814,66
4815,16
4816,57
4817,24
4818,31
4819,23
4820,50
4821,50
4822,8
4823,11
4824,54
4825,76
4826,85
4827,15
4828,15
4829,4
4830,65
4831,83
4832,60
4833,37
4834,39
4835,78
4836,39
4837,33
4838,79
4839,60
4840,67
4841,43
4842,26
4843,43
4844,12
4845,23
4846,59
4847,50
4848,59
4849,25
4850,82
4851,79
4852,1
4853,79
4854,43
4855,23
4856,63
4857,55
4858,39
4859,9
4860,35
4861,55
4862,80
4863,50
4864,39
4865,46
4866,79
4867,79
4868,31
4869,16
4870,23
4871,20
4872,6
4873,34
4874,15
4875,15
4876,6
4877,14
4878,14
4879,1
4880,50
4881,4
4882,11
4883,39
4884,6
4885,15
4886,25
4887,20
4888,4
4889,61
4890,45
4891,52
4892,11
4893,54
4894,48
4895,37
4896,45
4897,27
4898,79
4899,28
4900,41
4901,12
4902,16
4903,77
4904,15
4905,39
4906,9
4907,55
4908,69
4909,33
4910,43
4911,8
4912,9
4913,45
4914,17
4915,33
4916,62
4917,45
4918,16
4919,16
4920,22
4921,71
4922,23
4923,77
4924,20
4925,53
4926,70
4927,86
4928,86
4929,41
4930,13
4931,18
4932,41
4933,72
4934,58
4935,72
4936,32
4937,79
4938,80
4939,37
4940,79
4941,50
4942,45
4943,72
4944,11
4945,63
4946,73
4947,64
4948,16
4949,23
4950,23
4951,62
4952,62
4953,68
4954,48
4955,87
4956,38
4957,45
4958,87
4959,30
4960,30
4961,30
4962,30
4963,37
4964,80
4965,14
4966,40
4967,23
4968,24
4969,50
4970,49
4971,9
4972,31
4973,7
4974,30
4975,14
4976,69
4977,83
4978,14
4979,56
4980,72
4981,66
4982,68
4983,56
4984,24
4985,69
4986,37
4987,41
4988,13
4989,1
4990,38
4991,23
4992,20
4993,20
4994,9
4995,12
4996,29
4997,63
4998,7
4999,48
5000,13
5001,40
5002,40
5003,56
5004,29
5005,3
5006,3
5007,3
5008,39
5009,35
5010,85
5011,31
5012,88
5013,87
5014,51
5015,65
5016,53
5017,53
5018,14
5019,15
5020,20
5021,60
5022,16
5023,11
5024,6
5025,41
5026,62
5027,37
5028,1
5029,58
5030,69
5031,64
5032,30
5033,16
5034,45
5035,86
5036,39
5037,64
5038,16
5039,66
5040,3
5041,1
5042,45
5043,27
5044,45
5045,27
5046,69
5047,9
5048,9
5049,9
5050,79
5051,79
5052,25
5053,7
5054,51
5055,85
5056,9
5057,50
5058,87
5059,87
5060,77
5061,39
5062,54
5063,16
5064,35
5065,40
5066,40
5067,29
5068,80
5069,59
5070,87
5071,5
5072,65
5073,6
5074,37
5075,62
5076,62
5077,62
5078,62
5079,65
5080,79
5081,11
5082,11
5083,53
5084,39
5085,49
5086,65
5087,36
5088,26
5089,79
5090,8
5091,30
5092,20
5093,42
5094,70
5095,71
5096,79
5097,76
5098,38
5099,54
5100,70
5101,71
5102,55
5103,16
5104,16
5105,20
5106,37
5107,65
5108,9
5109,87
5110,87
5111,7
5112,20
5113,35
5114,9
5115,71
5116,71
5117,71
5118,71
5119,71
5120,12
5121,72
5122,11
5123,40
5124,13
5125,14
5126,14
5127,36
5128,44
5129,11
5130,42
5131,38
5132,11
5133,79
5134,62
5135,32
5136,6
5137,41
5138,77
5139,19
5140,49
5141,75
5142,86
5143,80
5144,14
5145,64
5146,65
5147,65
5148,72
5149,86
5150,9
5151,86
5152,6
5153,36
5154,60
5155,19
5156,24
5157,87
5158,10
5159,10
5160,50
5161,42
5162,40
5163,7
5164,49
5165,67
5166,49
5167,64
5168,45
5169,27
5170,11
5171,19
5172,82
5173,35
5174,25
5175,41
5176,37
5177,68
5178,60
5179,20
5180,32
5181,71
5182,3
5183,22
5184,12
5185,12
5186,62
5187,16
5188,20
5189,82
5190,16
5191,23
5192,23
5193,11
5194,20
5195,79
5196,73
5197,66
5198,71
5199,71
5200,71
5201,35
5202,79
5203,52
5204,69
5205,53
5206,6
5207,19
5208,11
5209,11
5210,11
5211,57
5212,24
5213,17
5214,67
5215,39
5216,41
5217,16
5218,35
5219,18
5220,22
5221,9
5222,21
5223,21
5224,45
5225,67
5226,10
5227,39
5228,27
5229,52
5230,82
5231,35
5232,15
5233,16
5234,17
5235,16
5236,20
5237,54
5238,28
5239,35
5240,14
5241,23
5242,79
5243,50
5244,84
5245,15
5246,16
5247,60
5248,6
5249,6
5250,39
5251,13
5252,26
5253,87
5254,26
5255,33
5256,67
5257,38
5258,87
5259,23
5260,84
5261,1
5262,22
5263,61
5264,67
5265,26
5266,12
5267,27
5268,29
5269,45
5270,35
5271,17
5272,59
5273,14
5274,37
5275,54
5276,67
5277,83
5278,43
5279,35
5280,35
5281,77
5282,28
5283,28
5284,3
5285,9
5286,50
5287,43
5288,45
5289,1
5290,55
5291,66
5292,62
5293,62
5294,12
5295,85
5296,85
5297,39
5298,24
5299,53
5300,44
5301,36
5302,19
5303,73
5304,19
5305,19
5306,53
5307,65
5308,6
5309,32
5310,51
5311,9
5312,18
5313,27
5314,18
5315,54
5316,35
5317,15
5318,15
5319,1
5320,61
5321,50
5322,43
5323,49
5324,37
5325,62
5326,69
5327,2
5328,31
5329,52
5330,62
5331,60
5332,60
5333,32
5334,38
5335,52
5336,50
5337,12
5338,12
5339,42
5340,45
5341,7
5342,53
5343,75
5344,72
5345,22
5346,52
5347,60
5348,88
5349,55
5350,27
5351,79
5352,29
5353,36
5354,36
5355,20
5356,82
5357,45
5358,66
5359,22
5360,62
5361,15
5362,19
5363,73
5364,73
5365,49
5366,2
5367,32
5368,73
5369,82
5370,87
5371,87
5372,39
5373,54
5374,63
5375,76
5376,27
5377,50
5378,59
5379,32
5380,34
5381,25
5382,85
5383,39
5384,26
5385,12
5386,28
5387,14
5388,17
5389,71
5390,66
5391,19
5392,47
5393,79
5394,36
5395,63
5396,63
5397,11
5398,29
5399,30
5400,15
5401,79
5402,16
5403,58
5404,32
5405,51
5406,2
5407,41
5408,41
5409,86
5410,16
5411,52
5412,1
5413,52
5414,67
5415,62
5416,35
5417,69
5418,14
5419,24
5420,38
5421,39
5422,39
5423,17
5424,17
5425,85
5426,32
5427,32
5428,12
5429,49
5430,79
5431,79
5432,16
5433,7
5434,32
5435,11
5436,38
5437,38
5438,31
5439,36
5440,10
5441,67
5442,87
5443,79
5444,2
5445,12
5446,8
5447,22
5448,49
5449,54
5450,15
5451,44
5452,29
5453,85
5454,42
5455,7
5456,7
5457,63
5458,54
5459,54
5460,74
5461,74
5462,73
5463,19
5464,50
5465,34
5466,85
5467,7
5468,53
5469,4
5470,56
5471,22
5472,80
5473,9
5474,33
5475,41
5476,43
5477,43
5478,12
5479,4
5480,53
5481,11
5482,15
5483,64
5484,23
5485,82
5486,15
5487,1
5488,66
5489,67
5490,7
5491,33
5492,24
5493,71
5494,31
5495,33
5496,49
5497,31
5498,31
5499,38
5500,59
5501,18
5502,35
5503,79
5504,66
5505,22
5506,85
5507,16
5508,17
5509,70
5510,19
5511,73
5512,1
5513,23
5514,15
5515,52
5516,82
5517,86
5518,26
5519,27
5520,66
5521,28
5522,28
5523,41
5524,67
5525,64
5526,24
5527,14
5528,38
5529,38
5530,84
5531,24
5532,27
5533,62
5534,22
5535,83
5536,62
5537,82
5538,29
5539,17
5540,55
5541,35
5542,9
5543,9
5544,11
5545,66
5546,7
5547,38
5548,20
5549,17
5550,38
5551,71
5552,71
5553,26
5554,14
5555,26
5556,61
5557,87
5558,32
5559,41
5560,79
5561,84
5562,13
5563,26
5564,12
5565,87
5566,87
5567,66
5568,88
5569,36
5570,19
5571,71
5572,25
5573,24
5574,24
5575,41
5576,64
5577,57
5578,57
5579,5
5580,15
5581,83
5582,67
5583,68
5584,69
5585,14
5586,9
5587,87
5588,27
5589,27
5590,9
5591,62
5592,59
5593,73
5594,29
5595,45
5596,19
5597,11
5598,23
5599,65
5600,85
5601,12
5602,68
5603,69
5604,9
5605,58
5606,6
5607,67
5608,59
5609,48
5610,24
5611,38
5612,25
5613,41
5614,11
5615,11
5616,86
5617,47
5618,28
5619,54
5620,18
5621,30
5622,63
5623,19
5624,14
5625,50
5626,36
5627,60
5628,60
5629,52
5630,7
5631,41
5632,71
5633,86
5634,17
5635,25
5636,84
5637,35
5638,87
5639,30
5640,79
5641,72
5642,72
5643,39
5644,76
5645,79
5646,9
5647,41
5648,67
5649,9
5650,65
5651,41
5652,81
5653,26
5654,79
5655,18
5656,61
5657,51
5658,33
5659,49
5660,13
5661,13
5662,9
5663,28
5664,1
5665,11
5666,23
5667,69
5668,16
5669,18
5670,42
5671,84
5672,47
5673,6
5674,54
5675,87
5676,38
5677,38
5678,85
5679,82
5680,50
5681,86
5682,62
5683,50
5684,7
5685,80
5686,79
5687,88
5688,32
5689,66
5690,9
5691,38
5692,38
5693,6
5694,61
5695,53
5696,53
5697,32
5698,66
5699,24
5700,54
5701,49
5702,49
5703,15
5704,15
5705,15
5706,62
5707,81
5708,67
5709,4
5710,43
5711,27
5712,79
5713,88
5714,13
5715,7
5716,63
5717,65
5718,71
5719,38
5720,74
5721,26
5722,14
5723,54
5724,71
5725,32
5726,69
5727,69
5728,11
5729,12
5730,12
5731,87
5732,62
5733,88
5734,88
5735,44
5736,11
5737,45
5738,1
5739,82
5740,88
5741,32
5742,38
5743,21
5744,28
5745,61
5746,79
5747,15
5748,37
5749,37
5750,37
5751,7
5752,59
5753,87
5754,60
5755,22
5756,26
5757,23
5758,50
5759,16
5760,9
5761,45
5762,45
5763,51
5764,39
5765,64
5766,15
5767,15
5768,9
5769,67
5770,50
5771,48
5772,45
5773,45
5774,21
5775,13
5776,23
5777,79
5778,39
5779,9
5780,70
5781,82
5782,84
5783,43
5784,53
5785,60
5786,59
5787,9
5788,30
5789,67
5790,79
5791,46
5792,46
5793,50
5794,4
5795,47
5796,9
5797,50
5798,65
5799,65
5800,9
5801,60
5802,3
5803,74
5804,52
5805,47
5806,61
5807,30
5808,70
5809,43
5810,48
5811,6
5812,15
5813,51
5814,81
5815,13
5816,9
5817,82
5818,11
5819,85
5820,38
5821,7
5822,7
5823,7
5824,70
5825,1
5826,15
5827,30
5828,14
5829,15
5830,72
5831,36
5832,37
5833,15
5834,16
5835,31
5836,16
5837,88
5838,38
5839,12
5840,67
5841,72
5842,72
5843,23
5844,23
5845,45
5846,43
5847,45
5848,46
5849,36
5850,50
5851,9
5852,50
5853,72
5854,9
5855,77
5856,24
5857,23
5858,79
5859,77
5860,79
5861,9
5862,67
5863,26
5864,85
5865,7
5866,85
5867,38
5868,39
5869,11
5870,74
5871,45
5872,49
5873,31
5874,32
5875,40
5876,33
5877,3
5878,9
5879,9
5880,6
5881,21
5882,87
5883,55
5884,87
5885,53
5886,48
5887,71
5888,22
5889,22
5890,15
5891,83
5892,10
5893,88
5894,80
5895,38
5896,49
5897,19
5898,11
5899,54
5900,84
5901,50
5902,50
5903,17
5904,79
5905,64
5906,5
5907,59
5908,16
5909,38
5910,63
5911,17
5912,4
5913,4
5914,74
5915,41
5916,65
5917,16
5918,14
5919,14
5920,26
5921,24
5922,30
5923,8
5924,11
5925,45
5926,11
5927,9
5928,72
5929,79
5930,27
5931,27
5932,27
5933,39
5934,29
5935,11
5936,87
5937,29
5938,57
5939,36
5940,40
5941,79
5942,48
5943,68
5944,58
5945,41
5946,11
5947,11
5948,28
5949,6
5950,59
5951,20
5952,20
5953,32
5954,79
5955,14
5956,37
5957,65
5958,3
5959,36
5960,34
5961,50
5962,41
5963,41
5964,71
5965,50
5966,12
5967,12
5968,12
5969,12
5970,27
5971,27
5972,14
5973,12
5974,6
5975,22
5976,3
5977,48
5978,16
5979,36
5980,36
5981,22
5982,62
5983,7
5984,30
5985,61
5986,81
5987,22
5988,83
5989,56
5990,38
5991,26
5992,27
5993,60
5994,65
5995,32
5996,55
5997,60
5998,86
5999,65
6000,24
6001,16
6002,81
6003,85
6004,36
6005,64
6006,16
6007,70
6008,18
6009,18
6010,59
6011,35
6012,85
6013,52
6014,18
6015,46
6016,56
6017,51
6018,9
6019,79
6020,63
6021,51
6022,18
6023,12
6024,62
6025,19
6026,9
6027,9
6028,24
6029,54
6030,4
6031,1
6032,50
6033,9
6034,17
6035,17
6036,61
6037,83
6038,7
6039,11
6040,23
6041,4
6042,55
6043,26
6044,8
6045,23
6046,19
6047,76
6048,76
6049,32
6050,32
6051,83
6052,69
6053,1
6054,83
6055,87
6056,77
6057,49
6058,31
6059,27
6060,50
6061,72
6062,33
6063,76
6064,45
6065,55
6066,29
6067,67
6068,87
6069,39
6070,40
6071,37
6072,43
6073,11
6074,81
6075,59
6076,38
6077,37
6078,30
6079,75
6080,32
6081,54
6082,4
6083,25
6084,13
6085,39
6086,20
6087,59
6088,16
6089,30
6090,14
6091,60
6092,67
6093,85
6094,14
6095,55
6096,27
6097,4
6098,59
6099,13
6100,13
6101,27
6102,81
6103,82
6104,62
6105,53
6106,17
6107,51
6108,37
6109,59
6110,40
6111,12
6112,87
6113,3
6114,32
6115,43
6116,79
6117,60
6118,32
6119,84
6120,76
6121,69
6122,60
6123,60
6124,25
6125,62
6126,18
6127,18
6128,50
6129,38
6130,6
6131,36
6132,36
6133,63
6134,79
6135,39
6136,49
6137,12
6138,65
6139,86
6140,82
6141,60
6142,62
6143,86
6144,35
6145,85
6146,87
6147,65
6148,67
6149,79
6150,79
6151,15
6152,44
6153,53
6154,25
6155,53
6156,82
6157,87
6158,14
6159,15
6160,50
6161,60
6162,6
6163,19
6164,80
6165,7
6166,17
6167,17
6168,4
6169,35
6170,86
6171,54
6172,72
6173,19
6174,11
6175,85
6176,85
6177,11
6178,35
6179,22
6180,75
6181,39
6182,62
6183,71
6184,85
6185,31
6186,7
6187,41
6188,29
6189,29
6190,63
6191,16
6192,40
6193,9
6194,35
6195,42
6196,14
6197,40
6198,63
6199,1
6200,1
6201,86
6202,37
6203,62
6204,15
6205,43
6206,43
6207,63
6208,16
6209,9
6210,88
6211,65
6212,71
6213,4
6214,4
6215,57
6216,51
6217,72
6218,63
6219,55
6220,67
6221,13
6222,71
6223,50
6224,32
6225,8
6226,25
6227,35
6228,7
6229,85
6230,35
6231,19
6232,4
6233,11
6234,2
6235,87
6236,67
6237,22
6238,86
6239,87
6240,42
6241,19
6242,19
6243,28
6244,59
6245,42
6246,9
6247,22
6248,15
6249,16
6250,37
6251,41
6252,41
6253,34
6254,19
6255,16
6256,35
6257,12
6258,22
6259,6
6260,43
6261,32
6262,51
6263,18
6264,1
6265,24
6266,4
6267,87
6268,38
6269,52
6270,49
6271,45
6272,9
6273,20
6274,4
6275,71
6276,41
6277,50
6278,54
6279,54
6280,65
6281,52
6282,37
6283,60
6284,61
6285,29
6286,1
6287,79
6288,14
6289,27
6290,3
6291,18
6292,65
6293,83
6294,67
6295,67
6296,20
6297,37
6298,22
6299,22
6300,24
6301,43
6302,55
6303,11
6304,36
6305,34
6306,15
6307,14
6308,79
6309,4
6310,87
6311,18
6312,52
6313,71
6314,85
6315,12
6316,6
6317,6
6318,86
6319,11
6320,64
6321,64
6322,12
6323,7
6324,7
6325,35
6326,47
6327,71
6328,81
6329,3
6330,29
6331,20
6332,51
6333,49
6334,1
6335,87
6336,59
6337,56
6338,83
6339,67
6340,5
6341,10
6342,29
6343,76
6344,59
6345,17
6346,57
6347,54
6348,35
6349,29
6350,6
6351,3
6352,38
6353,71
6354,23
6355,39
6356,79
6357,74
6358,30
6359,43
6360,53
6361,53
6362,70
6363,7
6364,83
6365,17
6366,71
6367,52
6368,15
6369,15
6370,9
6371,16
6372,33
6373,30
6374,43
6375,56
6376,4
6377,54
6378,54
6379,82
6380,79
6381,9
6382,40
6383,13
6384,39
6385,14
6386,73
6387,7
6388,85
6389,62
6390,24
6391,6
6392,6
6393,25
6394,65
6395,43
6396,59
6397,52
6398,38
6399,11
6400,11
6401,81
6402,36
6403,10
6404,87
6405,87
6406,88
6407,79
6408,9
6409,39
6410,49
6411,55
6412,21
6413,72
6414,59
6415,33
6416,56
6417,79
6418,16
6419,14
6420,79
6421,39
6422,39
6423,87
6424,25
6425,15
6426,9
6427,8
6428,41
6429,21
6430,10
6431,3
6432,87
6433,16
6434,10
6435,33
6436,35
6437,9
6438,9
6439,75
6440,39
6441,21
6442,13
6443,86
6444,48
6445,39
6446,57
6447,30
6448,62
6449,10
6450,70
6451,16
6452,66
6453,53
6454,24
6455,56
6456,71
6457,19
6458,39
6459,67
6460,41
6461,57
6462,9
6463,15
6464,71
6465,79
6466,37
6467,70
6468,18
6469,85
6470,59
6471,63
6472,31
6473,79
6474,79
6475,7
6476,37
6477,4
6478,24
6479,28
6480,38
6481,71
6482,22
6483,26
6484,50
6485,50
6486,19
6487,66
6488,39
6489,35
6490,50
6491,48
6492,9
6493,38
6494,41
6495,86
6496,65
6497,71
6498,71
6499,71
6500,71
6501,35
6502,27
6503,7
6504,7
6505,1
6506,71
6507,11
6508,79
6509,53
6510,85
6511,87
6512,67
6513,25
6514,56
6515,36
6516,4
6517,32
6518,74
6519,39
6520,26
6521,3
6522,80
6523,39
6524,19
6525,8
6526,53
6527,17
6528,15
6529,15
6530,53
6531,47
6532,32
6533,39
6534,14
6535,14
6536,7
6537,10
6538,10
6539,82
6540,62
6541,47
6542,31
6543,25
6544,79
6545,32
6546,27
6547,39
6548,51
6549,9
6550,85
6551,36
6552,59
6553,59
6554,73
6555,82
6556,14
6557,9
6558,2
6559,24
6560,69
6561,86
6562,6
6563,13
6564,32
6565,13
6566,9
6567,53
6568,4
6569,58
6570,22
6571,4
6572,80
6573,15
6574,15
6575,45
6576,15
6577,15
6578,71
6579,74
6580,71
6581,86
6582,15
6583,25
6584,69
6585,61
6586,86
6587,87
6588,19
6589,3
6590,12
6591,12
6592,59
6593,39
6594,7
6595,56
6596,16
6597,19
6598,21
6599,32
6600,16
6601,56
6602,79
6603,14
6604,36
6605,67
6606,38
6607,23
6608,53
6609,38
6610,79
6611,79
6612,37
6613,1
6614,41
6615,55
6616,25
6617,42
6618,9
6619,9
6620,4
6621,88
6622,51
6623,85
6624,4
6625,16
6626,3
6627,22
6628,29
6629,52
6630,46
6631,63
6632,17
6633,14
6634,16
6635,7
6636,48
6637,25
6638,82
6639,82
6640,23
6641,23
6642,15
6643,54
6644,18
6645,19
6646,12
6647,17
6648,88
6649,31
6650,22
6651,32
6652,52
6653,34
6654,10
6655,4
6656,28
6657,10
6658,63
6659,86
6660,67
6661,85
6662,50
6663,14
6664,14
6665,57
6666,59
6667,36
6668,12
6669,43
6670,33
6671,15
6672,14
6673,79
6674,6
6675,19
6676,32
6677,7
6678,15
6679,14
6680,79
6681,79
6682,25
6683,74
6684,86
6685,86
6686,52
6687,30
6688,52
6689,62
6690,65
6691,67
6692,18
6693,32
6694,39
6695,39
6696,7
6697,7
6698,16
6699,24
6700,20
6701,20
6702,20
6703,26
6704,71
6705,38
6706,53
6707,2
6708,74
6709,85
6710,20
6711,1
6712,1
6713,4
6714,43
6715,27
6716,38
6717,40
6718,29
6719,67
6720,16
6721,20
6722,6
6723,65
6724,41
6725,41
6726,48
6727,53
6728,22
6729,71
6730,41
6731,52
6732,71
6733,18
6734,28
6735,41
6736,41
6737,53
6738,88
6739,14
6740,42
6741,86
6742,18
6743,36
6744,20
6745,11
6746,11
6747,4
6748,7
6749,80
6750,44
6751,4
6752,2
6753,61
6754,25
6755,31
6756,67
6757,67
6758,25
6759,25
6760,41
6761,72
6762,81
6763,53
6764,47
6765,3
6766,2
6767,30
6768,34
6769,34
6770,29
6771,54
6772,33
6773,67
6774,83
6775,8
6776,83
6777,22
6778,74
6779,15
6780,52
6781,65
6782,12
6783,30
6784,18
6785,55
6786,12
6787,7
6788,46
6789,31
6790,40
6791,24
6792,75
6793,73
6794,25
6795,25
6796,15
6797,67
6798,88
6799,30
6800,4
6801,25
6802,87
6803,60
6804,54
6805,12
6806,49
6807,54
6808,11
6809,11
6810,11
6811,67
6812,33
6813,87
6814,43
6815,75
6816,21
6817,43
6818,29
6819,79
6820,45
6821,3
6822,49
6823,17
6824,71
6825,43
6826,83
6827,24
6828,86
6829,27
6830,6
6831,33
6832,11
6833,11
6834,15
6835,15
6836,10
6837,9
6838,80
6839,42
6840,34
6841,35
6842,15
6843,1
6844,11
6845,31
6846,79
6847,31
6848,11
6849,87
6850,4
6851,75
6852,52
6853,15
6854,50
6855,4
6856,71
6857,27
6858,19
6859,21
6860,20
6861,15
6862,15
6863,48
6864,67
6865,25
6866,71
6867,78
6868,15
6869,1
6870,23
6871,26
6872,83
6873,56
6874,32
6875,84
6876,63
6877,11
6878,63
6879,34
6880,65
6881,27
6882,19
6883,71
6884,38
6885,72
6886,11
6887,11
6888,79
6889,11
6890,63
6891,22
6892,44
6893,3
6894,72
6895,16
6896,66
6897,39
6898,22
6899,56
6900,7
6901,23
6902,32
6903,33
6904,15
6905,54
6906,9
6907,23
6908,30
6909,35
6910,59
6911,79
6912,48
6913,39
6914,22
6915,22
6916,71
6917,7
6918,54
6919,33
6920,65
6921,65
6922,65
6923,65
6924,24
6925,53
6926,15
6927,40
6928,79
6929,1
6930,80
6931,6
6932,36
6933,48
6934,43
6935,3
6936,72
6937,44
6938,62
6939,77
6940,39
6941,49
6942,14
6943,85
6944,43
6945,38
6946,46
6947,62
6948,71
6949,83
6950,34
6951,62
6952,14
6953,11
6954,22
6955,38
6956,59
6957,9
6958,79
6959,87
6960,27
6961,59
6962,7
6963,41
6964,65
6965,39
6966,79
6967,30
6968,71
6969,49
6970,6
6971,13
6972,38
6973,14
6974,14
6975,17
6976,48
6977,26
6978,9
6979,43
6980,80
6981,2
6982,79
6983,4
6984,80
6985,9
6986,41
6987,1
6988,86
6989,79
6990,9
6991,12
6992,40
6993,52
6994,53
6995,23
6996,4
6997,43
6998,7
6999,7
7000,59
7001,59
7002,25
7003,79
7004,79
7005,9
7006,71
7007,48
7008,44
7009,11
7010,77
7011,41
7012,41
7013,11
7014,82
7015,79
7016,10
7017,85
7018,9
7019,71
7020,52
7021,22
7022,18
7023,36
7024,41
7025,8
7026,18
7027,18
7028,18
7029,18
7030,31
7031,61
7032,48
7033,49
7034,38
7035,86
7036,13
7037,85
7038,71
7039,10
7040,17
7041,46
7042,2
7043,15
7044,1
7045,27
7046,80
7047,79
7048,1
7049,66
7050,37
7051,32
7052,16
7053,79
7054,79
7055,88
7056,85
7057,67
7058,27
7059,39
7060,85
7061,54
7062,45
7063,26
7064,21
7065,21
7066,21
7067,67
7068,56
7069,9
7070,87
7071,53
7072,40
7073,43
7074,57
7075,19
7076,25
7077,23
7078,72
7079,72
7080,84
7081,32
7082,15
7083,51
7084,72
7085,27
7086,87
7087,18
7088,58
7089,24
7090,50
7091,20
7092,20
7093,43
7094,80
7095,30
7096,67
7097,9
7098,60
7099,17
7100,13
7101,21
7102,59
7103,58
7104,36
7105,71
7106,4
7107,80
7108,60
7109,3
7110,15
7111,32
7112,71
7113,1
7114,87
7115,53
7116,19
7117,3
7118,58
7119,80
7120,1
7121,34
7122,32
7123,7
7124,21
7125,7
7126,84
7127,16
7128,7
7129,9
7130,7
7131,87
7132,15
7133,24
7134,9
7135,9
7136,57
7137,55
7138,12
7139,69
7140,11
7141,85
7142,17
7143,16
7144,45
7145,63
7146,76
7147,21
7148,71
7149,33
7150,35
7151,22
7152,52
7153,14
7154,6
7155,40
7156,53
7157,79
7158,37
7159,47
7160,79
7161,79
7162,24
7163,55
7164,50
7165,72
7166,6
7167,1
7168,1
7169,79
7170,15
7171,19
7172,66
7173,66
7174,59
7175,51
7176,51
7177,51
7178,44
7179,48
7180,80
7181,14
7182,48
7183,62
7184,21
7185,50
7186,41
7187,41
7188,17
7189,25
7190,36
7191,14
7192,4
7193,4
7194,54
7195,24
7196,24
7197,51
7198,51
7199,35
7200,79
7201,21
7202,37
7203,72
7204,4
7205,14
7206,80
7207,63
7208,83
7209,16
7210,43
7211,27
7212,38
7213,11
7214,56
7215,11
7216,38
7217,8
7218,14
7219,60
7220,60
7221,34
7222,69
7223,37
7224,59
7225,68
7226,16
7227,37
7228,33
7229,44
7230,71
7231,88
7232,12
7233,14
7234,83
7235,19
7236,54
7237,5
7238,17
7239,87
7240,24
7241,9
7242,23
7243,38
7244,43
7245,43
7246,34
7247,87
7248,25
7249,72
7250,17
7251,40
7252,34
7253,87
7254,87
7255,1
7256,54
7257,5
7258,69
7259,42
7260,8
7261,2
7262,69
7263,17
7264,21
7265,65
7266,26
7267,19
7268,50
7269,62
7270,8
7271,17
7272,26
7273,56
7274,15
7275,9
7276,62
7277,62
7278,40
7279,41
7280,37
7281,4
7282,20
7283,15
7284,15
7285,82
7286,28
7287,50
7288,23
7289,73
7290,39
7291,25
7292,48
7293,22
7294,49
7295,64
7296,4
7297,26
7298,71
7299,20
7300,4
7301,53
7302,15
7303,39
7304,87
7305,29
7306,53
7307,67
7308,6
7309,25
7310,16
7311,70
7312,20
7313,65
7314,75
7315,80
7316,66
7317,51
7318,10
7319,83
7320,4
7321,26
7322,71
7323,83
7324,87
7325,9
7326,25
7327,49
7328,22
7329,22
7330,36
7331,15
7332,15
7333,15
7334,80
7335,44
7336,19
7337,30
7338,53
7339,69
7340,86
7341,86
7342,86
7343,38
7344,66
7345,37
7346,62
7347,36
7348,17
7349,16
7350,71
7351,9
7352,87
7353,37
7354,37
7355,52
7356,49
7357,48
7358,59
7359,85
7360,60
7361,30
7362,32
7363,4
7364,26
7365,71
7366,71
7367,88
7368,52
7369,79
7370,45
7371,1
7372,14
7373,61
7374,88
7375,25
7376,58
7377,58
7378,14
7379,63
7380,62
7381,62
7382,86
7383,42
7384,26
7385,28
7386,1
7387,71
7388,41
7389,41
7390,79
7391,22
7392,49
7393,59
7394,41
7395,20
7396,22
7397,62
7398,50
7399,6
7400,10
7401,22
7402,47
7403,42
7404,8
7405,10
7406,4
7407,58
7408,36
7409,22
7410,54
7411,1
7412,28
7413,8
7414,15
7415,58
7416,83
7417,50
7418,67
7419,67
7420,67
7421,40
7422,17
7423,40
7424,11
7425,21
7426,8
7427,60
7428,1
7429,1
7430,16
7431,49
7432,38
7433,79
7434,79
7435,41
7436,31
7437,39
7438,53
7439,35
7440,71
7441,21
7442,61
7443,42
7444,87
7445,11
7446,26
7447,46
7448,20
7449,19
7450,66
7451,66
7452,66
7453,66
7454,66
7455,37
7456,70
7457,78
7458,83
7459,31
7460,20
7461,48
7462,85
7463,19
7464,85
7465,10
7466,86
7467,12
7468,54
7469,53
7470,53
7471,9
7472,87
7473,86
7474,82
7475,59
7476,37
7477,70
7478,49
7479,14
7480,81
7481,4
7482,1
7483,26
7484,70
7485,37
7486,12
7487,20
7488,20
7489,41
7490,9
7491,33
7492,12
7493,65
7494,87
7495,53
7496,6
7497,6
7498,6
7499,38
7500,16
7501,16
7502,76
7503,15
7504,3
7505,68
7506,52
7507,86
7508,38
7509,39
7510,39
7511,39
7512,84
7513,87
7514,65
7515,65
7516,13
7517,55
7518,51
7519,60
7520,14
7521,76
7522,19
7523,39
7524,66
7525,82
7526,7
7527,25
7528,53
7529,20
7530,53
7531,20
7532,22
7533,79
7534,79
7535,49
7536,32
7537,1
7538,39
7539,39
7540,72
7541,59
7542,23
7543,26
7544,26
7545,18
7546,18
7547,53
7548,16
7549,11
7550,38
7551,50
7552,66
7553,19
7554,79
7555,19
7556,5
7557,61
7558,29
7559,29
7560,11
7561,25
7562,23
7563,43
7564,62
7565,78
7566,26
7567,82
7568,14
7569,53
7570,2
7571,11
7572,37
7573,75
7574,16
7575,59
7576,3
7577,55
7578,63
7579,43
7580,3
7581,45
7582,44
7583,42
7584,6
7585,53
7586,61
7587,79
7588,69
7589,31
7590,41
7591,80
7592,80
7593,22
7594,80
7595,11
7596,88
7597,3
7598,1
7599,27
7600,31
7601,79
7602,4
7603,87
7604,39
7605,43
7606,9
7607,15
7608,70
7609,79
7610,77
7611,19
7612,26
7613,66
7614,19
7615,19
7616,26
7617,57
7618,82
7619,65
7620,65
7621,15
7622,71
7623,29
7624,4
7625,45
7626,19
7627,35
7628,20
7629,43
7630,83
7631,16
7632,15
7633,15
7634,20
7635,69
7636,53
7637,14
7638,75
7639,20
7640,21
7641,34
7642,35
7643,35
7644,55
7645,47
7646,28
7647,1
7648,20
7649,55
7650,1
7651,86
7652,55
7653,72
7654,29
7655,4
7656,72
7657,82
7658,86
7659,71
7660,9
7661,4
7662,38
7663,85
7664,87
7665,31
7666,33
7667,46
7668,8
7669,75
7670,31
7671,11
7672,16
7673,16
7674,33
7675,46
7676,34
7677,60
7678,22
7679,43
7680,63
7681,2
7682,76
7683,1
7684,87
7685,19
7686,84
7687,42
7688,34
7689,82
7690,67
7691,72
7692,62
7693,35
7694,18
7695,29
7696,62
7697,27
7698,15
7699,15
7700,54
7701,80
7702,53
7703,37
7704,62
7705,88
7706,7
7707,83
7708,26
7709,26
7710,27
7711,56
7712,56
7713,56
7714,15
7715,63
7716,63
7717,34
7718,41
7719,48
7720,24
7721,83
7722,14
7723,35
7724,72
7725,22
7726,37
7727,46
7728,54
7729,67
7730,17
7731,54
7732,87
7733,38
7734,57
7735,39
7736,59
7737,39
7738,39
7739,12
7740,27
7741,69
7742,10
7743,86
7744,13
7745,19
7746,14
7747,70
7748,48
7749,13
7750,9
7751,15
7752,27
7753,27
7754,19
7755,43
7756,24
7757,9
7758,65
7759,25
7760,34
7761,1
7762,66
7763,63
7764,6
7765,15
7766,15
7767,34
7768,41
7769,60
7770,5
7771,4
7772,87
7773,80
7774,65
7775,65
7776,16
7777,70
7778,63
7779,52
7780,80
7781,34
7782,22
7783,22
7784,35
7785,67
7786,54
7787,40
7788,82
7789,28
7790,67
7791,75
7792,19
7793,62
7794,22
7795,29
7796,35
7797,15
7798,55
7799,3
7800,41
7801,9
7802,9
7803,16
7804,62
7805,62
7806,52
7807,25
7808,39
7809,18
7810,27
7811,39
7812,4
7813,50
7814,46
7815,38
7816,35
7817,38
7818,21
7819,21
7820,18
7821,61
7822,38
7823,14
7824,14
7825,55
7826,35
7827,32
7828,32
7829,38
7830,24
7831,32
7832,79
7833,79
7834,79
7835,4
7836,54
7837,74
7838,25
7839,4
7840,77
7841,53
7842,79
7843,80
7844,7
7845,42
7846,43
7847,63
7848,62
7849,17
7850,67
7851,85
7852,26
7853,16
7854,9
7855,14
7856,19
7857,80
7858,69
7859,19
7860,31
7861,37
7862,40
7863,9
7864,42
7865,77
7866,30
7867,7
7868,7
7869,53
7870,79
7871,49
7872,63
7873,35
7874,86
7875,1
7876,1
7877,35
7878,11
7879,51
7880,29
7881,38
7882,38
7883,25
7884,6
7885,57
7886,4
7887,20
7888,35
7889,11
7890,80
7891,77
7892,70
7893,40
7894,53
7895,40
7896,6
7897,3
7898,66
7899,19
7900,70
7901,45
7902,43
7903,26
7904,6
7905,32
7906,47
7907,80
7908,30
7909,36
7910,86
7911,63
7912,35
7913,52
7914,8
7915,30
7916,11
7917,4
7918,4
7919,12
7920,12
7921,30
7922,39
7923,87
7924,18
7925,26
7926,12
7927,72
7928,7
7929,55
7930,1
7931,71
7932,27
7933,22
7934,4
7935,18
7936,18
7937,47
7938,38
7939,88
7940,52
7941,71
7942,14
7943,38
7944,6
7945,7
7946,7
7947,39
7948,26
7949,43
7950,33
7951,83
7952,19
7953,19
7954,43
7955,33
7956,60
7957,48
7958,29
7959,78
7960,55
7961,36
7962,52
7963,4
7964,11
7965,81
7966,45
7967,68
7968,21
7969,25
7970,42
7971,86
7972,28
7973,41
7974,41
7975,48
7976,29
7977,48
7978,63
7979,70
7980,61
7981,36
7982,24
7983,24
7984,24
7985,14
7986,4
7987,4
7988,79
7989,9
7990,77
7991,66
7992,66
7993,79
7994,54
7995,54
7996,41
7997,64
7998,17
7999,43
8000,72
8001,30
8002,67
8003,82
8004,82
8005,63
8006,31
8007,40
8008,83
8009,6
8010,55
8011,55
8012,79
8013,18
8014,79
8015,12
8016,32
8017,21
8018,54
8019,41
8020,11
8021,12
8022,12
8023,12
8024,56
8025,15
8026,80
8027,18
8028,27
8029,29
8030,35
8031,54
8032,61
8033,19
8034,58
8035,62
8036,38
8037,15
8038,34
8039,13
8040,13
8041,3
8042,45
8043,16
8044,1
8045,16
8046,71
8047,71
8048,16
8049,39
8050,4
8051,8
8052,33
8053,35
8054,31
8055,6
8056,6
8057,10
8058,30
8059,79
8060,3
8061,18
8062,18
8063,82
8064,66
8065,11
8066,53
8067,27
8068,39
8069,52
8070,8
8071,71
8072,63
8073,63
8074,63
8075,12
8076,88
8077,48
8078,14
8079,61
8080,47
8081,34
8082,38
8083,32
8084,1
8085,46
8086,10
8087,63
8088,16
8089,70
8090,15
8091,13
8092,13
8093,20
8094,72
8095,67
8096,32
8097,72
8098,14
8099,30
8100,79
8101,40
8102,59
8103,14
8104,78
8105,3
8106,52
8107,39
8108,18
8109,4
8110,4
8111,4
8112,79
8113,39
8114,15
8115,50
8116,65
8117,65
8118,21
8119,57
8120,65
8121,86
8122,31
8123,52
8124,22
8125,22
8126,15
8127,25
8128,11
8129,1
8130,3
8131,38
8132,15
8133,4
8134,26
8135,52
8136,48
8137,16
8138,60
8139,6
8140,13
8141,12
8142,12
8143,61
8144,53
8145,53
8146,20
8147,8
8148,8
8149,45
8150,16
8151,41
8152,56
8153,56
8154,7
8155,29
8156,33
8157,27
8158,30
8159,20
8160,23
8161,11
8162,40
8163,51
8164,24
8165,37
8166,21
8167,12
8168,8
8169,39
8170,25
8171,9
8172,21
8173,2
8174,43
8175,13
8176,74
8177,11
8178,66
8179,27
8180,1
8181,56
8182,32
8183,44
8184,9
8185,54
8186,21
8187,56
8188,38
8189,87
8190,15
8191,85
8192,38
8193,12
8194,38
8195,67
8196,49
8197,50
8198,83
8199,81
8200,38
8201,45
8202,53
8203,63
8204,79
8205,20
8206,32
8207,32
8208,32
8209,35
8210,15
8211,15
8212,37
8213,85
8214,83
8215,32
8216,40
8217,71
8218,14
8219,87
8220,22
8221,11
8222,14
8223,38
8224,56
8225,86
8226,17
8227,84
8228,79
8229,79
8230,85
8231,52
8232,52
8233,18
8234,86
8235,71
8236,38
8237,4
8238,41
8239,5
8240,32
8241,59
8242,59
8243,39
8244,8
8245,60
8246,53
8247,14
8248,66
8249,85
8250,11
8251,72
8252,18
8253,46
8254,85
8255,53
8256,60
8257,11
8258,1
8259,33
8260,66
8261,66
8262,87
8263,9
8264,6
8265,53
8266,33
8267,67
8268,62
8269,75
8270,12
8271,55
8272,35
8273,35
8274,4
8275,68
8276,26
8277,4
8278,62
8279,7
8280,74
8281,39
8282,23
8283,25
8284,60
8285,60
8286,16
8287,53
8288,6
8289,79
8290,37
8291,38
8292,51
8293,51
8294,44
8295,36
8296,10
8297,65
8298,16
8299,88
8300,12
8301,79
8302,33
8303,15
8304,4
8305,53
8306,67
8307,42
8308,72
8309,41
8310,28
8311,20
8312,31
8313,79
8314,11
8315,11
8316,54
8317,67
8318,21
8319,55
8320,43
8321,67
8322,6
8323,39
8324,15
8325,16
8326,39
8327,4
8328,69
8329,19
8330,56
8331,56
8332,60
8333,50
8334,43
8335,29
8336,62
8337,79
8338,43
8339,79
8340,37
8341,14
8342,43
8343,3
8344,50
8345,16
8346,42
8347,86
8348,67
8349,15
8350,76
8351,14
8352,79
8353,23
8354,84
8355,72
8356,67
8357,3
8358,51
8359,51
8360,79
8361,67
8362,37
8363,1
8364,9
8365,65
8366,87
8367,86
8368,35
8369,19
8370,15
8371,87
8372,29
8373,16
8374,66
8375,79
8376,11
8377,14
8378,42
8379,19
8380,78
8381,63
8382,48
8383,79
8384,56
8385,85
8386,9
8387,87
8388,65
8389,26
8390,52
8391,43
8392,63
8393,43
8394,38
8395,49
8396,38
8397,5
8398,53
8399,44
8400,3
8401,56
8402,38
8403,6
8404,72
8405,72
8406,31
8407,31
8408,66
8409,54
8410,50
8411,79
8412,87
8413,34
8414,22
8415,72
8416,54
8417,12
8418,14
8419,67
8420,19
8421,7
8422,61
8423,39
8424,37
8425,19
8426,36
8427,24
8428,1
8429,62
8430,29
8431,17
8432,38
8433,27
8434,22
8435,39
8436,58
8437,41
8438,66
8439,6
8440,53
8441,21
8442,52
8443,13
8444,63
8445,67
8446,48
8447,23
8448,65
8449,14
8450,16
8451,6
8452,6
8453,8
8454,63
8455,65
8456,87
8457,22
8458,15
8459,52
8460,3
8461,14
8462,15
8463,43
8464,19
8465,84
8466,17
8467,31
8468,53
8469,14
8470,80
8471,17
8472,14
8473,26
8474,14
8475,14
8476,70
8477,21
8478,15
8479,62
8480,87
8481,59
8482,87
8483,20
8484,11
8485,43
8486,11
8487,21
8488,21
8489,70
8490,29
8491,12
8492,50
8493,27
8494,85
8495,85
8496,85
8497,39
8498,49
8499,83
8500,75
8501,1
8502,52
8503,28
8504,46
8505,39
8506,16
8507,20
8508,35
8509,54
8510,54
8511,34
8512,82
8513,1
8514,1
8515,25
8516,83
8517,39
8518,20
8519,67
8520,19
8521,19
8522,86
8523,21
8524,71
8525,60
8526,83
8527,13
8528,29
8529,29
8530,29
8531,71
8532,71
8533,86
8534,63
8535,15
8536,61
8537,4
8538,13
8539,86
8540,71
8541,23
8542,25
8543,79
8544,79
8545,79
8546,14
8547,79
8548,79
8549,79
8550,16
8551,48
8552,48
8553,87
8554,9
8555,83
8556,14
8557,6
8558,66
8559,14
8560,88
8561,64
8562,72
8563,30
8564,29
8565,86
8566,3
8567,48
8568,32
8569,14
8570,30
8571,66
8572,66
8573,71
8574,16
8575,23
8576,4
8577,81
8578,81
8579,19
8580,48
8581,9
8582,22
8583,16
8584,61
8585,82
8586,1
8587,72
8588,26
8589,79
8590,87
8591,17
8592,87
8593,62
8594,17
8595,80
8596,3
8597,83
8598,87
8599,79
8600,71
8601,32
8602,71
8603,25
8604,16
8605,22
8606,26
8607,35
8608,30
8609,29
8610,79
8611,48
8612,9
8613,9
8614,9
8615,9
8616,30
8617,11
8618,71
8619,71
8620,72
8621,84
8622,86
8623,79
8624,80
8625,8
8626,2
8627,23
8628,9
8629,10
8630,44
8631,79
8632,79
8633,13
8634,85
8635,18
8636,11
8637,79
8638,80
8639,79
8640,85
8641,6
8642,16
8643,14
8644,32
8645,86
8646,75
8647,22
8648,19
8649,30
8650,62
8651,32
8652,55
8653,68
8654,42
8655,9
8656,79
8657,3
8658,4
8659,4
8660,32
8661,71
8662,72
8663,71
8664,8
8665,16
8666,16
8667,32
8668,28
8669,35
8670,61
8671,80
8672,11
8673,82
8674,82
8675,82
8676,82
8677,82
8678,69
8679,22
8680,23
8681,71
8682,23
8683,72
8684,72
8685,14
8686,87
8687,79
8688,82
8689,82
8690,56
8691,66
8692,66
8693,6
8694,87
8695,44
8696,26
8697,10
8698,81
8699,10
8700,10
8701,83
8702,22
8703,62
8704,66
8705,44
8706,83
8707,2
8708,71
8709,61
8710,13
8711,9
8712,22
8713,1
8714,32
8715,88
8716,4
8717,80
8718,19
8719,61
8720,81
8721,79
8722,69
8723,4
8724,4
8725,74
8726,85
8727,14
8728,35
8729,4
8730,62
8731,17
8732,44
8733,35
8734,25
8735,16
8736,61
8737,32
8738,18
8739,85
8740,68
8741,14
8742,88
8743,44
8744,22
8745,66
8746,62
8747,62
8748,11
8749,56
8750,28
8751,83
8752,69
8753,29
8754,14
8755,25
8756,62
8757,87
8758,56
8759,16
8760,83
8761,83
8762,66
8763,35
8764,14
8765,64
8766,4
8767,64
8768,35
8769,9
8770,22
8771,83
8772,8
8773,8
8774,6
8775,17
8776,30
8777,88
8778,82
8779,4
8780,4
8781,79
8782,16
8783,13
8784,35
8785,85
8786,26
8787,13
8788,17
8789,1
8790,82
8791,26
8792,11
8793,30
8794,11
8795,4
8796,11
8797,35
8798,11
8799,85
8800,35
8801,11
8802,74
8803,83
8804,11
8805,11
8806,71
8807,62
8808,71
8809,71
8810,25
8811,16
8812,26
8813,87
8814,77
8815,18
8816,55
8817,66
8818,17
8819,14
8820,32
8821,16
8822,85
8823,84
8824,17
8825,83
8826,83
8827,83
8828,66
8829,16
8830,84
8831,9
8832,72
8833,87
8834,17
8835,35
8836,14
8837,86
8838,86
8839,10
8840,29
8841,56
8842,85
8843,71
8844,13
8845,71
8846,25
8847,35
8848,82
8849,87
8850,14
8851,75
8852,14
8853,9
8854,86
8855,6
8856,81
8857,19
8858,8
8859,84
8860,87
8861,4
8862,4
8863,87
8864,14
8865,85
8866,8
8867,71
8868,1
8869,16
8870,44
8871,88
8872,4
8873,6
8874,26
8875,62
8876,19
8877,32
8878,86
8879,88
8880,14
8881,9
8882,25
8883,17
8884,79
8885,19
8886,86
8887,25
8888,14
8889,14
8890,88
8891,22
8892,14
8893,4
8894,4
8895,48
8896,16
8897,83
8898,87
8899,71
8900,71
8901,4
8902,30
8903,86
8904,79
8905,32
8906,79
8907,44
8908,88
8909,16
8910,30
8911,30
8912,26
8913,29
8914,9
8915,83
8916,16
8917,16
8918,82
8919,16
8920,26
8921,32
8922,13
8923,26
8924,42
8925,19
8926,76
8927,28
8928,6
8929,14
8930,32
8931,16
8932,9
8933,19
8934,19
8935,79
8936,11
8937,19
8938,80
8939,79
8940,10
8941,83
8942,22
8943,30
8944,72
8945,62
8946,30
8947,87
8948,55
8949,17
8950,4
8951,4
8952,9
8953,69
8954,69
8955,9
8956,83
8957,11
8958,11
8959,62
8960,28
8961,74
8962,77
8963,84
8964,68
8965,68
8966,71
8967,71
8968,87
8969,13
8970,25
8971,25
8972,75
8973,16
8974,22
8975,69
8976,61
8977,29
8978,6
8979,9
8980,19
8981,19
8982,44
8983,79
8984,80
8985,14
8986,30
8987,14
8988,19
8989,19
8990,11
8991,72
8992,66
8993,61
8994,28
8995,71
8996,85
8997,19
8998,79
8999,79
9000,23
9001,86
9002,22
9003,66
9004,28
9005,16
9006,3
9007,32
9008,26
9009,87
9010,17
9011,51
9012,88
9013,6
9014,23
9015,68
9016,44
9017,79
9018,79
9019,30
9020,83
9021,4
9022,79
9023,61
9024,62
9025,8
9026,16
9027,28
9028,8
9029,77
9030,11
9031,4
9032,4
9033,88
9034,55
9035,14
9036,26
9037,66
9038,72
9039,1
9040,75
9041,22
9042,22
9043,22
9044,66
9045,4
9046,32
9047,25
9048,25
9049,16
9050,6
9051,6
9052,6
9053,6
9054,86
9055,87
9056,87
9057,11
9058,1
9059,16
9060,26
9061,62
9062,22
9063,18
9064,69
9065,30
9066,64
9067,69
9068,69
9069,77
9070,8
9071,72
9072,68
9073,29
9074,6
9075,18
9076,9
9077,9
9078,71
9079,22
9080,74
9081,22
9082,22
9083,26
9084,30
9085,29
9086,62
9087,72
9088,79
9089,4
9090,23
9091,26
9092,19
9093,79
9094,19
9095,11
9096,14
9097,71
9098,79
9099,88
9100,19
9101,4
9102,11
9103,6
9104,79
9105,51
9106,30
9107,71
9108,35
9109,6
9110,66
9111,86
9112,3
9113,87
9114,1
9115,4
9116,23
9117,23
9118,79
9119,79
9120,14
9121,79
9122,10
9123,79
9124,19
9125,79
9126,8
9127,3
9128,11
9129,14
9130,83
9131,83
9132,83
9133,18
9134,85
9135,4
9136,35
9137,35
9138,22
9139,3
9140,62
9141,6
9142,25
9143,25
9144,79
9145,85
9146,26
9147,14
9148,11
9149,82
9150,62
9151,26
9152,18
9153,71
9154,32
9155,44
9156,32
9157,86
9158,18
9159,62
9160,77
9161,62
9162,79
9163,79
9164,56
9165,10
9166,28
9167,28
9168,28
9169,18
9170,25
9171,42
9172,2
9173,16
9174,16
9175,79
9176,32
9177,10
9178,1
9179,83
9180,26
9181,16
9182,83
9183,10
9184,13
9185,30
9186,66
9187,71
9188,55
9189,77
9190,32
9191,71
9192,66
9193,79
9194,87
9195,42
9196,17
9197,17
9198,79
9199,30
9200,11
9201,19
9202,17
9203,61
9204,72
9205,79
9206,9
9207,8
9208,86
9209,11
9210,79
9211,64
9212,16
9213,79
9214,17
9215,74
9216,83
9217,9
9218,32
9219,22
9220,8
9221,29
9222,79
9223,79
9224,79
9225,71
9226,74
9227,11
9228,25
9229,16
9230,68
9231,85
9232,75
9233,61
9234,61
9235,61
9236,13
9237,51
9238,82
9239,79
9240,32
9241,3
9242,3
9243,6
9244,79
9245,3
9246,88
9247,17
9248,62
9249,69
9250,82
9251,82
9252,22
9253,72
9254,25
9255,26
9256,1
9257,1
9258,6
9259,51
9260,87
9261,87
9262,11
9263,71
9264,72
9265,79
9266,71
9267,44
9268,32
9269,9
9270,18
9271,79
9272,86
9273,28
9274,9
9275,36
9276,44
9277,66
9278,50
9279,22
9280,4
9281,72
9282,72
9283,72
9284,14
9285,11
9286,53
9287,10
9288,82
9289,50
9290,50
9291,13
9292,82
9293,50
9294,88
9295,4
9296,4
9297,82
9298,75
9299,19
9300,49
9301,49
9302,45
9303,59
9304,87
9305,16
9306,39
9307,44
9308,44
9309,4
9310,63
9311,23
9312,2
9313,60
9314,26
9315,72
9316,60
9317,39
9318,86
9319,16
9320,14
9321,56
9322,67
9323,67
9324,83
9325,26
9326,80
9327,76
9328,71
9329,9
9330,9
9331,66
9332,8
9333,82
9334,48
9335,80
9336,16
9337,70
9338,33
9339,69
9340,11
9341,26
9342,80
9343,80
9344,80
9345,35
9346,11
9347,6
9348,19
9349,39
9350,16
9351,19
9352,19
9353,53
9354,88
9355,26
9356,35
9357,2
9358,6
9359,85
9360,85
9361,36
9362,38
9363,70
9364,63
9365,86
9366,84
9367,80
9368,30
9369,42
9370,4
9371,4
9372,17
9373,4
9374,53
9375,63
9376,19
9377,19
9378,17
9379,86
9380,86
9381,9
9382,53
9383,44
9384,49
9385,38
9386,65
9387,10
9388,25
9389,60
9390,9
9391,6
9392,50
9393,82
9394,16
9395,82
9396,11
9397,22
9398,71
9399,4
9400,66
9401,3
9402,49
9403,76
9404,14
9405,10
9406,1
9407,2
9408,70
9409,16
9410,68
9411,70
9412,32
9413,79
9414,32
9415,18
9416,26
9417,23
9418,36
9419,76
9420,48
9421,63
9422,42
9423,55
9424,88
9425,59
9426,16
9427,16
9428,6
9429,11
9430,11
9431,75
9432,63
9433,63
9434,3
9435,63
9436,80
9437,69
9438,88
9439,50
9440,9
9441,35
9442,67
9443,85
9444,71
9445,50
9446,55
9447,6
9448,56
9449,55
9450,40
9451,26
9452,19
9453,19
9454,19
9455,32
9456,71
9457,71
9458,14
9459,1
9460,38
9461,38
9462,4
9463,4
9464,55
9465,9
9466,11
9467,9
9468,53
9469,64
9470,23
9471,6
9472,35
9473,25
9474,1
9475,32
9476,76
9477,53
9478,83
9479,38
9480,11
9481,36
9482,67
9483,38
9484,45
9485,57
9486,85
9487,13
9488,42
9489,59
9490,19
9491,62
9492,71
9493,19
9494,39
9495,9
9496,55
9497,64
9498,59
9499,39
9500,50
9501,1
9502,22
9503,36
9504,9
9505,86
9506,38
9507,25
9508,14
9509,63
9510,16
9511,63
9512,79
9513,9
9514,44
9515,72
9516,49
9517,16
9518,9
9519,11
9520,48
9521,3
9522,26
9523,2
9524,79
9525,79
9526,17
9527,2
9528,72
9529,38
9530,60
9531,11
9532,10
9533,4
9534,4
9535,79
9536,8
9537,77
9538,44
9539,6
9540,88
9541,2
9542,4
9543,57
9544,26
9545,55
9546,59
9547,8
9548,60
9549,51
9550,11
9551,87
9552,87
9553,63
9554,81
9555,38
9556,82
9557,82
9558,72
9559,35
9560,75
9561,16
9562,50
9563,22
9564,23
9565,62
9566,85
9567,13
9568,9
9569,53
9570,25
9571,66
9572,22
9573,59
9574,40
9575,69
9576,67
9577,50
9578,75
9579,4
9580,66
9581,76
9582,19
9583,36
9584,23
9585,17
9586,57
9587,13
9588,86
9589,86
9590,86
9591,87
9592,79
9593,48
9594,81
9595,8
9596,30
9597,80
9598,39
9599,25
9600,72
9601,45
9602,9
9603,4
9604,38
9605,71
9606,85
9607,85
9608,85
9609,85
9610,33
9611,62
9612,53
9613,72
9614,29
9615,29
9616,11
9617,39
9618,67
9619,10
9620,10
9621,11
9622,35
9623,10
9624,59
9625,79
9626,32
9627,32
9628,48
9629,42
9630,26
9631,32
9632,14
9633,14
9634,82
9635,9
9636,9
9637,51
9638,2
9639,2
9640,2
9641,32
9642,37
9643,6
9644,62
9645,76
9646,60
9647,37
9648,72
9649,71
9650,85
9651,16
9652,59
9653,35
9654,37
9655,74
9656,85
9657,35
9658,36
9659,48
9660,80
9661,4
9662,11
9663,79
9664,6
9665,75
9666,9
9667,38
9668,39
9669,53
9670,72
9671,80
9672,86
9673,67
9674,17
9675,83
9676,45
9677,45
9678,38
9679,71
9680,79
9681,38
9682,9
9683,29
9684,19
9685,14
9686,40
9687,63
9688,63
9689,87
9690,25
9691,1
9692,36
9693,80
9694,69
9695,13
9696,40
9697,53
9698,61
9699,55
9700,71
9701,25
9702,87
9703,16
9704,50
9705,53
9706,19
9707,11
9708,48
9709,26
9710,36
9711,1
9712,71
9713,2
9714,44
9715,69
9716,69
9717,37
9718,50
9719,50
9720,8
9721,39
9722,26
9723,40
9724,14
9725,29
9726,32
9727,37
9728,16
9729,22
9730,6
9731,30
9732,16
9733,81
9734,38
9735,32
9736,16
9737,8
9738,25
9739,2
9740,22
9741,49
9742,26
9743,8
9744,32
9745,19
9746,44
9747,22
9748,79
9749,11
9750,35
9751,14
9752,30
9753,36
9754,25
9755,49
9756,64
9757,38
9758,71
9759,67
9760,59
9761,32
9762,32
9763,87
9764,26
9765,71
9766,59
9767,29
9768,6
9769,6
9770,6
9771,29
9772,82
9773,82
9774,30
9775,71
9776,35
9777,29
9778,50
9779,11
9780,71
9781,71
9782,1
9783,6
9784,85
9785,30
9786,39
9787,39
9788,77
9789,40
9790,1
9791,79
9792,1
9793,71
9794,8
9795,44
9796,39
9797,39
9798,17
9799,36
9800,59
9801,9
9802,35
9803,22
9804,23
9805,65
9806,72
9807,72
9808,22
9809,85
9810,38
9811,38
9812,38
9813,9
9814,79
9815,36
9816,55
9817,19
9818,19
9819,85
9820,45
9821,44
9822,66
9823,88
9824,79
9825,76
9826,66
9827,39
9828,38
9829,69
9830,80
9831,56
9832,81
9833,61
9834,79
9835,16
9836,86
9837,38
9838,6
9839,26
9840,26
9841,17
9842,22
9843,37
9844,16
9845,72
9846,67
9847,67
9848,37
9849,51
9850,59
9851,61
9852,86
9853,75
9854,51
9855,87
9856,55
9857,86
9858,4
9859,39
9860,49
9861,14
9862,14
9863,53
9864,36
9865,32
9866,8
9867,29
9868,65
9869,71
9870,4
9871,60
9872,53
9873,62
9874,62
9875,44
9876,55
9877,67
9878,76
9879,1
9880,53
9881,14
9882,14
9883,14
9884,87
9885,63
9886,1
9887,11
9888,55
9889,33
9890,30
9891,4
9892,23
9893,44
9894,77
9895,16
9896,16
9897,53
9898,56
9899,62
9900,48
9901,53
9902,71
9903,72
9904,10
9905,29
9906,9
9907,72
9908,53
9909,29
9910,38
9911,79
9912,86
9913,6
9914,19
9915,1
9916,59
9917,50
9918,38
9919,45
9920,45
9921,9
9922,9
9923,67
9924,65
9925,85
9926,87
9927,67
9928,80
9929,77
9930,25
9931,25
9932,29
9933,10
9934,74
9935,67
9936,45
9937,82
9938,59
9939,60
9940,60
9941,40
9942,86
9943,86
9944,88
9945,88
9946,42
9947,30
9948,29
9949,6
9950,10
9951,86
9952,86
9953,71
9954,16
9955,53
9956,53
9957,80
9958,2
9959,6
9960,76
9961,42
9962,2
9963,59
9964,66
9965,61
9966,67
9967,25
9968,2
9969,22
9970,38
9971,60
9972,14
9973,14
9974,77
9975,1
9976,44
9977,71
9978,6
9979,66
9980,10
9981,65
9982,85
9983,32
9984,85
9985,49
9986,88
9987,32
9988,57
9989,64
9990,71
9991,85
9992,79
9993,36
9994,37
9995,53
9996,53
9997,74
9998,64
9999,14
10000,87
10001,40
10002,38
10003,80
10004,80
10005,88
10006,83
10007,9
10008,39
10009,39
10010,86
10011,86
10012,26
10013,83
10014,75
10015,14
10016,1
10017,67
10018,72
10019,87
10020,51
10021,2
10022,16
10023,32
10024,53
10025,70
10026,37
10027,59
10028,82
10029,56
10030,40
10031,55
10032,42
10033,29
10034,19
10035,29
10036,22
10037,72
10038,70
10039,32
10040,71
10041,63
10042,68
10043,11
10044,14
10045,33
10046,33
10047,70
10048,30
10049,85
10050,83
10051,40
10052,33
10053,59
10054,3
10055,22
10056,79
10057,33
10058,82
10059,82
10060,65
10061,53
10062,88
10063,83
10064,11
10065,66
10066,66
10067,49
10068,63
10069,66
10070,11
10071,79
10072,51
10073,37
10074,67
10075,69
10076,57
10077,37
10078,37
10079,37
10080,4
10081,85
10082,64
10083,35
10084,40
10085,71
10086,3
10087,3
10088,30
10089,4
10090,72
10091,72
10092,63
10093,42
10094,22
10095,61
10096,67
10097,75
10098,30
10099,33
10100,55
10101,29
10102,88
10103,33
10104,37
10105,19
10106,25
10107,33
10108,49
10109,55
10110,10
10111,3
10112,61
10113,29
10114,14
10115,26
10116,19
10117,59
10118,71
10119,74
10120,74
10121,53
10122,42
10123,11
10124,37
10125,60
10126,88
10127,79
10128,60
10129,9
10130,61
10131,13
10132,74
10133,23
10134,23
10135,4
10136,19
10137,67
10138,22
10139,22
10140,10
10141,1
10142,39
10143,50
10144,37
10145,1
10146,1
10147,19
10148,16
10149,11
10150,85
10151,29
10152,22
10153,79
10154,23
10155,11
10156,83
10157,63
10158,3
10159,70
10160,37
10161,74
10162,44
10163,32
10164,32
10165,75
10166,23
10167,23
10168,23
10169,79
10170,33
10171,87
10172,19
10173,51
10174,13
10175,49
10176,66
10177,32
10178,82
10179,80
10180,23
10181,67
10182,63
10183,2
10184,3
10185,53
10186,53
10187,53
10188,53
10189,70
10190,66
10191,53
10192,11
10193,14
10194,88
10195,61
10196,79
10197,79
10198,80
10199,6
10200,23
10201,23
10202,9
10203,61
10204,9
10205,9
10206,9
10207,9
10208,9
10209,42
10210,87
10211,83
10212,79
10213,79
10214,6
10215,9
10216,64
10217,88
10218,87
10219,3
10220,83
10221,9
10222,87
10223,42
10224,42
10225,6
10226,6
10227,9
10228,79
10229,79
10230,86
10231,42
10232,82
10233,87
10234,42
10235,3
10236,23
10237,9
10238,87
10239,79
10240,8
10241,88
10242,85
10243,84
10244,8
10245,79
10246,87
10247,87
10248,79
10249,69
10250,86
10251,6
10252,42
10253,80
10254,35
10255,23
10256,23
10257,84
10258,82
10259,87
10260,87
10261,83
10262,82
10263,85
10264,79
10265,61
10266,81
10267,69
10268,84
10269,69
10270,9
10271,35
10272,85
10273,79
10274,79
10275,85
10276,85
10277,23
10278,23
10279,85
10280,86
10281,86
10282,86
10283,86
10284,55
10285,9
10286,79
10287,69
10288,87
10289,79
10290,23
10291,6
10292,85
10293,35
10294,23
10295,79
10296,85
10297,8
10298,82
10299,6
10300,9
10301,80
10302,87
10303,86
10304,83
10305,83
10306,83
10307,86
10308,23
10309,42
10310,82
10311,42
10312,9
10313,79
10314,42
10315,55
10316,6
10317,79
10318,86
10319,79
10320,23
10321,23
10322,88
10323,86
10324,6
10325,80
10326,55
10327,55
10328,79
10329,69
10330,83
10331,79
10332,9
10333,85
10334,80
10335,85
10336,6
10337,79
10338,23
10339,8
10340,86
10341,9
10342,23
10343,23
10344,83
10345,3
10346,23
10347,85
10348,79
10349,80
10350,79
10351,79
10352,79
10353,88
10354,86
10355,35
10356,35
10357,35
10358,3
10359,3
10360,9
10361,85
10362,80
10363,55
10364,79
10365,87
10366,35
10367,85
10368,79
10369,83
10370,69
10371,6
10372,79
10373,86
10374,83
10375,9
10376,85
10377,82
10378,23
10379,88
10380,6
10381,6
10382,79
10383,86
10384,84
10385,42
10386,88
10387,88
10388,6
10389,6
10390,23
10391,9
10392,79
10393,35
10394,81
10395,84
10396,69
10397,69
10398,87
10399,8
10400,69
10401,84
10402,83
10403,61
10404,69
10405,64
10406,8
10407,87
10408,88
10409,35
10410,6
10411,87
10412,87
10413,80
10414,80
10415,80
10416,86
10417,69
10418,85
10419,9
10420,86
10421,79
10422,9
10423,9
10424,87
10425,61
10426,83
10427,35
10428,85
10429,85
10430,79
10431,9
10432,6
10433,6
10434,42
10435,82
10436,82
10437,81
10438,85
10439,9
10440,79
10441,64
10442,55
10443,42
10444,80
10445,3
10446,81
10447,79
10448,9
10449,87
10450,80
10451,35
10452,86
10453,84
10454,87
10455,6
10456,3
10457,6
10458,79
10459,79
10460,79
10461,79
10462,61
10463,61
10464,79
10465,9
10466,88
10467,79
10468,79
10469,85
10470,86
10471,87
10472,6
10473,79
10474,9
10475,9
10476,9
10477,85
10478,80
10479,35
10480,8
10481,55
10482,79
10483,9
10484,83
10485,69
10486,9
10487,84
10488,35
10489,86
10490,85
