ID,LGA_ID
1,1
2,2
3,3
4,4
5,5
6,6
7,7
8,8
9,9
10,10
11,11
12,12
13,13
14,14
15,15
16,16
17,17
18,18
19,19
20,20
21,21
22,7
23,22
24,13
25,13
26,23
27,24
28,24
29,25
30,26
31,27
32,28
33,4
34,4
35,29
36,30
37,31
38,32
39,33
40,15
41,34
42,27
43,22
44,29
45,35
46,35
47,36
48,37
49,38
50,39
51,40
52,40
53,41
54,41
55,42
56,43
57,44
58,14
59,45
60,46
61,47
62,48
63,49
64,50
65,51
66,52
67,48
68,53
69,54
70,27
71,55
72,56
73,36
74,57
75,58
76,59
77,38
78,60
79,61
80,62
81,63
82,56
83,64
84,14
85,65
86,66
87,26
88,26
89,7
90,67
91,68
92,69
93,70
94,54
95,71
96,37
97,52
98,72
99,67
100,73
101,72
102,74
103,75
104,74
105,76
106,76
107,52
108,52
109,77
110,56
111,25
112,78
113,79
114,58
115,80
116,81
117,82
118,83
119,84
120,84
121,85
122,86
123,87
124,88
125,56
126,15
127,22
128,89
129,41
130,58
131,44
132,7
133,7
134,90
135,91
136,64
137,53
138,92
139,93
140,94
141,87
142,95
143,96
144,78
145,75
146,15
147,18
148,18
149,97
150,98
151,74
152,76
153,99
154,2
155,47
156,65
157,14
158,100
159,101
160,102
161,103
162,103
163,1
164,104
165,84
166,105
167,68
168,68
169,67
170,14
171,106
172,107
173,60
174,17
175,108
176,66
177,9
178,82
179,109
180,74
181,74
182,110
183,37
184,80
185,44
186,58
187,111
188,112
189,106
190,58
191,113
192,114
193,53
194,115
195,116
196,117
197,118
198,11
199,116
200,15
201,24
202,119
203,120
204,18
205,99
206,117
207,105
208,121
209,122
210,123
211,53
212,53
213,13
214,13
215,124
216,53
217,68
218,125
219,74
220,116
221,126
222,103
223,127
224,128
225,129
226,129
227,130
228,15
229,79
230,131
231,81
232,132
233,133
234,82
235,119
236,16
237,134
238,118
239,132
240,31
241,135
242,100
243,122
244,136
245,137
246,58
247,56
248,81
249,115
250,138
251,89
252,139
253,140
254,141
255,142
256,16
257,58
258,58
259,53
260,37
261,15
262,37
263,143
264,30
265,30
266,30
267,30
268,144
269,145
270,146
271,27
272,147
273,115
274,148
275,149
276,106
277,106
278,74
279,150
280,130
281,151
282,152
283,69
284,75
285,153
286,131
287,98
288,154
289,84
290,84
291,147
292,155
293,61
294,156
295,157
296,135
297,60
298,92
299,158
300,83
301,159
302,58
303,160
304,74
305,72
306,73
307,78
308,135
309,161
310,162
311,18
312,44
313,78
314,51
315,163
316,164
317,165
318,143
319,54
320,135
321,135
322,166
323,166
324,167
325,103
326,43
327,144
328,135
329,168
330,48
331,48
332,35
333,76
334,169
335,170
336,104
337,27
338,15
339,138
340,21
341,78
342,171
343,172
344,106
345,173
346,174
347,175
348,176
349,138
350,150
351,16
352,177
353,178
354,74
355,74
356,116
357,179
358,155
359,4
360,38
361,144
362,144
363,151
364,180
365,106
366,158
367,81
368,150
369,76
370,181
371,121
372,69
373,60
374,60
375,60
376,182
377,154
378,164
379,24
380,183
381,184
382,25
383,32
384,185
385,103
386,186
387,187
388,20
389,6
390,188
391,69
392,26
393,27
394,83
395,48
396,116
397,103
398,26
399,75
400,47
401,24
402,189
403,189
404,190
405,190
406,27
407,15
408,191
409,66
410,66
411,44
412,175
413,169
414,40
415,192
416,193
417,81
418,194
419,104
420,136
421,136
422,84
423,84
424,195
425,196
426,167
427,197
428,197
429,198
430,116
431,56
432,56
433,199
434,42
435,200
436,88
437,139
438,94
439,95
440,111
441,201
442,161
443,91
444,91
445,91
446,116
447,202
448,202
449,203
450,106
451,35
452,19
453,58
454,60
455,81
456,65
457,141
458,204
459,204
460,31
461,58
462,205
463,53
464,157
465,146
466,77
467,206
468,41
469,74
470,72
471,207
472,106
473,34
474,165
475,152
476,208
477,132
478,31
479,168
480,48
481,48
482,158
483,37
484,72
485,41
486,36
487,58
488,39
489,91
490,186
491,186
492,166
493,68
494,190
495,176
496,144
497,53
498,53
499,41
500,206
501,183
502,209
503,115
504,37
505,126
506,208
507,58
508,58
509,65
510,107
511,210
512,78
513,78
514,78
515,135
516,75
517,206
518,32
519,66
520,94
521,30
522,141
523,35
524,103
525,108
526,211
527,211
528,58
529,171
530,41
531,20
532,153
533,60
534,60
535,60
536,42
537,98
538,41
539,212
540,32
541,213
542,150
543,32
544,27
545,44
546,44
547,180
548,53
549,42
550,81
551,81
552,166
553,214
554,214
555,58
556,81
557,71
558,103
559,141
560,82
561,121
562,187
563,42
564,161
565,215
566,216
567,201
568,51
569,64
570,61
571,171
572,14
573,217
574,41
575,47
576,47
577,85
578,151
579,218
580,19
581,24
582,219
583,220
584,76
585,221
586,208
587,157
588,161
589,76
590,31
591,106
592,80
593,96
594,222
595,95
596,20
597,20
598,141
599,141
600,15
601,18
602,18
603,18
604,194
605,53
606,199
607,21
608,83
609,61
610,58
611,7
612,200
613,126
614,126
615,223
616,162
617,15
618,58
619,194
620,197
621,183
622,20
623,224
624,224
625,225
626,226
627,42
628,226
629,69
630,42
631,56
632,18
633,176
634,58
635,58
636,83
637,10
638,130
639,227
640,98
641,228
642,135
643,161
644,67
645,14
646,16
647,126
648,144
649,229
650,72
651,19
652,230
653,144
654,170
655,58
656,58
657,58
658,71
659,71
660,86
661,121
662,116
663,231
664,56
665,224
666,75
667,40
668,217
669,40
670,232
671,205
672,233
673,234
674,91
675,196
676,81
677,180
678,58
679,92
680,235
681,95
682,95
683,38
684,42
685,80
686,128
687,56
688,171
689,143
690,7
691,75
692,215
693,82
694,236
695,112
696,58
697,173
698,231
699,106
700,175
701,78
702,78
703,32
704,32
705,32
706,182
707,237
708,38
709,17
710,238
711,238
712,197
713,214
714,215
715,68
716,44
717,93
718,93
719,239
720,131
721,208
722,159
723,32
724,37
725,167
726,81
727,64
728,170
729,170
730,82
731,240
732,241
733,133
734,22
735,103
736,27
737,242
738,182
739,79
740,217
741,243
742,244
743,62
744,239
745,245
746,111
747,3
748,226
749,94
750,58
751,246
752,236
753,194
754,247
755,31
756,31
757,31
758,111
759,81
760,16
761,28
762,248
763,137
764,236
765,160
766,75
767,198
768,144
769,88
770,204
771,107
772,5
773,58
774,81
775,136
776,249
777,250
778,32
779,251
780,74
781,196
782,190
783,13
784,13
785,126
786,221
787,102
788,31
789,158
790,53
791,58
792,58
793,27
794,186
795,216
796,73
797,252
798,23
799,231
800,5
801,126
802,81
803,253
804,184
805,184
806,4
807,105
808,190
809,90
810,254
811,164
812,136
813,100
814,255
815,61
816,58
817,112
818,58
819,82
820,145
821,67
822,50
823,253
824,253
825,157
826,76
827,115
828,205
829,31
830,15
831,15
832,233
833,149
834,208
835,130
836,13
837,186
838,208
839,256
840,98
841,75
842,18
843,239
844,24
845,142
846,166
847,27
848,182
849,48
850,48
851,257
852,54
853,54
854,54
855,54
856,219
857,159
858,58
859,70
860,53
861,258
862,107
863,222
864,69
865,4
866,4
867,4
868,221
869,164
870,25
871,59
872,75
873,39
874,76
875,106
876,221
877,67
878,81
879,175
880,58
881,182
882,259
883,260
884,123
885,58
886,24
887,2
888,180
889,62
890,56
891,27
892,208
893,116
894,158
895,37
896,22
897,58
898,34
899,134
900,243
901,39
902,48
903,123
904,36
905,78
906,112
907,90
908,16
909,124
910,58
911,37
912,135
913,20
914,85
915,226
916,133
917,58
918,53
919,50
920,15
921,90
922,153
923,256
924,247
925,247
926,132
927,2
928,2
929,261
930,74
931,262
932,239
933,8
934,263
935,111
936,47
937,188
938,103
939,190
940,190
941,48
942,154
943,264
944,63
945,33
946,264
947,61
948,243
949,58
950,160
951,160
952,228
953,228
954,76
955,27
956,119
957,41
958,141
959,219
960,219
961,141
962,99
963,125
964,155
965,216
966,115
967,192
968,81
969,39
970,53
971,171
972,129
973,24
974,255
975,117
976,15
977,94
978,168
979,37
980,65
981,187
982,82
983,65
984,119
985,5
986,189
987,7
988,265
989,104
990,104
991,104
992,84
993,126
994,159
995,50
996,266
997,266
998,103
999,267
1000,262
1001,152
1002,44
1003,181
1004,214
1005,116
1006,257
1007,95
1008,47
1009,181
1010,164
1011,58
1012,138
1013,12
1014,1
1015,1
1016,268
1017,94
1018,41
1019,52
1020,53
1021,53
1022,185
1023,171
1024,135
1025,81
1026,90
1027,269
1028,217
1029,217
1030,225
1031,90
1032,218
1033,53
1034,259
1035,32
1036,32
1037,208
1038,37
1039,72
1040,246
1041,26
1042,161
1043,142
1044,61
1045,7
1046,92
1047,270
1048,160
1049,271
1050,10
1051,126
1052,272
1053,75
1054,106
1055,172
1056,76
1057,175
1058,92
1059,273
1060,237
1061,274
1062,89
1063,135
1064,106
1065,155
1066,58
1067,118
1068,56
1069,196
1070,196
1071,196
1072,156
1073,59
1074,82
1075,45
1076,103
1077,275
1078,137
1079,209
1080,23
1081,42
1082,65
1083,19
1084,276
1085,218
1086,157
1087,195
1088,106
1089,167
1090,50
1091,50
1092,112
1093,277
1094,50
1095,38
1096,278
1097,167
1098,128
1099,75
1100,36
1101,36
1102,62
1103,97
1104,97
1105,23
1106,20
1107,128
1108,53
1109,88
1110,79
1111,59
1112,108
1113,121
1114,31
1115,119
1116,2
1117,146
1118,258
1119,102
1120,279
1121,217
1122,50
1123,280
1124,44
1125,280
1126,112
1127,170
1128,81
1129,58
1130,152
1131,31
1132,279
1133,40
1134,79
1135,281
1136,267
1137,113
1138,24
1139,35
1140,35
1141,15
1142,173
1143,102
1144,96
1145,208
1146,144
1147,77
1148,218
1149,282
1150,74
1151,98
1152,12
1153,58
1154,167
1155,120
1156,19
1157,126
1158,37
1159,244
1160,139
1161,135
1162,15
1163,107
1164,166
1165,92
1166,283
1167,284
1168,116
1169,136
1170,207
1171,236
1172,92
1173,56
1174,24
1175,56
1176,81
1177,53
1178,155
1179,83
1180,167
1181,215
1182,129
1183,126
1184,189
1185,71
1186,53
1187,37
1188,56
1189,27
1190,152
1191,44
1192,74
1193,185
1194,219
1195,194
1196,207
1197,207
1198,264
1199,285
1200,69
1201,244
1202,52
1203,85
1204,85
1205,71
1206,265
1207,6
1208,6
1209,6
1210,181
1211,183
1212,121
1213,164
1214,166
1215,12
1216,125
1217,2
1218,31
1219,157
1220,83
1221,31
1222,53
1223,106
1224,79
1225,126
1226,61
1227,41
1228,77
1229,113
1230,25
1231,58
1232,286
1233,190
1234,231
1235,231
1236,155
1237,152
1238,152
1239,50
1240,50
1241,250
1242,125
1243,287
1244,43
1245,17
1246,205
1247,183
1248,58
1249,121
1250,267
1251,288
1252,91
1253,275
1254,289
1255,228
1256,182
1257,29
1258,204
1259,18
1260,53
1261,117
1262,180
1263,206
1264,24
1265,290
1266,290
1267,31
1268,58
1269,172
1270,121
1271,249
1272,175
1273,291
1274,79
1275,31
1276,92
1277,144
1278,81
1279,244
1280,67
1281,37
1282,112
1283,175
1284,69
1285,7
1286,236
1287,226
1288,106
1289,76
1290,158
1291,158
1292,225
1293,20
1294,172
1295,32
1296,59
1297,65
1298,253
1299,292
1300,135
1301,95
1302,260
1303,260
1304,194
1305,44
1306,104
1307,81
1308,21
1309,121
1310,177
1311,153
1312,89
1313,89
1314,18
1315,276
1316,101
1317,164
1318,144
1319,246
1320,18
1321,20
1322,130
1323,58
1324,181
1325,1
1326,5
1327,74
1328,41
1329,104
1330,106
1331,194
1332,293
1333,20
1334,155
1335,237
1336,225
1337,225
1338,71
1339,105
1340,185
1341,217
1342,94
1343,5
1344,159
1345,106
1346,29
1347,68
1348,294
1349,295
1350,81
1351,56
1352,296
1353,173
1354,58
1355,116
1356,151
1357,105
1358,85
1359,217
1360,125
1361,54
1362,265
1363,73
1364,112
1365,7
1366,13
1367,194
1368,60
1369,176
1370,10
1371,103
1372,111
1373,92
1374,180
1375,79
1376,276
1377,186
1378,186
1379,186
1380,186
1381,159
1382,135
1383,195
1384,297
1385,297
1386,60
1387,298
1388,272
1389,204
1390,96
1391,41
1392,167
1393,37
1394,97
1395,164
1396,63
1397,63
1398,25
1399,187
1400,119
1401,225
1402,154
1403,61
1404,81
1405,274
1406,81
1407,180
1408,161
1409,144
1410,41
1411,108
1412,108
1413,108
1414,94
1415,299
1416,113
1417,76
1418,43
1419,141
1420,235
1421,76
1422,273
1423,31
1424,42
1425,300
1426,195
1427,19
1428,112
1429,42
1430,276
1431,31
1432,81
1433,144
1434,208
1435,301
1436,213
1437,183
1438,116
1439,184
1440,275
1441,95
1442,198
1443,84
1444,11
1445,136
1446,121
1447,41
1448,71
1449,148
1450,20
1451,121
1452,82
1453,143
1454,302
1455,88
1456,37
1457,85
1458,111
1459,204
1460,81
1461,183
1462,111
1463,200
1464,80
1465,166
1466,267
1467,181
1468,76
1469,58
1470,251
1471,284
1472,246
1473,58
1474,38
1475,1
1476,196
1477,126
1478,263
1479,5
1480,60
1481,53
1482,132
1483,71
1484,140
1485,19
1486,276
1487,7
1488,106
1489,126
1490,85
1491,60
1492,70
1493,102
1494,64
1495,48
1496,92
1497,182
1498,68
1499,243
1500,27
1501,233
1502,33
1503,53
1504,12
1505,266
1506,60
1507,164
1508,137
1509,303
1510,185
1511,218
1512,168
1513,167
1514,182
1515,66
1516,78
1517,83
1518,116
1519,27
1520,216
1521,43
1522,57
1523,53
1524,150
1525,58
1526,30
1527,168
1528,42
1529,8
1530,111
1531,53
1532,304
1533,92
1534,129
1535,243
1536,229
1537,53
1538,91
1539,84
1540,161
1541,93
1542,80
1543,76
1544,218
1545,41
1546,67
1547,272
1548,51
1549,106
1550,115
1551,115
1552,115
1553,115
1554,115
1555,115
1556,115
1557,115
1558,115
1559,115
1560,219
1561,248
1562,76
1563,27
1564,8
1565,294
1566,140
1567,164
1568,81
1569,164
1570,40
1571,152
1572,141
1573,170
1574,140
1575,41
1576,246
1577,276
1578,94
1579,126
1580,143
1581,106
1582,41
1583,24
1584,227
1585,106
1586,29
1587,27
1588,32
1589,32
1590,19
1591,92
1592,293
1593,155
1594,241
1595,103
1596,1
1597,256
1598,14
1599,135
1600,142
1601,239
1602,112
1603,41
1604,116
1605,135
1606,131
1607,48
1608,174
1609,305
1610,294
1611,169
1612,31
1613,72
1614,72
1615,66
1616,53
1617,116
1618,116
1619,243
1620,81
1621,276
1622,143
1623,27
1624,306
1625,307
1626,89
1627,294
1628,308
1629,117
1630,169
1631,119
1632,31
1633,56
1634,268
1635,58
1636,202
1637,126
1638,23
1639,23
1640,58
1641,56
1642,150
1643,56
1644,58
1645,309
1646,41
1647,94
1648,94
1649,94
1650,129
1651,62
1652,62
1653,62
1654,62
1655,261
1656,141
1657,104
1658,65
1659,129
1660,76
1661,258
1662,76
1663,91
1664,167
1665,88
1666,206
1667,87
1668,38
1669,69
1670,62
1671,135
1672,164
1673,167
1674,310
1675,51
1676,98
1677,51
1678,1
1679,80
1680,14
1681,183
1682,58
1683,242
1684,15
1685,125
1686,233
1687,233
1688,292
1689,78
1690,31
1691,31
1692,31
1693,65
1694,20
1695,81
1696,106
1697,217
1698,88
1699,56
1700,204
1701,204
1702,204
1703,204
1704,204
1705,2
1706,20
1707,27
1708,37
1709,83
1710,95
1711,58
1712,213
1713,20
1714,65
1715,311
1716,311
1717,311
1718,311
1719,27
1720,37
1721,45
1722,60
1723,23
1724,53
1725,116
1726,27
1727,41
1728,128
1729,235
1730,28
1731,142
1732,177
1733,85
1734,32
1735,190
1736,129
1737,116
1738,22
1739,231
1740,138
1741,81
1742,55
1743,220
1744,37
1745,53
1746,105
1747,105
1748,105
1749,58
1750,306
1751,306
1752,65
1753,85
1754,27
1755,183
1756,14
1757,219
1758,38
1759,142
1760,175
1761,78
1762,204
1763,204
1764,226
1765,23
1766,53
1767,117
1768,27
1769,141
1770,141
1771,141
1772,79
1773,72
1774,233
1775,38
1776,144
1777,228
1778,14
1779,251
1780,7
1781,276
1782,312
1783,164
1784,157
1785,290
1786,181
1787,181
1788,119
1789,226
1790,158
1791,33
1792,277
1793,106
1794,44
1795,94
1796,13
1797,92
1798,78
1799,115
1800,111
1801,71
1802,91
1803,183
1804,161
1805,185
1806,32
1807,32
1808,145
1809,81
1810,129
1811,138
1812,42
1813,180
1814,39
1815,303
1816,157
1817,313
1818,117
1819,179
1820,314
1821,58
1822,13
1823,260
1824,315
1825,41
1826,106
1827,83
1828,177
1829,34
1830,98
1831,316
1832,12
1833,12
1834,117
1835,76
1836,91
1837,53
1838,21
1839,128
1840,40
1841,135
1842,291
1843,125
1844,116
1845,84
1846,84
1847,132
1848,31
1849,165
1850,180
1851,71
1852,34
1853,317
1854,318
1855,231
1856,213
1857,120
1858,74
1859,176
1860,58
1861,153
1862,57
1863,297
1864,253
1865,238
1866,319
1867,253
1868,292
1869,31
1870,256
1871,47
1872,244
1873,204
1874,222
1875,222
1876,206
1877,130
1878,144
1879,86
1880,206
1881,199
1882,92
1883,134
1884,24
1885,121
1886,83
1887,36
1888,5
1889,31
1890,208
1891,95
1892,186
1893,81
1894,259
1895,246
1896,246
1897,181
1898,73
1899,44
1900,128
1901,56
1902,37
1903,79
1904,42
1905,92
1906,190
1907,209
1908,193
1909,315
1910,199
1911,52
1912,320
1913,92
1914,92
1915,114
1916,16
1917,62
1918,112
1919,116
1920,126
1921,117
1922,1
1923,251
1924,278
1925,321
1926,322
1927,53
1928,123
1929,62
1930,117
1931,27
1932,323
1933,324
1934,322
1935,172
1936,282
1937,81
1938,27
1939,114
1940,239
1941,232
1942,51
1943,51
1944,168
1945,185
1946,82
1947,135
1948,135
1949,176
1950,6
1951,64
1952,84
1953,71
1954,84
1955,155
1956,41
1957,41
1958,41
1959,194
1960,83
1961,197
1962,58
1963,61
1964,37
1965,307
1966,307
1967,183
1968,56
1969,198
1970,144
1971,144
1972,144
1973,144
1974,103
1975,237
1976,89
1977,11
1978,20
1979,166
1980,276
1981,44
1982,81
1983,81
1984,81
1985,91
1986,276
1987,166
1988,47
1989,21
1990,129
1991,129
1992,119
1993,275
1994,25
1995,25
1996,325
1997,106
1998,106
1999,133
2000,16
2001,56
2002,41
2003,326
2004,53
2005,53
2006,157
2007,128
2008,324
2009,104
2010,35
2011,14
2012,14
2013,85
2014,165
2015,228
2016,58
2017,18
2018,80
2019,27
2020,2
2021,16
2022,53
2023,42
2024,1
2025,6
2026,6
2027,6
2028,209
2029,15
2030,58
2031,129
2032,103
2033,58
2034,103
2035,129
2036,81
2037,157
2038,31
2039,65
2040,77
2041,44
2042,126
2043,327
2044,81
2045,262
2046,183
2047,226
2048,176
2049,7
2050,193
2051,150
2052,48
2053,175
2054,38
2055,147
2056,44
2057,58
2058,176
2059,53
2060,126
2061,187
2062,211
2063,81
2064,81
2065,17
2066,131
2067,58
2068,116
2069,4
2070,275
2071,189
2072,4
2073,190
2074,119
2075,216
2076,20
2077,220
2078,58
2079,53
2080,154
2081,218
2082,244
2083,226
2084,56
2085,7
2086,328
2087,329
2088,164
2089,81
2090,182
2091,44
2092,226
2093,170
2094,38
2095,301
2096,31
2097,31
2098,106
2099,126
2100,275
2101,135
2102,330
2103,58
2104,78
2105,78
2106,98
2107,187
2108,62
2109,197
2110,331
2111,332
2112,252
2113,295
2114,41
2115,102
2116,79
2117,106
2118,112
2119,135
2120,280
2121,27
2122,194
2123,327
2124,327
2125,310
2126,128
2127,81
2128,207
2129,301
2130,158
2131,53
2132,2
2133,176
2134,65
2135,85
2136,72
2137,37
2138,12
2139,12
2140,58
2141,16
2142,67
2143,272
2144,17
2145,182
2146,149
2147,42
2148,327
2149,141
2150,176
2151,82
2152,214
2153,21
2154,25
2155,167
2156,82
2157,82
2158,5
2159,254
2160,67
2161,58
2162,45
2163,82
2164,82
2165,82
2166,87
2167,180
2168,27
2169,25
2170,58
2171,62
2172,129
2173,239
2174,155
2175,24
2176,227
2177,15
2178,138
2179,194
2180,161
2181,73
2182,63
2183,212
2184,148
2185,73
2186,134
2187,172
2188,42
2189,81
2190,33
2191,8
2192,58
2193,62
2194,3
2195,31
2196,43
2197,74
2198,19
2199,19
2200,214
2201,35
2202,16
2203,62
2204,234
2205,219
2206,16
2207,27
2208,164
2209,97
2210,35
2211,185
2212,61
2213,196
2214,58
2215,43
2216,246
2217,276
2218,7
2219,239
2220,106
2221,24
2222,37
2223,37
2224,188
2225,26
2226,181
2227,81
2228,74
2229,183
2230,132
2231,194
2232,207
2233,50
2234,103
2235,297
2236,115
2237,100
2238,122
2239,27
2240,248
2241,29
2242,28
2243,37
2244,70
2245,75
2246,151
2247,181
2248,145
2249,126
2250,58
2251,135
2252,89
2253,6
2254,333
2255,58
2256,90
2257,182
2258,152
2259,98
2260,282
2261,126
2262,161
2263,98
2264,190
2265,76
2266,181
2267,138
2268,160
2269,18
2270,152
2271,152
2272,152
2273,152
2274,152
2275,55
2276,65
2277,176
2278,123
2279,65
2280,35
2281,98
2282,92
2283,76
2284,58
2285,72
2286,204
2287,103
2288,60
2289,60
2290,66
2291,51
2292,226
2293,130
2294,274
2295,282
2296,282
2297,53
2298,134
2299,58
2300,135
2301,82
2302,330
2303,330
2304,51
2305,36
2306,185
2307,53
2308,334
2309,92
2310,313
2311,70
2312,56
2313,169
2314,169
2315,169
2316,160
2317,20
2318,58
2319,335
2320,108
2321,24
2322,276
2323,92
2324,11
2325,165
2326,76
2327,130
2328,97
2329,5
2330,191
2331,336
2332,330
2333,63
2334,109
2335,89
2336,134
2337,65
2338,61
2339,167
2340,206
2341,334
2342,289
2343,43
2344,172
2345,337
2346,219
2347,19
2348,167
2349,223
2350,72
2351,106
2352,338
2353,159
2354,159
2355,53
2356,144
2357,48
2358,181
2359,15
2360,126
2361,41
2362,18
2363,117
2364,41
2365,217
2366,263
2367,190
2368,185
2369,116
2370,236
2371,330
2372,330
2373,6
2374,188
2375,126
2376,303
2377,161
2378,51
2379,137
2380,116
2381,27
2382,130
2383,20
2384,282
2385,20
2386,315
2387,18
2388,176
2389,21
2390,312
2391,144
2392,218
2393,72
2394,69
2395,58
2396,56
2397,133
2398,103
2399,54
2400,48
2401,324
2402,54
2403,14
2404,161
2405,181
2406,209
2407,53
2408,75
2409,14
2410,169
2411,113
2412,155
2413,263
2414,145
2415,297
2416,239
2417,106
2418,31
2419,141
2420,135
2421,320
2422,339
2423,212
2424,52
2425,185
2426,128
2427,239
2428,16
2429,27
2430,27
2431,72
2432,37
2433,340
2434,207
2435,188
2436,69
2437,9
2438,41
2439,76
2440,92
2441,15
2442,208
2443,310
2444,60
2445,48
2446,151
2447,65
2448,341
2449,207
2450,238
2451,21
2452,152
2453,181
2454,209
2455,63
2456,82
2457,164
2458,282
2459,97
2460,65
2461,37
2462,91
2463,81
2464,304
2465,264
2466,111
2467,176
2468,72
2469,41
2470,219
2471,168
2472,69
2473,78
2474,58
2475,342
2476,104
2477,27
2478,66
2479,106
2480,263
2481,176
2482,181
2483,58
2484,194
2485,43
2486,138
2487,93
2488,103
2489,272
2490,272
2491,207
2492,32
2493,176
2494,27
2495,27
2496,343
2497,343
2498,130
2499,81
2500,34
2501,34
2502,34
2503,92
2504,167
2505,58
2506,310
2507,251
2508,44
2509,3
2510,112
2511,43
2512,92
2513,92
2514,82
2515,31
2516,185
2517,76
2518,251
2519,182
2520,52
2521,272
2522,64
2523,182
2524,106
2525,27
2526,344
2527,207
2528,58
2529,82
2530,106
2531,183
2532,158
2533,260
2534,24
2535,24
2536,21
2537,239
2538,82
2539,167
2540,98
2541,81
2542,24
2543,24
2544,76
2545,76
2546,76
2547,64
2548,66
2549,31
2550,193
2551,193
2552,152
2553,138
2554,134
2555,53
2556,60
2557,74
2558,116
2559,58
2560,27
2561,100
2562,37
2563,112
2564,9
2565,125
2566,176
2567,230
2568,165
2569,82
2570,246
2571,31
2572,16
2573,170
2574,48
2575,261
2576,261
2577,14
2578,57
2579,119
2580,289
2581,58
2582,24
2583,58
2584,65
2585,38
2586,80
2587,225
2588,137
2589,32
2590,233
2591,74
2592,136
2593,51
2594,195
2595,106
2596,331
2597,290
2598,82
2599,226
2600,80
2601,27
2602,95
2603,345
2604,292
2605,47
2606,293
2607,214
2608,214
2609,218
2610,77
2611,236
2612,179
2613,74
2614,24
2615,24
2616,59
2617,308
2618,57
2619,276
2620,76
2621,94
2622,51
2623,16
2624,288
2625,108
2626,143
2627,235
2628,261
2629,22
2630,209
2631,69
2632,39
2633,334
2634,144
2635,125
2636,346
2637,82
2638,41
2639,187
2640,221
2641,197
2642,76
2643,18
2644,18
2645,285
2646,190
2647,63
2648,43
2649,270
2650,270
2651,210
2652,89
2653,89
2654,145
2655,20
2656,106
2657,106
2658,347
2659,230
2660,185
2661,38
2662,32
2663,195
2664,188
2665,348
2666,208
2667,145
2668,65
2669,291
2670,155
2671,50
2672,44
2673,72
2674,20
2675,7
2676,7
2677,7
2678,7
2679,348
2680,135
2681,86
2682,152
2683,88
2684,87
2685,273
2686,107
2687,188
2688,282
2689,81
2690,189
2691,189
2692,135
2693,204
2694,349
2695,41
2696,128
2697,38
2698,73
2699,350
2700,98
2701,53
2702,149
2703,25
2704,346
2705,95
2706,239
2707,27
2708,37
2709,1
2710,334
2711,121
2712,303
2713,202
2714,280
2715,4
2716,24
2717,218
2718,181
2719,209
2720,18
2721,273
2722,5
2723,216
2724,51
2725,51
2726,155
2727,58
2728,27
2729,74
2730,74
2731,193
2732,149
2733,14
2734,103
2735,209
2736,208
2737,295
2738,276
2739,73
2740,197
2741,152
2742,61
2743,7
2744,286
2745,24
2746,98
2747,34
2748,194
2749,91
2750,99
2751,189
2752,25
2753,106
2754,95
2755,31
2756,44
2757,50
2758,41
2759,42
2760,334
2761,63
2762,187
2763,130
2764,246
2765,81
2766,117
2767,24
2768,103
2769,14
2770,81
2771,344
2772,108
2773,321
2774,130
2775,129
2776,106
2777,110
2778,187
2779,255
2780,75
2781,151
2782,31
2783,116
2784,151
2785,23
2786,2
2787,207
2788,207
2789,207
2790,207
2791,351
2792,351
2793,350
2794,219
2795,125
2796,352
2797,353
2798,354
2799,190
2800,167
2801,58
2802,102
2803,125
2804,137
2805,315
2806,53
2807,47
2808,220
2809,96
2810,67
2811,106
2812,15
2813,30
2814,130
2815,229
2816,81
2817,117
2818,158
2819,82
2820,3
2821,76
2822,262
2823,20
2824,14
2825,230
2826,21
2827,126
2828,37
2829,173
2830,13
2831,53
2832,134
2833,312
2834,176
2835,275
2836,275
2837,348
2838,152
2839,106
2840,204
2841,201
2842,162
2843,87
2844,27
2845,250
2846,303
2847,92
2848,106
2849,60
2850,171
2851,214
2852,355
2853,355
2854,75
2855,112
2856,104
2857,190
2858,10
2859,15
2860,58
2861,113
2862,138
2863,53
2864,53
2865,276
2866,106
2867,48
2868,115
2869,100
2870,31
2871,119
2872,100
2873,233
2874,356
2875,105
2876,58
2877,338
2878,39
2879,107
2880,181
2881,106
2882,239
2883,215
2884,116
2885,92
2886,145
2887,219
2888,94
2889,264
2890,91
2891,54
2892,12
2893,91
2894,167
2895,40
2896,44
2897,41
2898,41
2899,141
2900,167
2901,208
2902,110
2903,152
2904,282
2905,165
2906,251
2907,117
2908,86
2909,74
2910,113
2911,126
2912,104
2913,104
2914,144
2915,73
2916,87
2917,310
2918,246
2919,64
2920,3
2921,297
2922,61
2923,290
2924,121
2925,200
2926,73
2927,190
2928,58
2929,11
2930,219
2931,42
2932,334
2933,39
2934,39
2935,259
2936,285
2937,153
2938,82
2939,320
2940,8
2941,7
2942,158
2943,357
2944,41
2945,126
2946,184
2947,129
2948,181
2949,55
2950,190
2951,352
2952,189
2953,57
2954,35
2955,187
2956,200
2957,310
2958,81
2959,310
2960,346
2961,27
2962,173
2963,252
2964,252
2965,53
2966,219
2967,306
2968,16
2969,175
2970,229
2971,137
2972,115
2973,358
2974,17
2975,59
2976,359
2977,135
2978,204
2979,32
2980,14
2981,295
2982,283
2983,58
2984,303
2985,88
2986,360
2987,38
2988,180
2989,105
2990,260
2991,48
2992,50
2993,88
2994,155
2995,221
2996,130
2997,56
2998,219
2999,361
3000,362
3001,363
3002,284
3003,50
3004,147
3005,340
3006,141
3007,22
3008,74
3009,13
3010,54
3011,130
3012,237
3013,237
3014,105
3015,125
3016,364
3017,365
3018,366
3019,113
3020,33
3021,89
3022,51
3023,228
3024,367
3025,359
3026,143
3027,218
3028,58
3029,93
3030,219
3031,117
3032,308
3033,298
3034,131
3035,182
3036,75
3037,70
3038,117
3039,42
3040,88
3041,112
3042,204
3043,217
3044,57
3045,143
3046,236
3047,349
3048,58
3049,11
3050,368
3051,369
3052,181
3053,348
3054,11
3055,54
3056,64
3057,116
3058,303
3059,58
3060,27
3061,27
3062,65
3063,370
3064,370
3065,327
3066,183
3067,66
3068,190
3069,154
3070,158
3071,194
3072,194
3073,263
3074,371
3075,183
3076,129
3077,95
3078,95
3079,58
3080,367
3081,158
3082,162
3083,72
3084,45
3085,59
3086,134
3087,155
3088,13
3089,63
3090,1
3091,225
3092,112
3093,112
3094,112
3095,292
3096,83
3097,16
3098,316
3099,100
3100,134
3101,31
3102,54
3103,22
3104,22
3105,106
3106,106
3107,320
3108,372
3109,31
3110,19
3111,56
3112,107
3113,53
3114,264
3115,117
3116,40
3117,150
3118,373
3119,374
3120,56
3121,176
3122,375
3123,3
3124,376
3125,376
3126,81
3127,161
3128,227
3129,51
3130,217
3131,31
3132,252
3133,252
3134,370
3135,377
3136,83
3137,233
3138,378
3139,67
3140,53
3141,53
3142,379
3143,81
3144,105
3145,103
3146,30
3147,380
3148,52
3149,74
3150,75
3151,75
3152,177
3153,115
3154,94
3155,34
3156,368
3157,58
3158,116
3159,262
3160,346
3161,106
3162,121
3163,1
3164,23
3165,24
3166,157
3167,58
3168,56
3169,32
3170,19
3171,155
3172,87
3173,381
3174,41
3175,20
3176,382
3177,12
3178,12
3179,314
3180,314
3181,126
3182,383
3183,67
3184,81
3185,58
3186,111
3187,53
3188,343
3189,167
3190,167
3191,78
3192,79
3193,22
3194,384
3195,27
3196,151
3197,385
3198,276
3199,176
3200,81
3201,81
3202,81
3203,306
3204,56
3205,2
3206,68
3207,125
3208,206
3209,41
3210,24
3211,133
3212,386
3213,115
3214,209
3215,37
3216,387
3217,106
3218,207
3219,120
3220,303
3221,76
3222,106
3223,69
3224,388
3225,345
3226,227
3227,204
3228,389
3229,126
3230,126
3231,140
3232,37
3233,177
3234,206
3235,390
3236,116
3237,278
3238,27
3239,58
3240,126
3241,23
3242,98
3243,295
3244,95
3245,391
3246,53
3247,126
3248,257
3249,66
3250,368
3251,233
3252,158
3253,135
3254,303
3255,158
3256,19
3257,27
3258,18
3259,297
3260,274
3261,392
3262,81
3263,96
3264,383
3265,374
3266,357
3267,5
3268,367
3269,38
3270,25
3271,378
3272,308
3273,392
3274,126
3275,34
3276,393
3277,112
3278,164
3279,164
3280,164
3281,164
3282,121
3283,394
3284,394
3285,55
3286,395
3287,252
3288,252
3289,230
3290,141
3291,201
3292,37
3293,37
3294,37
3295,20
3296,58
3297,258
3298,183
3299,121
3300,396
3301,58
3302,397
3303,87
3304,76
3305,76
3306,76
3307,76
3308,23
3309,23
3310,18
3311,57
3312,57
3313,57
3314,282
3315,133
3316,396
3317,9
3318,9
3319,310
3320,74
3321,141
3322,398
3323,225
3324,383
3325,275
3326,27
3327,41
3328,399
3329,239
3330,216
3331,216
3332,1
3333,1
3334,92
3335,81
3336,81
3337,106
3338,249
3339,400
3340,53
3341,167
3342,42
3343,91
3344,303
3345,185
3346,389
3347,116
3348,182
3349,182
3350,284
3351,364
3352,112
3353,307
3354,160
3355,111
3356,75
3357,18
3358,171
3359,16
3360,216
3361,97
3362,97
3363,68
3364,68
3365,116
3366,289
3367,401
3368,81
3369,297
3370,125
3371,294
3372,179
3373,10
3374,194
3375,40
3376,81
3377,221
3378,20
3379,66
3380,374
3381,69
3382,360
3383,242
3384,166
3385,58
3386,24
3387,56
3388,164
3389,41
3390,328
3391,246
3392,168
3393,392
3394,216
3395,216
3396,216
3397,105
3398,67
3399,268
3400,364
3401,53
3402,53
3403,13
3404,14
3405,126
3406,358
3407,377
3408,253
3409,3
3410,3
3411,53
3412,42
3413,27
3414,161
3415,169
3416,402
3417,92
3418,112
3419,16
3420,207
3421,270
3422,403
3423,404
3424,405
3425,181
3426,117
3427,198
3428,273
3429,229
3430,375
3431,251
3432,108
3433,27
3434,106
3435,72
3436,72
3437,90
3438,239
3439,191
3440,60
3441,43
3442,86
3443,86
3444,361
3445,74
3446,126
3447,207
3448,41
3449,41
3450,41
3451,360
3452,70
3453,41
3454,41
3455,180
3456,141
3457,310
3458,406
3459,176
3460,347
3461,217
3462,294
3463,153
3464,58
3465,42
3466,111
3467,176
3468,27
3469,17
3470,259
3471,407
3472,73
3473,106
3474,73
3475,213
3476,390
3477,79
3478,225
3479,78
3480,143
3481,254
3482,254
3483,146
3484,195
3485,128
3486,66
3487,155
3488,41
3489,283
3490,166
3491,191
3492,129
3493,82
3494,201
3495,87
3496,53
3497,92
3498,111
3499,41
3500,126
3501,239
3502,20
3503,51
3504,133
3505,287
3506,1
3507,50
3508,241
3509,103
3510,1
3511,329
3512,155
3513,61
3514,248
3515,184
3516,348
3517,141
3518,370
3519,310
3520,307
3521,161
3522,37
3523,280
3524,77
3525,73
3526,23
3527,41
3528,106
3529,117
3530,70
3531,157
3532,38
3533,81
3534,44
3535,197
3536,77
3537,1
3538,213
3539,310
3540,294
3541,408
3542,58
3543,181
3544,181
3545,409
3546,297
3547,162
3548,255
3549,399
3550,92
3551,31
3552,167
3553,387
3554,47
3555,167
3556,167
3557,390
3558,60
3559,243
3560,161
3561,78
3562,282
3563,221
3564,410
3565,61
3566,411
3567,411
3568,37
3569,104
3570,104
3571,219
3572,412
3573,182
3574,133
3575,413
3576,1
3577,60
3578,304
3579,18
3580,156
3581,131
3582,103
3583,363
3584,229
3585,294
3586,414
3587,415
3588,416
3589,113
3590,63
3591,107
3592,101
3593,290
3594,113
3595,417
3596,7
3597,70
3598,32
3599,81
3600,27
3601,102
3602,278
3603,58
3604,290
3605,96
3606,180
3607,180
3608,85
3609,236
3610,92
3611,418
3612,115
3613,88
3614,182
3615,64
3616,207
3617,285
3618,51
3619,218
3620,349
3621,185
3622,419
3623,368
3624,55
3625,303
3626,420
3627,21
3628,421
3629,400
3630,106
3631,154
3632,273
3633,422
3634,10
3635,4
3636,69
3637,128
3638,381
3639,371
3640,151
3641,106
3642,246
3643,360
3644,93
3645,58
3646,185
3647,161
3648,67
3649,175
3650,69
3651,53
3652,107
3653,384
3654,257
3655,180
3656,103
3657,72
3658,374
3659,201
3660,223
3661,69
3662,38
3663,128
3664,151
3665,197
3666,44
3667,99
3668,176
3669,310
3670,374
3671,177
3672,286
3673,170
3674,78
3675,363
3676,56
3677,53
3678,155
3679,370
3680,137
3681,155
3682,109
3683,94
3684,94
3685,94
3686,223
3687,266
3688,44
3689,394
3690,53
3691,140
3692,44
3693,100
3694,81
3695,122
3696,369
3697,320
3698,399
3699,399
3700,107
3701,69
3702,56
3703,166
3704,200
3705,327
3706,58
3707,387
3708,387
3709,92
3710,92
3711,91
3712,209
3713,81
3714,7
3715,182
3716,238
3717,79
3718,27
3719,322
3720,9
3721,111
3722,12
3723,90
3724,90
3725,90
3726,400
3727,121
3728,179
3729,111
3730,147
3731,51
3732,42
3733,74
3734,37
3735,423
3736,23
3737,158
3738,275
3739,309
3740,133
3741,82
3742,344
3743,50
3744,58
3745,310
3746,216
3747,85
3748,193
3749,153
3750,42
3751,47
3752,159
3753,392
3754,56
3755,181
3756,15
3757,89
3758,82
3759,167
3760,116
3761,102
3762,36
3763,166
3764,31
3765,58
3766,106
3767,126
3768,53
3769,7
3770,141
3771,133
3772,22
3773,22
3774,176
3775,63
3776,106
3777,310
3778,194
3779,69
3780,208
3781,262
3782,106
3783,32
3784,32
3785,128
3786,136
3787,22
3788,164
3789,76
3790,24
3791,222
3792,15
3793,424
3794,138
3795,425
3796,154
3797,320
3798,132
3799,426
3800,328
3801,53
3802,53
3803,136
3804,56
3805,56
3806,78
3807,183
3808,20
3809,26
3810,111
3811,69
3812,207
3813,186
3814,389
3815,282
3816,227
3817,51
3818,239
3819,427
3820,22
3821,92
3822,144
3823,105
3824,420
3825,159
3826,34
3827,79
3828,171
3829,64
3830,428
3831,410
3832,58
3833,407
3834,23
3835,54
3836,125
3837,53
3838,53
3839,31
3840,177
3841,126
3842,214
3843,44
3844,112
3845,27
3846,125
3847,58
3848,74
3849,56
3850,116
3851,61
3852,273
3853,57
3854,429
3855,167
3856,395
3857,75
3858,154
3859,127
3860,35
3861,148
3862,158
3863,74
3864,92
3865,73
3866,1
3867,95
3868,430
3869,37
3870,190
3871,187
3872,61
3873,361
3874,53
3875,22
3876,27
3877,144
3878,203
3879,182
3880,249
3881,167
3882,208
3883,276
3884,431
3885,37
3886,91
3887,125
3888,265
3889,102
3890,44
3891,100
3892,81
3893,108
3894,113
3895,135
3896,87
3897,315
3898,199
3899,376
3900,69
3901,69
3902,53
3903,58
3904,37
3905,47
3906,208
3907,82
3908,208
3909,1
3910,216
3911,216
3912,69
3913,20
3914,94
3915,6
3916,248
3917,248
3918,173
3919,69
3920,158
3921,376
3922,103
3923,175
3924,219
3925,56
3926,56
3927,275
3928,391
3929,121
3930,140
3931,14
3932,228
3933,183
3934,207
3935,106
3936,170
3937,432
3938,177
3939,433
3940,18
3941,198
3942,90
3943,378
3944,220
3945,352
3946,1
3947,155
3948,14
3949,152
3950,10
3951,18
3952,23
3953,47
3954,23
3955,73
3956,382
3957,434
3958,69
3959,116
3960,135
3961,207
3962,374
3963,389
3964,392
3965,92
3966,251
3967,122
3968,239
3969,95
3970,58
3971,384
3972,332
3973,208
3974,18
3975,18
3976,435
3977,85
3978,64
3979,53
3980,436
3981,59
3982,82
3983,276
3984,359
3985,103
3986,367
3987,437
3988,421
3989,144
3990,438
3991,52
3992,52
3993,52
3994,126
3995,137
3996,43
3997,370
3998,370
3999,170
4000,56
4001,50
4002,340
4003,91
4004,361
4005,65
4006,439
4007,201
4008,440
4009,155
4010,16
4011,367
4012,441
4013,180
4014,180
4015,133
4016,133
4017,133
4018,384
4019,389
4020,115
4021,442
4022,63
4023,253
4024,140
4025,260
4026,266
4027,27
4028,185
4029,211
4030,48
4031,41
4032,226
4033,167
4034,18
4035,96
4036,53
4037,236
4038,392
4039,378
4040,230
4041,168
4042,14
4043,76
4044,14
4045,443
4046,260
4047,260
4048,30
4049,70
4050,53
4051,309
4052,111
4053,183
4054,159
4055,56
4056,16
4057,4
4058,81
4059,97
4060,423
4061,423
4062,73
4063,301
4064,330
4065,387
4066,32
4067,180
4068,81
4069,276
4070,285
4071,442
4072,12
4073,122
4074,181
4075,204
4076,146
4077,106
4078,63
4079,85
4080,77
4081,77
4082,135
4083,194
4084,146
4085,42
4086,216
4087,56
4088,444
4089,444
4090,229
4091,106
4092,213
4093,359
4094,78
4095,52
4096,5
4097,123
4098,41
4099,343
4100,343
4101,330
4102,270
4103,252
4104,63
4105,106
4106,15
4107,250
4108,445
4109,328
4110,56
4111,89
4112,89
4113,81
4114,52
4115,330
4116,212
4117,53
4118,189
4119,361
4120,280
4121,446
4122,399
4123,399
4124,53
4125,180
4126,106
4127,47
4128,295
4129,24
4130,230
4131,321
4132,378
4133,43
4134,117
4135,81
4136,56
4137,129
4138,2
4139,48
4140,94
4141,20
4142,276
4143,103
4144,225
4145,263
4146,263
4147,263
4148,186
4149,108
4150,27
4151,359
4152,329
4153,320
4154,157
4155,361
4156,361
4157,207
4158,138
4159,155
4160,15
4161,207
4162,358
4163,61
4164,61
4165,139
4166,59
4167,53
4168,42
4169,72
4170,81
4171,80
4172,91
4173,175
4174,116
4175,116
4176,422
4177,422
4178,193
4179,395
4180,395
4181,318
4182,447
4183,81
4184,41
4185,72
4186,56
4187,32
4188,198
4189,69
4190,292
4191,367
4192,56
4193,213
4194,70
4195,302
4196,290
4197,313
4198,15
4199,78
4200,239
4201,336
4202,117
4203,322
4204,360
4205,57
4206,378
4207,306
4208,171
4209,167
4210,164
4211,225
4212,15
4213,112
4214,112
4215,15
4216,448
4217,121
4218,14
4219,399
4220,35
4221,182
4222,24
4223,27
4224,3
4225,3
4226,3
4227,394
4228,149
4229,134
4230,134
4231,27
4232,88
4233,37
4234,303
4235,116
4236,121
4237,73
4238,167
4239,135
4240,135
4241,135
4242,137
4243,214
4244,41
4245,266
4246,449
4247,125
4248,408
4249,408
4250,408
4251,14
4252,186
4253,207
4254,34
4255,217
4256,58
4257,236
4258,183
4259,378
4260,72
4261,261
4262,106
4263,106
4264,57
4265,363
4266,81
4267,367
4268,400
4269,219
4270,61
4271,394
4272,27
4273,58
4274,31
4275,108
4276,211
4277,168
4278,450
4279,119
4280,16
4281,43
4282,260
4283,297
4284,370
4285,39
4286,247
4287,27
4288,21
4289,289
4290,188
4291,106
4292,137
4293,42
4294,32
4295,225
4296,15
4297,390
4298,139
4299,24
4300,451
4301,177
4302,144
4303,244
4304,51
4305,112
4306,106
4307,369
4308,223
4309,60
4310,92
4311,98
4312,399
4313,359
4314,57
4315,42
4316,181
4317,169
4318,73
4319,452
4320,62
4321,226
4322,53
4323,413
4324,76
4325,154
4326,134
4327,248
4328,95
4329,144
4330,453
4331,37
4332,47
4333,141
4334,231
4335,7
4336,85
4337,19
4338,58
4339,339
4340,143
4341,51
4342,74
4343,64
4344,190
4345,115
4346,18
4347,343
4348,343
4349,92
4350,394
4351,67
4352,276
4353,144
4354,454
4355,454
4356,43
4357,164
4358,164
4359,50
4360,56
4361,25
4362,48
4363,198
4364,167
4365,82
4366,159
4367,159
4368,159
4369,367
4370,367
4371,455
4372,63
4373,31
4374,410
4375,285
4376,20
4377,20
4378,50
4379,209
4380,260
4381,62
4382,41
4383,14
4384,82
4385,58
4386,94
4387,151
4388,34
4389,132
4390,129
4391,417
4392,51
4393,160
4394,121
4395,225
4396,35
4397,95
4398,1
4399,282
4400,129
4401,50
4402,115
4403,426
4404,358
4405,456
4406,27
4407,171
4408,157
4409,157
4410,109
4411,378
4412,104
4413,71
4414,155
4415,276
4416,1
4417,62
4418,220
4419,216
4420,92
4421,247
4422,170
4423,56
4424,276
4425,264
4426,294
4427,53
4428,147
4429,116
4430,83
4431,155
4432,186
4433,70
4434,9
4435,9
4436,151
4437,16
4438,191
4439,191
4440,148
4441,148
4442,58
4443,310
4444,185
4445,92
4446,53
4447,53
4448,53
4449,116
4450,429
4451,134
4452,56
4453,399
4454,1
4455,1
4456,346
4457,81
4458,81
4459,81
4460,181
4461,259
4462,144
4463,129
4464,312
4465,312
4466,106
4467,370
4468,425
4469,61
4470,92
4471,367
4472,290
4473,110
4474,80
4475,31
4476,374
4477,214
4478,53
4479,213
4480,63
4481,98
4482,103
4483,103
4484,420
4485,420
4486,4
4487,92
4488,66
4489,66
4490,14
4491,175
4492,350
4493,162
4494,18
4495,182
4496,165
4497,27
4498,125
4499,38
4500,256
4501,180
4502,65
4503,181
4504,290
4505,442
4506,328
4507,328
4508,444
4509,457
4510,338
4511,425
4512,100
4513,275
4514,82
4515,89
4516,74
4517,129
4518,56
4519,86
4520,408
4521,251
4522,70
4523,167
4524,73
4525,81
4526,81
4527,81
4528,81
4529,387
4530,73
4531,107
4532,107
4533,430
4534,80
4535,283
4536,218
4537,166
4538,115
4539,31
4540,50
4541,137
4542,36
4543,65
4544,10
4545,106
4546,7
4547,46
4548,384
4549,161
4550,161
4551,70
4552,282
4553,56
4554,76
4555,130
4556,31
4557,44
4558,42
4559,399
4560,58
4561,94
4562,345
4563,54
4564,133
4565,8
4566,81
4567,95
4568,64
4569,5
4570,458
4571,371
4572,65
4573,191
4574,47
4575,210
4576,55
4577,370
4578,141
4579,94
4580,253
4581,24
4582,204
4583,204
4584,31
4585,31
4586,378
4587,41
4588,187
4589,106
4590,118
4591,96
4592,66
4593,11
4594,48
4595,152
4596,371
4597,58
4598,27
4599,53
4600,53
4601,116
4602,70
4603,250
4604,375
4605,375
4606,74
4607,422
4608,398
4609,207
4610,304
4611,233
4612,233
4613,69
4614,88
4615,20
4616,11
4617,396
4618,112
4619,126
4620,126
4621,60
4622,196
4623,384
4624,27
4625,27
4626,167
4627,167
4628,167
4629,167
4630,444
4631,135
4632,27
4633,258
4634,233
4635,27
4636,27
4637,16
4638,11
4639,94
4640,194
4641,44
4642,50
4643,44
4644,361
4645,181
4646,21
4647,58
4648,126
4649,31
4650,210
4651,38
4652,44
4653,439
4654,292
4655,81
4656,442
4657,106
4658,161
4659,37
4660,425
4661,39
4662,30
4663,166
4664,208
4665,358
4666,231
4667,75
4668,173
4669,409
4670,409
4671,119
4672,119
4673,358
4674,358
4675,367
4676,271
4677,212
4678,14
4679,116
4680,153
4681,217
4682,217
4683,106
4684,53
4685,95
4686,164
4687,27
4688,329
4689,50
4690,31
4691,270
4692,59
4693,59
4694,157
4695,157
4696,417
4697,23
4698,18
4699,105
4700,21
4701,236
4702,18
4703,41
4704,191
4705,321
4706,412
4707,177
4708,459
4709,15
4710,75
4711,239
4712,239
4713,75
4714,218
4715,218
4716,276
4717,460
4718,36
4719,421
4720,421
4721,257
4722,78
4723,78
4724,78
4725,159
4726,199
4727,306
4728,190
4729,378
4730,435
4731,50
4732,53
4733,367
4734,181
4735,161
4736,69
4737,190
4738,154
4739,167
4740,409
4741,95
4742,442
4743,230
4744,163
4745,217
4746,167
4747,60
4748,60
4749,81
4750,83
4751,81
4752,95
4753,461
4754,462
4755,65
4756,328
4757,328
4758,22
4759,182
4760,106
4761,143
4762,24
4763,27
4764,138
4765,82
4766,82
4767,370
4768,156
4769,156
4770,235
4771,15
4772,15
4773,58
4774,58
4775,50
4776,27
4777,463
4778,220
4779,241
4780,96
4781,31
4782,44
4783,44
4784,154
4785,207
4786,37
4787,104
4788,7
4789,259
4790,137
4791,209
4792,85
4793,135
4794,53
4795,164
4796,321
4797,53
4798,442
4799,16
4800,371
4801,265
4802,58
4803,72
4804,50
4805,460
4806,226
4807,115
4808,23
4809,56
4810,173
4811,430
4812,430
4813,358
4814,94
4815,173
4816,132
4817,211
4818,53
4819,174
4820,199
4821,251
4822,261
4823,88
4824,216
4825,231
4826,394
4827,92
4828,92
4829,343
4830,336
4831,367
4832,181
4833,201
4834,134
4835,58
4836,70
4837,150
4838,464
4839,181
4840,158
4841,81
4842,42
4843,81
4844,48
4845,465
4846,160
4847,251
4848,135
4849,37
4850,408
4851,396
4852,298
4853,359
4854,81
4855,406
4856,144
4857,121
4858,194
4859,306
4860,65
4861,121
4862,466
4863,214
4864,194
4865,58
4866,467
4867,467
4868,53
4869,234
4870,468
4871,24
4872,318
4873,58
4874,18
4875,18
4876,253
4877,102
4878,66
4879,89
4880,251
4881,175
4882,62
4883,70
4884,254
4885,56
4886,37
4887,112
4888,38
4889,350
4890,155
4891,106
4892,39
4893,167
4894,71
4895,114
4896,155
4897,43
4898,469
4899,44
4900,117
4901,73
4902,80
4903,243
4904,18
4905,134
4906,307
4907,121
4908,265
4909,206
4910,81
4911,169
4912,227
4913,83
4914,20
4915,188
4916,141
4917,83
4918,107
4919,107
4920,180
4921,290
4922,273
4923,71
4924,24
4925,215
4926,171
4927,470
4928,470
4929,76
4930,15
4931,89
4932,5
4933,195
4934,133
4935,195
4936,98
4937,429
4938,414
4939,282
4940,440
4941,199
4942,155
4943,207
4944,62
4945,144
4946,58
4947,147
4948,249
4949,273
4950,273
4951,141
4952,141
4953,166
4954,200
4955,471
4956,126
4957,155
4958,376
4959,85
4960,85
4961,85
4962,85
4963,201
4964,358
4965,115
4966,72
4967,356
4968,355
4969,252
4970,328
4971,348
4972,117
4973,7
4974,85
4975,115
4976,308
4977,367
4978,102
4979,225
4980,334
4981,94
4982,166
4983,129
4984,73
4985,272
4986,68
4987,117
4988,15
4989,298
4990,161
4991,472
4992,112
4993,112
4994,157
4995,128
4996,16
4997,204
4998,41
4999,200
5000,33
5001,150
5002,150
5003,129
5004,61
5005,86
5006,86
5007,86
5008,194
5009,65
5010,393
5011,53
5012,378
5013,399
5014,105
5015,336
5016,246
5017,130
5018,66
5019,56
5020,60
5021,181
5022,234
5023,12
5024,283
5025,76
5026,141
5027,201
5028,449
5029,58
5030,286
5031,327
5032,51
5033,234
5034,83
5035,375
5036,134
5037,147
5038,19
5039,94
5040,185
5041,148
5042,155
5043,63
5044,155
5045,63
5046,179
5047,227
5048,227
5049,241
5050,419
5051,419
5052,37
5053,41
5054,125
5055,394
5056,307
5057,252
5058,376
5059,376
5060,243
5061,194
5062,167
5063,19
5064,65
5065,150
5066,150
5067,50
5068,358
5069,135
5070,422
5071,41
5072,336
5073,22
5074,68
5075,238
5076,238
5077,238
5078,141
5079,264
5080,473
5081,276
5082,276
5083,182
5084,244
5085,328
5086,264
5087,219
5088,220
5089,402
5090,230
5091,51
5092,112
5093,79
5094,221
5095,330
5096,474
5097,250
5098,171
5099,216
5100,221
5101,330
5102,121
5103,107
5104,107
5105,24
5106,100
5107,236
5108,316
5109,387
5110,387
5111,41
5112,24
5113,123
5114,241
5115,346
5116,346
5117,346
5118,346
5119,346
5120,73
5121,303
5122,87
5123,130
5124,15
5125,115
5126,102
5127,219
5128,82
5129,12
5130,177
5131,208
5132,12
5133,432
5134,226
5135,143
5136,283
5137,5
5138,243
5139,294
5140,95
5141,218
5142,475
5143,392
5144,66
5145,284
5146,264
5147,264
5148,207
5149,407
5150,404
5151,423
5152,257
5153,176
5154,181
5155,74
5156,279
5157,425
5158,2
5159,2
5160,252
5161,79
5162,72
5163,113
5164,95
5165,176
5166,328
5167,312
5168,83
5169,63
5170,276
5171,29
5172,476
5173,65
5174,37
5175,5
5176,100
5177,166
5178,181
5179,24
5180,143
5181,290
5182,28
5183,180
5184,14
5185,14
5186,226
5187,173
5188,60
5189,405
5190,234
5191,302
5192,32
5193,122
5194,24
5195,477
5196,58
5197,94
5198,289
5199,289
5200,289
5201,119
5202,433
5203,106
5204,189
5205,262
5206,285
5207,29
5208,88
5209,88
5210,88
5211,172
5212,260
5213,20
5214,164
5215,134
5216,76
5217,80
5218,119
5219,270
5220,344
5221,241
5222,27
5223,27
5224,155
5225,176
5226,2
5227,111
5228,103
5229,108
5230,439
5231,65
5232,56
5233,19
5234,170
5235,192
5236,24
5237,167
5238,44
5239,119
5240,138
5241,32
5242,419
5243,99
5244,398
5245,56
5246,80
5247,181
5248,6
5249,6
5250,111
5251,33
5252,42
5253,389
5254,42
5255,188
5256,164
5257,69
5258,422
5259,32
5260,366
5261,449
5262,107
5263,183
5264,236
5265,220
5266,14
5267,103
5268,61
5269,83
5270,47
5271,20
5272,135
5273,102
5274,114
5275,167
5276,176
5277,367
5278,81
5279,65
5280,123
5281,85
5282,44
5283,44
5284,185
5285,478
5286,199
5287,81
5288,155
5289,295
5290,121
5291,94
5292,238
5293,141
5294,128
5295,368
5296,368
5297,134
5298,73
5299,262
5300,82
5301,219
5302,29
5303,58
5304,74
5305,74
5306,110
5307,151
5308,6
5309,98
5310,105
5311,26
5312,45
5313,103
5314,21
5315,159
5316,79
5317,56
5318,56
5319,1
5320,183
5321,222
5322,81
5323,95
5324,100
5325,238
5326,286
5327,2
5328,53
5329,106
5330,141
5331,181
5332,181
5333,55
5334,126
5335,108
5336,252
5337,14
5338,14
5339,177
5340,155
5341,41
5342,186
5343,218
5344,207
5345,162
5346,108
5347,181
5348,378
5349,121
5350,43
5351,357
5352,229
5353,219
5354,219
5355,24
5356,408
5357,155
5358,94
5359,180
5360,226
5361,56
5362,74
5363,58
5364,58
5365,95
5366,2
5367,98
5368,58
5369,476
5370,399
5371,399
5372,239
5373,167
5374,204
5375,231
5376,63
5377,214
5378,135
5379,98
5380,58
5381,37
5382,479
5383,194
5384,42
5385,14
5386,44
5387,138
5388,170
5389,290
5390,94
5391,74
5392,53
5393,431
5394,219
5395,204
5396,204
5397,276
5398,61
5399,85
5400,154
5401,480
5402,19
5403,133
5404,98
5405,105
5406,64
5407,76
5408,117
5409,453
5410,280
5411,106
5412,321
5413,106
5414,176
5415,238
5416,119
5417,179
5418,52
5419,481
5420,126
5421,194
5422,194
5423,170
5424,170
5425,457
5426,235
5427,235
5428,14
5429,320
5430,369
5431,369
5432,90
5433,41
5434,54
5435,87
5436,161
5437,161
5438,53
5439,67
5440,11
5441,176
5442,376
5443,419
5444,2
5445,14
5446,139
5447,351
5448,67
5449,167
5450,92
5451,82
5452,61
5453,370
5454,177
5455,7
5456,41
5457,144
5458,118
5459,118
5460,428
5461,224
5462,58
5463,29
5464,266
5465,58
5466,384
5467,78
5468,130
5469,165
5470,129
5471,337
5472,358
5473,307
5474,57
5475,117
5476,81
5477,116
5478,14
5479,4
5480,149
5481,87
5482,92
5483,147
5484,468
5485,363
5486,56
5487,267
5488,94
5489,164
5490,256
5491,150
5492,355
5493,304
5494,53
5495,150
5496,328
5497,53
5498,117
5499,208
5500,259
5501,21
5502,65
5503,403
5504,152
5505,180
5506,384
5507,19
5508,20
5509,221
5510,294
5511,58
5512,449
5513,32
5514,18
5515,106
5516,408
5517,374
5518,42
5519,75
5520,152
5521,44
5522,44
5523,58
5524,212
5525,327
5526,333
5527,102
5528,126
5529,126
5530,482
5531,388
5532,103
5533,141
5534,351
5535,364
5536,226
5537,439
5538,50
5539,20
5540,332
5541,47
5542,10
5543,10
5544,87
5545,152
5546,7
5547,69
5548,24
5549,225
5550,161
5551,324
5552,324
5553,42
5554,66
5555,220
5556,183
5557,422
5558,98
5559,117
5560,396
5561,364
5562,15
5563,42
5564,14
5565,425
5566,389
5567,94
5568,378
5569,219
5570,74
5571,290
5572,37
5573,101
5574,101
5575,116
5576,327
5577,132
5578,172
5579,5
5580,56
5581,367
5582,158
5583,166
5584,189
5585,66
5586,157
5587,376
5588,75
5589,75
5590,26
5591,226
5592,153
5593,58
5594,61
5595,83
5596,294
5597,91
5598,483
5599,151
5600,368
5601,25
5602,166
5603,317
5604,241
5605,58
5606,22
5607,164
5608,135
5609,342
5610,401
5611,161
5612,37
5613,76
5614,88
5615,88
5616,374
5617,53
5618,44
5619,167
5620,131
5621,85
5622,144
5623,74
5624,66
5625,252
5626,219
5627,181
5628,181
5629,106
5630,256
5631,76
5632,304
5633,451
5634,20
5635,37
5636,366
5637,109
5638,484
5639,85
5640,434
5641,195
5642,207
5643,239
5644,250
5645,464
5646,227
5647,117
5648,176
5649,315
5650,264
5651,5
5652,371
5653,220
5654,485
5655,247
5656,213
5657,125
5658,57
5659,95
5660,15
5661,15
5662,10
5663,44
5664,449
5665,12
5666,356
5667,189
5668,19
5669,202
5670,258
5671,398
5672,53
5673,277
5674,167
5675,471
5676,161
5677,161
5678,394
5679,408
5680,198
5681,375
5682,141
5683,252
5684,113
5685,358
5686,424
5687,377
5688,55
5689,94
5690,13
5691,161
5692,69
5693,253
5694,213
5695,110
5696,130
5697,235
5698,94
5699,388
5700,167
5701,95
5702,320
5703,56
5704,56
5705,56
5706,141
5707,361
5708,164
5709,165
5710,81
5711,43
5712,419
5713,378
5714,15
5715,78
5716,190
5717,336
5718,310
5719,126
5720,209
5721,220
5722,102
5723,216
5724,330
5725,143
5726,286
5727,272
5728,122
5729,48
5730,48
5731,425
5732,226
5733,409
5734,409
5735,82
5736,276
5737,155
5738,1
5739,363
5740,409
5741,235
5742,69
5743,116
5744,44
5745,140
5746,469
5747,154
5748,282
5749,282
5750,282
5751,41
5752,135
5753,376
5754,181
5755,339
5756,42
5757,465
5758,214
5759,192
5760,13
5761,155
5762,155
5763,125
5764,70
5765,327
5766,56
5767,56
5768,10
5769,176
5770,214
5771,71
5772,155
5773,155
5774,27
5775,33
5776,49
5777,474
5778,244
5779,97
5780,171
5781,452
5782,390
5783,116
5784,262
5785,181
5786,135
5787,478
5788,85
5789,212
5790,416
5791,58
5792,58
5793,214
5794,34
5795,53
5796,157
5797,199
5798,223
5799,223
5800,263
5801,181
5802,185
5803,209
5804,106
5805,53
5806,183
5807,85
5808,221
5809,81
5810,329
5811,285
5812,18
5813,229
5814,361
5815,124
5816,307
5817,408
5818,88
5819,393
5820,208
5821,41
5822,41
5823,78
5824,171
5825,59
5826,56
5827,51
5828,66
5829,92
5830,207
5831,219
5832,68
5833,18
5834,281
5835,53
5836,40
5837,378
5838,161
5839,128
5840,176
5841,334
5842,334
5843,273
5844,273
5845,155
5846,81
5847,83
5848,58
5849,145
5850,99
5851,10
5852,99
5853,207
5854,299
5855,71
5856,211
5857,273
5858,359
5859,243
5860,359
5861,241
5862,176
5863,220
5864,394
5865,41
5866,457
5867,126
5868,244
5869,276
5870,209
5871,83
5872,95
5873,53
5874,143
5875,182
5876,187
5877,9
5878,227
5879,227
5880,313
5881,27
5882,448
5883,142
5884,387
5885,186
5886,329
5887,310
5888,180
5889,180
5890,56
5891,364
5892,16
5893,378
5894,392
5895,208
5896,320
5897,74
5898,88
5899,167
5900,390
5901,266
5902,266
5903,20
5904,486
5905,147
5906,41
5907,135
5908,19
5909,161
5910,190
5911,20
5912,34
5913,38
5914,428
5915,117
5916,236
5917,80
5918,66
5919,66
5920,42
5921,73
5922,85
5923,139
5924,12
5925,155
5926,12
5927,157
5928,303
5929,416
5930,63
5931,43
5932,63
5933,134
5934,50
5935,62
5936,484
5937,61
5938,259
5939,145
5940,72
5941,413
5942,93
5943,166
5944,133
5945,58
5946,39
5947,39
5948,44
5949,253
5950,135
5951,112
5952,112
5953,143
5954,469
5955,102
5956,114
5957,236
5958,197
5959,145
5960,58
5961,301
5962,76
5963,76
5964,290
5965,251
5966,48
5967,48
5968,48
5969,48
5970,75
5971,75
5972,102
5973,128
5974,47
5975,351
5976,185
5977,71
5978,248
5979,67
5980,67
5981,255
5982,141
5983,7
5984,85
5985,213
5986,371
5987,180
5988,364
5989,129
5990,171
5991,220
5992,43
5993,168
5994,336
5995,98
5996,137
5997,168
5998,375
5999,264
6000,211
6001,173
6002,361
6003,370
6004,219
6005,326
6006,249
6007,171
6008,21
6009,21
6010,153
6011,79
6012,394
6013,108
6014,267
6015,58
6016,129
6017,105
6018,10
6019,381
6020,204
6021,105
6022,21
6023,128
6024,141
6025,74
6026,315
6027,315
6028,260
6029,167
6030,38
6031,1
6032,199
6033,205
6034,170
6035,170
6036,183
6037,367
6038,41
6039,91
6040,468
6041,84
6042,309
6043,220
6044,230
6045,468
6046,23
6047,231
6048,231
6049,217
6050,217
6051,442
6052,272
6053,146
6054,367
6055,399
6056,232
6057,95
6058,117
6059,103
6060,214
6061,303
6062,184
6063,129
6064,155
6065,121
6066,50
6067,158
6068,430
6069,194
6070,150
6071,282
6072,81
6073,87
6074,361
6075,135
6076,171
6077,77
6078,51
6079,218
6080,235
6081,167
6082,38
6083,37
6084,15
6085,134
6086,112
6087,160
6088,104
6089,85
6090,138
6091,168
6092,164
6093,384
6094,102
6095,332
6096,103
6097,38
6098,153
6099,15
6100,15
6101,103
6102,371
6103,363
6104,141
6105,262
6106,225
6107,105
6108,201
6109,135
6110,72
6111,14
6112,448
6113,3
6114,143
6115,81
6116,416
6117,181
6118,98
6119,398
6120,231
6121,272
6122,181
6123,181
6124,37
6125,238
6126,45
6127,45
6128,214
6129,161
6130,277
6131,67
6132,67
6133,144
6134,359
6135,134
6136,320
6137,73
6138,236
6139,374
6140,452
6141,168
6142,226
6143,375
6144,65
6145,370
6146,399
6147,236
6148,164
6149,413
6150,413
6151,56
6152,82
6153,215
6154,37
6155,246
6156,476
6157,484
6158,66
6159,18
6160,198
6161,168
6162,253
6163,74
6164,466
6165,256
6166,170
6167,170
6168,34
6169,119
6170,418
6171,167
6172,303
6173,29
6174,39
6175,394
6176,394
6177,276
6178,65
6179,180
6180,218
6181,70
6182,141
6183,304
6184,384
6185,53
6186,41
6187,58
6188,61
6189,61
6190,144
6191,281
6192,96
6193,97
6194,119
6195,79
6196,66
6197,292
6198,144
6199,298
6200,298
6201,421
6202,77
6203,141
6204,92
6205,81
6206,81
6207,144
6208,268
6209,404
6210,409
6211,236
6212,330
6213,343
6214,343
6215,132
6216,218
6217,207
6218,190
6219,137
6220,158
6221,15
6222,290
6223,214
6224,217
6225,8
6226,37
6227,123
6228,41
6229,370
6230,119
6231,23
6232,38
6233,122
6234,2
6235,484
6236,158
6237,107
6238,374
6239,376
6240,79
6241,294
6242,294
6243,44
6244,153
6245,258
6246,241
6247,344
6248,92
6249,234
6250,77
6251,117
6252,117
6253,58
6254,294
6255,249
6256,65
6257,14
6258,120
6259,318
6260,81
6261,54
6262,229
6263,131
6264,298
6265,35
6266,291
6267,484
6268,69
6269,106
6270,95
6271,83
6272,157
6273,60
6274,274
6275,330
6276,76
6277,252
6278,167
6279,167
6280,223
6281,106
6282,201
6283,181
6284,183
6285,50
6286,146
6287,369
6288,17
6289,103
6290,185
6291,202
6292,168
6293,364
6294,164
6295,164
6296,24
6297,77
6298,255
6299,255
6300,35
6301,81
6302,121
6303,12
6304,145
6305,58
6306,92
6307,102
6308,396
6309,38
6310,376
6311,228
6312,108
6313,352
6314,394
6315,48
6316,6
6317,6
6318,421
6319,122
6320,271
6321,271
6322,14
6323,41
6324,41
6325,119
6326,53
6327,352
6328,371
6329,185
6330,61
6331,60
6332,125
6333,328
6334,321
6335,376
6336,135
6337,129
6338,442
6339,212
6340,5
6341,11
6342,50
6343,250
6344,160
6345,20
6346,132
6347,167
6348,65
6349,50
6350,47
6351,185
6352,69
6353,191
6354,32
6355,70
6356,357
6357,224
6358,85
6359,81
6360,233
6361,233
6362,412
6363,41
6364,364
6365,20
6366,444
6367,106
6368,56
6369,56
6370,97
6371,268
6372,206
6373,51
6374,116
6375,209
6376,175
6377,167
6378,159
6379,417
6380,431
6381,97
6382,96
6383,15
6384,111
6385,115
6386,58
6387,41
6388,394
6389,226
6390,35
6391,6
6392,6
6393,37
6394,151
6395,81
6396,160
6397,108
6398,126
6399,62
6400,62
6401,361
6402,219
6403,16
6404,422
6405,422
6406,409
6407,413
6408,13
6409,111
6410,320
6411,121
6412,27
6413,207
6414,135
6415,184
6416,231
6417,467
6418,19
6419,138
6420,480
6421,70
6422,70
6423,484
6424,37
6425,56
6426,348
6427,8
6428,116
6429,27
6430,16
6431,185
6432,425
6433,281
6434,2
6435,57
6436,65
6437,157
6438,157
6439,218
6440,111
6441,27
6442,125
6443,375
6444,71
6445,194
6446,172
6447,51
6448,141
6449,2
6450,171
6451,173
6452,94
6453,237
6454,296
6455,129
6456,304
6457,29
6458,194
6459,164
6460,117
6461,132
6462,26
6463,18
6464,289
6465,419
6466,114
6467,171
6468,45
6469,457
6470,135
6471,204
6472,53
6473,359
6474,432
6475,113
6476,201
6477,34
6478,73
6479,44
6480,208
6481,330
6482,30
6483,42
6484,301
6485,301
6486,74
6487,94
6488,70
6489,47
6490,214
6491,200
6492,13
6493,161
6494,5
6495,470
6496,151
6497,346
6498,346
6499,346
6500,346
6501,65
6502,75
6503,41
6504,41
6505,340
6506,330
6507,12
6508,413
6509,237
6510,410
6511,376
6512,297
6513,37
6514,129
6515,219
6516,4
6517,235
6518,224
6519,239
6520,42
6521,185
6522,360
6523,134
6524,23
6525,139
6526,130
6527,225
6528,56
6529,56
6530,215
6531,53
6532,235
6533,70
6534,52
6535,52
6536,78
6537,16
6538,16
6539,450
6540,141
6541,53
6542,53
6543,37
6544,426
6545,143
6546,75
6547,194
6548,125
6549,263
6550,370
6551,219
6552,160
6553,160
6554,58
6555,439
6556,102
6557,315
6558,2
6559,279
6560,308
6561,437
6562,285
6563,125
6564,217
6565,33
6566,315
6567,130
6568,4
6569,58
6570,203
6571,38
6572,358
6573,154
6574,154
6575,155
6576,154
6577,92
6578,191
6579,428
6580,191
6581,475
6582,154
6583,37
6584,317
6585,183
6586,420
6587,399
6588,74
6589,185
6590,73
6591,73
6592,172
6593,134
6594,78
6595,129
6596,19
6597,23
6598,27
6599,98
6600,234
6601,225
6602,487
6603,66
6604,67
6605,176
6606,171
6607,32
6608,233
6609,161
6610,467
6611,467
6612,282
6613,59
6614,76
6615,142
6616,37
6617,258
6618,307
6619,307
6620,34
6621,457
6622,105
6623,393
6624,84
6625,80
6626,9
6627,337
6628,50
6629,106
6630,58
6631,190
6632,20
6633,115
6634,280
6635,338
6636,342
6637,37
6638,439
6639,439
6640,273
6641,273
6642,31
6643,159
6644,228
6645,294
6646,128
6647,170
6648,378
6649,53
6650,180
6651,54
6652,106
6653,58
6654,2
6655,291
6656,44
6657,16
6658,144
6659,421
6660,158
6661,457
6662,214
6663,52
6664,52
6665,259
6666,153
6667,219
6668,48
6669,81
6670,184
6671,92
6672,102
6673,362
6674,6
6675,74
6676,143
6677,113
6678,56
6679,66
6680,464
6681,464
6682,37
6683,209
6684,453
6685,453
6686,106
6687,85
6688,106
6689,141
6690,264
6691,158
6692,21
6693,98
6694,134
6695,134
6696,78
6697,78
6698,19
6699,296
6700,60
6701,60
6702,60
6703,220
6704,330
6705,69
6706,110
6707,2
6708,428
6709,370
6710,24
6711,340
6712,340
6713,38
6714,81
6715,275
6716,126
6717,72
6718,61
6719,176
6720,104
6721,60
6722,257
6723,264
6724,117
6725,117
6726,71
6727,246
6728,162
6729,330
6730,117
6731,106
6732,289
6733,89
6734,44
6735,116
6736,116
6737,110
6738,457
6739,66
6740,177
6741,423
6742,228
6743,219
6744,112
6745,39
6746,39
6747,165
6748,78
6749,358
6750,82
6751,175
6752,64
6753,183
6754,37
6755,53
6756,158
6757,158
6758,37
6759,37
6760,5
6761,207
6762,361
6763,130
6764,53
6765,9
6766,64
6767,85
6768,58
6769,58
6770,61
6771,167
6772,57
6773,297
6774,364
6775,139
6776,367
6777,180
6778,224
6779,92
6780,106
6781,99
6782,128
6783,51
6784,89
6785,142
6786,14
6787,41
6788,58
6789,53
6790,292
6791,35
6792,218
6793,58
6794,37
6795,37
6796,92
6797,212
6798,409
6799,85
6800,196
6801,37
6802,399
6803,181
6804,167
6805,128
6806,95
6807,167
6808,88
6809,88
6810,88
6811,212
6812,145
6813,376
6814,81
6815,218
6816,27
6817,81
6818,61
6819,413
6820,155
6821,86
6822,95
6823,225
6824,488
6825,81
6826,364
6827,489
6828,375
6829,75
6830,47
6831,206
6832,122
6833,91
6834,92
6835,92
6836,2
6837,97
6838,358
6839,79
6840,58
6841,119
6842,92
6843,59
6844,87
6845,53
6846,485
6847,117
6848,122
6849,376
6850,38
6851,218
6852,106
6853,31
6854,251
6855,349
6856,346
6857,75
6858,23
6859,27
6860,112
6861,56
6862,56
6863,93
6864,164
6865,37
6866,330
6867,58
6868,92
6869,1
6870,32
6871,220
6872,364
6873,129
6874,217
6875,366
6876,144
6877,12
6878,204
6879,58
6880,264
6881,103
6882,74
6883,289
6884,161
6885,303
6886,62
6887,62
6888,369
6889,91
6890,204
6891,337
6892,82
6893,86
6894,207
6895,19
6896,94
6897,194
6898,107
6899,129
6900,113
6901,319
6902,217
6903,57
6904,92
6905,159
6906,315
6907,273
6908,51
6909,22
6910,135
6911,413
6912,93
6913,134
6914,293
6915,180
6916,310
6917,7
6918,167
6919,150
6920,223
6921,223
6922,223
6923,223
6924,490
6925,110
6926,56
6927,182
6928,460
6929,59
6930,466
6931,254
6932,176
6933,71
6934,81
6935,9
6936,334
6937,82
6938,238
6939,232
6940,239
6941,328
6942,66
6943,384
6944,81
6945,161
6946,58
6947,226
6948,310
6949,442
6950,58
6951,141
6952,52
6953,88
6954,180
6955,69
6956,135
6957,322
6958,458
6959,387
6960,63
6961,153
6962,78
6963,116
6964,151
6965,111
6966,413
6967,51
6968,290
6969,95
6970,22
6971,15
6972,126
6973,66
6974,66
6975,170
6976,200
6977,42
6978,348
6979,81
6980,392
6981,64
6982,447
6983,165
6984,358
6985,307
6986,5
6987,321
6988,375
6989,400
6990,315
6991,14
6992,72
6993,108
6994,237
6995,32
6996,34
6997,81
6998,256
6999,256
7000,160
7001,160
7002,37
7003,424
7004,424
7005,315
7006,191
7007,200
7008,82
7009,88
7010,243
7011,117
7012,116
7013,62
7014,405
7015,396
7016,11
7017,457
7018,157
7019,290
7020,106
7021,491
7022,21
7023,219
7024,76
7025,230
7026,89
7027,89
7028,21
7029,21
7030,117
7031,213
7032,71
7033,95
7034,208
7035,423
7036,15
7037,394
7038,310
7039,16
7040,20
7041,58
7042,64
7043,18
7044,311
7045,63
7046,414
7047,432
7048,267
7049,94
7050,100
7051,143
7052,173
7053,369
7054,369
7055,409
7056,384
7057,176
7058,63
7059,239
7060,368
7061,216
7062,83
7063,42
7064,27
7065,27
7066,27
7067,176
7068,225
7069,241
7070,430
7071,233
7072,96
7073,81
7074,132
7075,23
7076,37
7077,210
7078,207
7079,207
7080,398
7081,217
7082,31
7083,105
7084,303
7085,75
7086,425
7087,270
7088,133
7089,279
7090,266
7091,60
7092,60
7093,116
7094,466
7095,51
7096,158
7097,227
7098,136
7099,225
7100,33
7101,27
7102,135
7103,133
7104,219
7105,289
7106,38
7107,360
7108,181
7109,86
7110,92
7111,54
7112,346
7113,59
7114,461
7115,130
7116,74
7117,185
7118,58
7119,358
7120,148
7121,58
7122,98
7123,78
7124,27
7125,78
7126,390
7127,280
7128,41
7129,307
7130,78
7131,399
7132,56
7133,260
7134,13
7135,263
7136,172
7137,323
7138,25
7139,265
7140,39
7141,394
7142,20
7143,192
7144,83
7145,190
7146,129
7147,27
7148,191
7149,206
7150,123
7151,180
7152,106
7153,115
7154,6
7155,292
7156,186
7157,487
7158,77
7159,53
7160,469
7161,469
7162,211
7163,121
7164,301
7165,207
7166,254
7167,1
7168,449
7169,397
7170,154
7171,23
7172,94
7173,94
7174,135
7175,105
7176,105
7177,105
7178,82
7179,71
7180,392
7181,66
7182,71
7183,217
7184,27
7185,252
7186,76
7187,76
7188,170
7189,37
7190,219
7191,17
7192,84
7193,175
7194,167
7195,35
7196,35
7197,125
7198,125
7199,119
7200,419
7201,27
7202,100
7203,195
7204,38
7205,17
7206,392
7207,144
7208,442
7209,40
7210,81
7211,75
7212,69
7213,87
7214,209
7215,122
7216,69
7217,284
7218,17
7219,181
7220,181
7221,58
7222,189
7223,100
7224,160
7225,166
7226,192
7227,282
7228,187
7229,82
7230,304
7231,409
7232,14
7233,52
7234,367
7235,29
7236,167
7237,41
7238,225
7239,376
7240,459
7241,241
7242,32
7243,69
7244,81
7245,81
7246,58
7247,430
7248,37
7249,303
7250,20
7251,72
7252,58
7253,376
7254,376
7255,59
7256,159
7257,41
7258,272
7259,177
7260,169
7261,64
7262,278
7263,20
7264,27
7265,236
7266,220
7267,74
7268,251
7269,141
7270,230
7271,20
7272,42
7273,129
7274,92
7275,157
7276,141
7277,141
7278,96
7279,58
7280,77
7281,38
7282,60
7283,56
7284,56
7285,405
7286,44
7287,251
7288,210
7289,58
7290,134
7291,37
7292,71
7293,107
7294,328
7295,147
7296,343
7297,66
7298,304
7299,24
7300,34
7301,300
7302,154
7303,134
7304,389
7305,50
7306,110
7307,158
7308,47
7309,37
7310,248
7311,412
7312,24
7313,264
7314,218
7315,392
7316,94
7317,125
7318,16
7319,364
7320,196
7321,42
7322,289
7323,367
7324,376
7325,157
7326,37
7327,95
7328,180
7329,180
7330,145
7331,92
7332,18
7333,18
7334,392
7335,82
7336,74
7337,20
7338,144
7339,272
7340,453
7341,453
7342,453
7343,126
7344,94
7345,68
7346,141
7347,176
7348,20
7349,104
7350,289
7351,241
7352,395
7353,100
7354,282
7355,106
7356,95
7357,93
7358,153
7359,457
7360,181
7361,85
7362,143
7363,175
7364,42
7365,352
7366,352
7367,378
7368,106
7369,480
7370,155
7371,148
7372,138
7373,183
7374,378
7375,37
7376,58
7377,58
7378,436
7379,144
7380,141
7381,141
7382,374
7383,258
7384,42
7385,44
7386,146
7387,289
7388,117
7389,117
7390,383
7391,30
7392,320
7393,135
7394,5
7395,112
7396,255
7397,238
7398,251
7399,22
7400,16
7401,80
7402,53
7403,258
7404,312
7405,16
7406,343
7407,58
7408,67
7409,344
7410,216
7411,321
7412,44
7413,169
7414,154
7415,58
7416,364
7417,222
7418,164
7419,164
7420,164
7421,72
7422,225
7423,150
7424,12
7425,27
7426,8
7427,136
7428,267
7429,267
7430,19
7431,95
7432,161
7433,381
7434,467
7435,76
7436,53
7437,70
7438,182
7439,22
7440,330
7441,27
7442,213
7443,79
7444,425
7445,87
7446,220
7447,58
7448,112
7449,23
7450,94
7451,94
7452,94
7453,94
7454,94
7455,100
7456,221
7457,58
7458,442
7459,53
7460,112
7461,71
7462,457
7463,74
7464,479
7465,16
7466,441
7467,14
7468,492
7469,130
7470,130
7471,241
7472,471
7473,437
7474,417
7475,172
7476,68
7477,184
7478,95
7479,138
7480,361
7481,34
7482,311
7483,220
7484,171
7485,282
7486,128
7487,60
7488,24
7489,58
7490,157
7491,150
7492,48
7493,151
7494,387
7495,182
7496,283
7497,283
7498,283
7499,208
7500,249
7501,249
7502,331
7503,56
7504,86
7505,166
7506,106
7507,385
7508,161
7509,70
7510,70
7511,70
7512,398
7513,389
7514,223
7515,223
7516,124
7517,121
7518,125
7519,181
7520,115
7521,231
7522,74
7523,134
7524,152
7525,452
7526,41
7527,37
7528,215
7529,60
7530,246
7531,24
7532,30
7533,381
7534,381
7535,328
7536,98
7537,59
7538,239
7539,239
7540,207
7541,135
7542,32
7543,42
7544,42
7545,240
7546,240
7547,262
7548,40
7549,91
7550,161
7551,99
7552,94
7553,74
7554,467
7555,74
7556,41
7557,350
7558,16
7559,16
7560,88
7561,37
7562,468
7563,81
7564,238
7565,58
7566,42
7567,452
7568,17
7569,182
7570,2
7571,62
7572,77
7573,218
7574,173
7575,259
7576,185
7577,142
7578,204
7579,81
7580,185
7581,83
7582,82
7583,258
7584,253
7585,149
7586,183
7587,357
7588,278
7589,53
7590,5
7591,358
7592,358
7593,107
7594,392
7595,94
7596,378
7597,185
7598,1
7599,103
7600,53
7601,469
7602,165
7603,448
7604,194
7605,81
7606,263
7607,92
7608,161
7609,427
7610,232
7611,74
7612,42
7613,152
7614,29
7615,23
7616,42
7617,259
7618,417
7619,223
7620,223
7621,31
7622,346
7623,229
7624,34
7625,83
7626,74
7627,65
7628,112
7629,81
7630,442
7631,234
7632,56
7633,56
7634,112
7635,272
7636,246
7637,102
7638,218
7639,60
7640,27
7641,58
7642,65
7643,65
7644,332
7645,53
7646,44
7647,267
7648,24
7649,309
7650,449
7651,375
7652,323
7653,207
7654,61
7655,175
7656,207
7657,450
7658,423
7659,493
7660,241
7661,38
7662,161
7663,394
7664,461
7665,53
7666,206
7667,58
7668,139
7669,218
7670,53
7671,91
7672,80
7673,80
7674,57
7675,58
7676,58
7677,136
7678,107
7679,81
7680,144
7681,2
7682,250
7683,449
7684,422
7685,23
7686,494
7687,258
7688,58
7689,408
7690,236
7691,195
7692,141
7693,119
7694,131
7695,61
7696,141
7697,275
7698,18
7699,18
7700,167
7701,392
7702,182
7703,100
7704,226
7705,378
7706,41
7707,364
7708,42
7709,42
7710,75
7711,129
7712,129
7713,129
7714,18
7715,190
7716,190
7717,58
7718,117
7719,71
7720,35
7721,364
7722,17
7723,119
7724,207
7725,180
7726,282
7727,58
7728,167
7729,158
7730,20
7731,167
7732,425
7733,126
7734,172
7735,244
7736,135
7737,70
7738,70
7739,48
7740,75
7741,308
7742,16
7743,375
7744,33
7745,23
7746,115
7747,171
7748,71
7749,15
7750,307
7751,56
7752,63
7753,63
7754,23
7755,81
7756,305
7757,227
7758,236
7759,37
7760,58
7761,321
7762,152
7763,190
7764,22
7765,56
7766,56
7767,58
7768,117
7769,168
7770,41
7771,175
7772,376
7773,358
7774,151
7775,151
7776,90
7777,171
7778,204
7779,106
7780,358
7781,58
7782,180
7783,180
7784,119
7785,212
7786,167
7787,150
7788,417
7789,44
7790,212
7791,218
7792,294
7793,141
7794,162
7795,50
7796,65
7797,31
7798,323
7799,3
7800,76
7801,157
7802,157
7803,280
7804,141
7805,238
7806,106
7807,37
7808,194
7809,270
7810,63
7811,239
7812,165
7813,301
7814,58
7815,208
7816,65
7817,208
7818,27
7819,27
7820,21
7821,183
7822,69
7823,102
7824,102
7825,137
7826,119
7827,98
7828,98
7829,208
7830,354
7831,98
7832,396
7833,396
7834,396
7835,38
7836,167
7837,288
7838,37
7839,38
7840,243
7841,186
7842,381
7843,414
7844,7
7845,177
7846,81
7847,204
7848,141
7849,170
7850,212
7851,384
7852,220
7853,173
7854,13
7855,66
7856,23
7857,414
7858,308
7859,74
7860,53
7861,114
7862,72
7863,26
7864,79
7865,243
7866,85
7867,7
7868,7
7869,237
7870,495
7871,328
7872,204
7873,123
7874,475
7875,295
7876,146
7877,65
7878,122
7879,105
7880,50
7881,126
7882,126
7883,37
7884,22
7885,132
7886,38
7887,60
7888,109
7889,62
7890,358
7891,243
7892,412
7893,72
7894,215
7895,292
7896,47
7897,3
7898,94
7899,23
7900,412
7901,155
7902,116
7903,220
7904,253
7905,235
7906,53
7907,392
7908,85
7909,67
7910,375
7911,190
7912,65
7913,106
7914,8
7915,20
7916,91
7917,84
7918,84
7919,73
7920,73
7921,51
7922,70
7923,376
7924,270
7925,42
7926,14
7927,207
7928,41
7929,121
7930,449
7931,352
7932,43
7933,30
7934,38
7935,270
7936,270
7937,53
7938,208
7939,377
7940,106
7941,310
7942,436
7943,69
7944,22
7945,113
7946,113
7947,244
7948,42
7949,81
7950,187
7951,367
7952,74
7953,74
7954,81
7955,57
7956,181
7957,93
7958,61
7959,58
7960,121
7961,219
7962,106
7963,165
7964,91
7965,371
7966,83
7967,166
7968,27
7969,37
7970,258
7971,374
7972,44
7973,117
7974,117
7975,200
7976,61
7977,200
7978,204
7979,171
7980,350
7981,67
7982,481
7983,481
7984,481
7985,52
7986,38
7987,38
7988,413
7989,227
7990,243
7991,152
7992,152
7993,496
7994,167
7995,167
7996,76
7997,284
7998,20
7999,81
8000,207
8001,85
8002,212
8003,363
8004,363
8005,204
8006,53
8007,130
8008,364
8009,285
8010,323
8011,121
8012,440
8013,21
8014,396
8015,25
8016,54
8017,27
8018,159
8019,58
8020,12
8021,48
8022,48
8023,48
8024,129
8025,56
8026,360
8027,202
8028,103
8029,61
8030,65
8031,167
8032,140
8033,294
8034,133
8035,226
8036,126
8037,154
8038,58
8039,15
8040,15
8041,185
8042,155
8043,107
8044,148
8045,107
8046,334
8047,334
8048,268
8049,239
8050,38
8051,169
8052,150
8053,65
8054,53
8055,6
8056,6
8057,11
8058,85
8059,381
8060,185
8061,240
8062,240
8063,417
8064,94
8065,62
8066,246
8067,43
8068,111
8069,106
8070,139
8071,334
8072,144
8073,144
8074,144
8075,25
8076,415
8077,93
8078,102
8079,140
8080,53
8081,58
8082,208
8083,55
8084,59
8085,58
8086,16
8087,144
8088,173
8089,412
8090,92
8091,15
8092,15
8093,24
8094,207
8095,176
8096,55
8097,207
8098,17
8099,85
8100,497
8101,292
8102,135
8103,17
8104,58
8105,86
8106,106
8107,194
8108,202
8109,84
8110,84
8111,84
8112,455
8113,111
8114,31
8115,214
8116,151
8117,336
8118,27
8119,259
8120,236
8121,453
8122,53
8123,106
8124,180
8125,180
8126,56
8127,37
8128,88
8129,311
8130,185
8131,126
8132,56
8133,196
8134,42
8135,106
8136,329
8137,40
8138,181
8139,285
8140,124
8141,25
8142,25
8143,183
8144,237
8145,237
8146,24
8147,169
8148,169
8149,155
8150,268
8151,117
8152,209
8153,209
8154,113
8155,50
8156,188
8157,75
8158,85
8159,112
8160,210
8161,276
8162,292
8163,229
8164,73
8165,77
8166,27
8167,128
8168,284
8169,239
8170,37
8171,348
8172,27
8173,2
8174,81
8175,33
8176,209
8177,91
8178,152
8179,43
8180,148
8181,225
8182,98
8183,82
8184,97
8185,167
8186,27
8187,129
8188,69
8189,448
8190,18
8191,394
8192,69
8193,73
8194,126
8195,212
8196,95
8197,198
8198,364
8199,361
8200,208
8201,83
8202,130
8203,144
8204,431
8205,24
8206,98
8207,98
8208,98
8209,119
8210,31
8211,31
8212,100
8213,394
8214,367
8215,98
8216,182
8217,444
8218,102
8219,471
8220,120
8221,91
8222,52
8223,69
8224,225
8225,453
8226,225
8227,482
8228,396
8229,396
8230,410
8231,106
8232,106
8233,131
8234,498
8235,304
8236,69
8237,36
8238,117
8239,41
8240,55
8241,135
8242,135
8243,300
8244,8
8245,168
8246,233
8247,66
8248,94
8249,457
8250,276
8251,195
8252,21
8253,58
8254,394
8255,130
8256,181
8257,91
8258,146
8259,57
8260,94
8261,94
8262,395
8263,315
8264,6
8265,262
8266,188
8267,176
8268,141
8269,218
8270,25
8271,121
8272,253
8273,253
8274,175
8275,166
8276,42
8277,274
8278,141
8279,78
8280,224
8281,70
8282,49
8283,37
8284,168
8285,168
8286,234
8287,233
8288,318
8289,369
8290,77
8291,126
8292,125
8293,125
8294,82
8295,176
8296,2
8297,223
8298,192
8299,409
8300,14
8301,369
8302,57
8303,92
8304,38
8305,237
8306,212
8307,79
8308,207
8309,116
8310,44
8311,60
8312,117
8313,460
8314,12
8315,88
8316,159
8317,176
8318,27
8319,142
8320,81
8321,236
8322,254
8323,244
8324,31
8325,173
8326,134
8327,34
8328,278
8329,23
8330,231
8331,231
8332,181
8333,252
8334,116
8335,61
8336,141
8337,396
8338,81
8339,497
8340,114
8341,102
8342,81
8343,9
8344,198
8345,80
8346,79
8347,374
8348,164
8349,56
8350,231
8351,66
8352,397
8353,465
8354,499
8355,207
8356,158
8357,86
8358,125
8359,125
8360,460
8361,158
8362,114
8363,449
8364,307
8365,223
8366,399
8367,500
8368,123
8369,74
8370,92
8371,399
8372,50
8373,173
8374,94
8375,383
8376,62
8377,115
8378,177
8379,29
8380,58
8381,190
8382,93
8383,359
8384,129
8385,370
8386,13
8387,387
8388,264
8389,42
8390,106
8391,81
8392,204
8393,81
8394,171
8395,95
8396,126
8397,41
8398,246
8399,82
8400,197
8401,209
8402,208
8403,22
8404,207
8405,207
8406,53
8407,53
8408,152
8409,216
8410,251
8411,496
8412,422
8413,58
8414,107
8415,303
8416,159
8417,128
8418,115
8419,236
8420,74
8421,7
8422,213
8423,70
8424,68
8425,74
8426,67
8427,163
8428,59
8429,238
8430,61
8431,20
8432,161
8433,103
8434,30
8435,239
8436,133
8437,117
8438,94
8439,22
8440,237
8441,27
8442,108
8443,15
8444,204
8445,158
8446,71
8447,32
8448,168
8449,102
8450,80
8451,22
8452,22
8453,139
8454,190
8455,168
8456,387
8457,180
8458,18
8459,106
8460,3
8461,52
8462,31
8463,81
8464,74
8465,398
8466,20
8467,53
8468,233
8469,66
8470,392
8471,225
8472,102
8473,42
8474,52
8475,52
8476,412
8477,27
8478,31
8479,226
8480,376
8481,135
8482,399
8483,24
8484,276
8485,81
8486,276
8487,27
8488,27
8489,412
8490,50
8491,14
8492,266
8493,43
8494,394
8495,394
8496,384
8497,134
8498,95
8499,442
8500,218
8501,321
8502,106
8503,44
8504,58
8505,194
8506,234
8507,24
8508,47
8509,492
8510,167
8511,58
8512,408
8513,311
8514,311
8515,37
8516,442
8517,194
8518,60
8519,164
8520,74
8521,74
8522,375
8523,27
8524,304
8525,181
8526,367
8527,15
8528,61
8529,61
8530,61
8531,310
8532,310
8533,407
8534,144
8535,56
8536,183
8537,38
8538,15
8539,423
8540,334
8541,302
8542,37
8543,426
8544,426
8545,495
8546,66
8547,474
8548,474
8549,361
8550,173
8551,342
8552,342
8553,422
8554,10
8555,364
8556,66
8557,6
8558,94
8559,17
8560,378
8561,382
8562,303
8563,64
8564,50
8565,418
8566,3
8567,200
8568,217
8569,66
8570,51
8571,152
8572,152
8573,304
8574,40
8575,32
8576,34
8577,371
8578,371
8579,74
8580,342
8581,315
8582,255
8583,173
8584,183
8585,408
8586,295
8587,195
8588,220
8589,433
8590,461
8591,20
8592,387
8593,141
8594,225
8595,392
8596,86
8597,364
8598,425
8599,447
8600,330
8601,54
8602,310
8603,37
8604,173
8605,180
8606,220
8607,123
8608,51
8609,61
8610,359
8611,93
8612,13
8613,13
8614,13
8615,13
8616,51
8617,91
8618,191
8619,191
8620,207
8621,390
8622,375
8623,431
8624,358
8625,139
8626,2
8627,32
8628,227
8629,11
8630,82
8631,359
8632,359
8633,15
8634,370
8635,89
8636,62
8637,477
8638,360
8639,432
8640,368
8641,283
8642,90
8643,102
8644,143
8645,374
8646,218
8647,30
8648,23
8649,51
8650,141
8651,54
8652,142
8653,166
8654,258
8655,10
8656,413
8657,86
8658,84
8659,84
8660,98
8661,330
8662,303
8663,334
8664,230
8665,281
8666,281
8667,98
8668,44
8669,65
8670,183
8671,466
8672,62
8673,452
8674,452
8675,452
8676,450
8677,450
8678,317
8679,30
8680,32
8681,290
8682,465
8683,207
8684,207
8685,74
8686,425
8687,501
8688,476
8689,476
8690,129
8691,94
8692,94
8693,22
8694,425
8695,82
8696,42
8697,125
8698,371
8699,16
8700,16
8701,442
8702,107
8703,141
8704,152
8705,82
8706,367
8707,2
8708,330
8709,213
8710,33
8711,205
8712,344
8713,449
8714,54
8715,378
8716,34
8717,392
8718,74
8719,183
8720,361
8721,400
8722,189
8723,38
8724,38
8725,428
8726,368
8727,66
8728,119
8729,165
8730,226
8731,20
8732,82
8733,119
8734,37
8735,173
8736,183
8737,98
8738,228
8739,394
8740,166
8741,138
8742,409
8743,82
8744,30
8745,94
8746,141
8747,141
8748,39
8749,129
8750,44
8751,367
8752,286
8753,50
8754,115
8755,37
8756,226
8757,484
8758,129
8759,104
8760,442
8761,442
8762,152
8763,119
8764,66
8765,327
8766,38
8767,382
8768,47
8769,97
8770,180
8771,442
8772,261
8773,261
8774,47
8775,20
8776,85
8777,378
8778,450
8779,36
8780,36
8781,396
8782,268
8783,15
8784,123
8785,370
8786,220
8787,15
8788,20
8789,449
8790,452
8791,220
8792,88
8793,85
8794,276
8795,175
8796,91
8797,119
8798,39
8799,394
8800,119
8801,122
8802,224
8803,367
8804,87
8805,87
8806,324
8807,238
8808,310
8809,310
8810,37
8811,90
8812,220
8813,484
8814,85
8815,89
8816,137
8817,94
8818,20
8819,115
8820,98
8821,173
8822,457
8823,366
8824,225
8825,367
8826,367
8827,367
8828,152
8829,19
8830,364
8831,307
8832,207
8833,448
8834,20
8835,119
8836,17
8837,423
8838,423
8839,11
8840,229
8841,129
8842,370
8843,191
8844,124
8845,346
8846,37
8847,109
8848,450
8849,376
8850,138
8851,218
8852,436
8853,205
8854,456
8855,318
8856,371
8857,294
8858,139
8859,499
8860,425
8861,196
8862,196
8863,376
8864,74
8865,393
8866,169
8867,191
8868,148
8869,40
8870,82
8871,409
8872,36
8873,318
8874,42
8875,141
8876,23
8877,54
8878,386
8879,409
8880,436
8881,263
8882,37
8883,225
8884,467
8885,74
8886,420
8887,37
8888,66
8889,66
8890,409
8891,162
8892,66
8893,4
8894,4
8895,71
8896,19
8897,367
8898,448
8899,304
8900,290
8901,38
8902,51
8903,470
8904,458
8905,143
8906,445
8907,82
8908,378
8909,80
8910,51
8911,85
8912,42
8913,61
8914,227
8915,367
8916,19
8917,19
8918,408
8919,280
8920,220
8921,55
8922,15
8923,42
8924,79
8925,23
8926,331
8927,44
8928,283
8929,102
8930,217
8931,19
8932,157
8933,23
8934,74
8935,435
8936,91
8937,74
8938,358
8939,477
8940,16
8941,364
8942,107
8943,85
8944,303
8945,226
8946,85
8947,399
8948,121
8949,20
8950,349
8951,349
8952,227
8953,189
8954,189
8955,97
8956,442
8957,88
8958,88
8959,141
8960,44
8961,288
8962,243
8963,502
8964,166
8965,166
8966,289
8967,289
8968,448
8969,33
8970,37
8971,37
8972,218
8973,268
8974,344
8975,347
8976,140
8977,61
8978,285
8979,315
8980,74
8981,74
8982,82
8983,503
8984,360
8985,66
8986,51
8987,102
8988,294
8989,74
8990,122
8991,207
8992,152
8993,140
8994,44
8995,330
8996,370
8997,23
8998,446
8999,383
9000,32
9001,407
9002,120
9003,152
9004,44
9005,268
9006,185
9007,217
9008,220
9009,389
9010,225
9011,105
9012,378
9013,22
9014,210
9015,166
9016,82
9017,469
9018,469
9019,61
9020,367
9021,38
9022,429
9023,213
9024,141
9025,312
9026,234
9027,44
9028,312
9029,243
9030,39
9031,38
9032,38
9033,377
9034,121
9035,74
9036,42
9037,152
9038,303
9039,298
9040,218
9041,30
9042,30
9043,30
9044,152
9045,38
9046,143
9047,37
9048,37
9049,90
9050,285
9051,285
9052,285
9053,285
9054,441
9055,430
9056,430
9057,276
9058,314
9059,173
9060,220
9061,226
9062,162
9063,21
9064,317
9065,51
9066,327
9067,272
9068,272
9069,85
9070,312
9071,303
9072,166
9073,61
9074,257
9075,247
9076,227
9077,205
9078,330
9079,180
9080,209
9081,180
9082,180
9083,42
9084,51
9085,61
9086,141
9087,334
9088,432
9089,165
9090,32
9091,42
9092,29
9093,396
9094,23
9095,88
9096,52
9097,290
9098,446
9099,378
9100,23
9101,165
9102,91
9103,22
9104,458
9105,105
9106,64
9107,290
9108,65
9109,6
9110,152
9111,407
9112,3
9113,484
9114,59
9115,175
9116,273
9117,273
9118,433
9119,433
9120,115
9121,433
9122,16
9123,413
9124,74
9125,426
9126,230
9127,86
9128,91
9129,102
9130,367
9131,367
9132,367
9133,240
9134,394
9135,38
9136,65
9137,65
9138,180
9139,9
9140,226
9141,285
9142,37
9143,37
9144,359
9145,368
9146,42
9147,66
9148,39
9149,476
9150,141
9151,220
9152,45
9153,334
9154,55
9155,82
9156,98
9157,386
9158,21
9159,238
9160,243
9161,141
9162,424
9163,424
9164,209
9165,16
9166,44
9167,44
9168,44
9169,228
9170,37
9171,177
9172,64
9173,90
9174,19
9175,381
9176,98
9177,16
9178,340
9179,364
9180,42
9181,19
9182,364
9183,16
9184,125
9185,61
9186,94
9187,330
9188,193
9189,243
9190,98
9191,290
9192,152
9193,445
9194,448
9195,79
9196,20
9197,20
9198,400
9199,51
9200,88
9201,294
9202,170
9203,213
9204,334
9205,464
9206,348
9207,139
9208,456
9209,88
9210,460
9211,327
9212,80
9213,467
9214,170
9215,224
9216,367
9217,307
9218,143
9219,180
9220,230
9221,50
9222,458
9223,359
9224,359
9225,330
9226,288
9227,276
9228,37
9229,234
9230,166
9231,370
9232,218
9233,183
9234,183
9235,183
9236,15
9237,105
9238,363
9239,419
9240,55
9241,185
9242,185
9243,283
9244,431
9245,185
9246,378
9247,20
9248,141
9249,272
9250,405
9251,439
9252,30
9253,207
9254,37
9255,220
9256,1
9257,1
9258,313
9259,125
9260,422
9261,422
9262,62
9263,310
9264,207
9265,446
9266,330
9267,82
9268,217
9269,241
9270,270
9271,402
9272,421
9273,44
9274,307
9275,67
9276,82
9277,94
9278,214
9279,180
9280,274
9281,334
9282,334
9283,334
9284,138
9285,62
9286,246
9287,2
9288,417
9289,214
9290,214
9291,124
9292,408
9293,266
9294,378
9295,34
9296,34
9297,476
9298,218
9299,23
9300,95
9301,95
9302,83
9303,135
9304,471
9305,40
9306,134
9307,82
9308,82
9309,4
9310,144
9311,302
9312,71
9313,168
9314,42
9315,303
9316,136
9317,194
9318,374
9319,280
9320,102
9321,231
9322,297
9323,297
9324,442
9325,220
9326,392
9327,231
9328,352
9329,241
9330,307
9331,94
9332,169
9333,363
9334,200
9335,392
9336,19
9337,221
9338,188
9339,189
9340,122
9341,220
9342,392
9343,392
9344,392
9345,119
9346,88
9347,22
9348,294
9349,134
9350,173
9351,29
9352,29
9353,130
9354,377
9355,42
9356,119
9357,64
9358,6
9359,370
9360,370
9361,219
9362,208
9363,171
9364,144
9365,470
9366,398
9367,414
9368,51
9369,177
9370,349
9371,349
9372,20
9373,274
9374,246
9375,190
9376,74
9377,74
9378,20
9379,375
9380,407
9381,365
9382,233
9383,82
9384,328
9385,69
9386,236
9387,16
9388,37
9389,181
9390,322
9391,318
9392,252
9393,363
9394,268
9395,476
9396,87
9397,180
9398,352
9399,4
9400,94
9401,86
9402,328
9403,231
9404,115
9405,16
9406,59
9407,2
9408,184
9409,80
9410,166
9411,184
9412,143
9413,469
9414,217
9415,270
9416,42
9417,32
9418,219
9419,129
9420,71
9421,204
9422,177
9423,309
9424,378
9425,135
9426,280
9427,280
9428,257
9429,88
9430,88
9431,218
9432,144
9433,204
9434,197
9435,144
9436,358
9437,265
9438,378
9439,252
9440,13
9441,123
9442,176
9443,370
9444,330
9445,252
9446,121
9447,22
9448,129
9449,121
9450,72
9451,42
9452,29
9453,29
9454,29
9455,217
9456,444
9457,444
9458,102
9459,59
9460,171
9461,208
9462,38
9463,4
9464,121
9465,10
9466,91
9467,348
9468,130
9469,382
9470,483
9471,335
9472,123
9473,37
9474,89
9475,98
9476,129
9477,233
9478,367
9479,208
9480,87
9481,219
9482,164
9483,69
9484,155
9485,132
9486,368
9487,15
9488,79
9489,160
9490,74
9491,141
9492,289
9493,29
9494,194
9495,307
9496,156
9497,147
9498,135
9499,70
9500,251
9501,295
9502,180
9503,158
9504,227
9505,437
9506,208
9507,37
9508,138
9509,190
9510,19
9511,190
9512,480
9513,10
9514,82
9515,207
9516,320
9517,173
9518,322
9519,276
9520,329
9521,3
9522,220
9523,2
9524,413
9525,413
9526,20
9527,64
9528,303
9529,126
9530,136
9531,122
9532,16
9533,274
9534,274
9535,383
9536,169
9537,64
9538,82
9539,6
9540,377
9541,2
9542,36
9543,259
9544,220
9545,137
9546,135
9547,139
9548,136
9549,105
9550,276
9551,448
9552,376
9553,204
9554,371
9555,161
9556,439
9557,439
9558,207
9559,65
9560,218
9561,173
9562,99
9563,162
9564,353
9565,141
9566,410
9567,125
9568,97
9569,246
9570,37
9571,152
9572,30
9573,135
9574,292
9575,179
9576,297
9577,198
9578,218
9579,36
9580,94
9581,129
9582,23
9583,219
9584,32
9585,20
9586,132
9587,15
9588,375
9589,375
9590,375
9591,399
9592,413
9593,200
9594,361
9595,8
9596,51
9597,358
9598,239
9599,37
9600,303
9601,155
9602,404
9603,274
9604,208
9605,289
9606,368
9607,368
9608,368
9609,368
9610,188
9611,238
9612,246
9613,334
9614,229
9615,229
9616,39
9617,70
9618,212
9619,16
9620,16
9621,39
9622,123
9623,2
9624,135
9625,381
9626,55
9627,98
9628,93
9629,177
9630,42
9631,98
9632,102
9633,102
9634,363
9635,241
9636,241
9637,125
9638,2
9639,2
9640,2
9641,217
9642,77
9643,257
9644,141
9645,250
9646,181
9647,282
9648,303
9649,493
9650,457
9651,104
9652,160
9653,65
9654,201
9655,428
9656,457
9657,119
9658,67
9659,329
9660,360
9661,196
9662,39
9663,413
9664,318
9665,218
9666,404
9667,126
9668,70
9669,237
9670,207
9671,392
9672,375
9673,297
9674,20
9675,442
9676,155
9677,155
9678,69
9679,330
9680,362
9681,208
9682,404
9683,61
9684,29
9685,66
9686,72
9687,204
9688,204
9689,425
9690,37
9691,449
9692,67
9693,358
9694,278
9695,15
9696,72
9697,182
9698,183
9699,121
9700,290
9701,37
9702,399
9703,90
9704,252
9705,130
9706,29
9707,122
9708,71
9709,42
9710,145
9711,146
9712,289
9713,64
9714,82
9715,179
9716,179
9717,100
9718,438
9719,438
9720,139
9721,70
9722,42
9723,292
9724,52
9725,50
9726,217
9727,100
9728,19
9729,255
9730,253
9731,51
9732,268
9733,371
9734,161
9735,55
9736,104
9737,139
9738,37
9739,64
9740,339
9741,67
9742,42
9743,169
9744,98
9745,74
9746,82
9747,180
9748,396
9749,122
9750,119
9751,52
9752,85
9753,67
9754,37
9755,67
9756,326
9757,208
9758,444
9759,164
9760,160
9761,235
9762,98
9763,376
9764,220
9765,191
9766,160
9767,61
9768,6
9769,6
9770,6
9771,61
9772,408
9773,408
9774,85
9775,334
9776,119
9777,61
9778,198
9779,91
9780,191
9781,191
9782,1
9783,257
9784,370
9785,51
9786,70
9787,70
9788,243
9789,150
9790,59
9791,413
9792,1
9793,310
9794,230
9795,82
9796,239
9797,134
9798,170
9799,158
9800,135
9801,322
9802,123
9803,30
9804,356
9805,151
9806,303
9807,303
9808,255
9809,368
9810,69
9811,69
9812,69
9813,227
9814,455
9815,176
9816,309
9817,74
9818,74
9819,368
9820,155
9821,82
9822,94
9823,378
9824,467
9825,250
9826,152
9827,239
9828,126
9829,278
9830,358
9831,129
9832,361
9833,183
9834,413
9835,280
9836,504
9837,126
9838,257
9839,42
9840,42
9841,20
9842,180
9843,282
9844,249
9845,195
9846,212
9847,212
9848,77
9849,125
9850,153
9851,140
9852,470
9853,218
9854,125
9855,484
9856,137
9857,453
9858,291
9859,134
9860,320
9861,102
9862,102
9863,149
9864,219
9865,54
9866,230
9867,61
9868,236
9869,346
9870,38
9871,181
9872,237
9873,238
9874,238
9875,82
9876,121
9877,164
9878,331
9879,148
9880,215
9881,115
9882,102
9883,102
9884,430
9885,190
9886,449
9887,276
9888,142
9889,150
9890,85
9891,343
9892,49
9893,82
9894,71
9895,173
9896,173
9897,182
9898,225
9899,238
9900,329
9901,130
9902,304
9903,334
9904,16
9905,61
9906,10
9907,195
9908,182
9909,50
9910,69
9911,402
9912,470
9913,283
9914,29
9915,1
9916,135
9917,214
9918,69
9919,155
9920,155
9921,10
9922,157
9923,158
9924,151
9925,370
9926,389
9927,212
9928,466
9929,71
9930,37
9931,37
9932,61
9933,2
9934,209
9935,164
9936,155
9937,363
9938,135
9939,168
9940,168
9941,96
9942,375
9943,375
9944,377
9945,377
9946,177
9947,85
9948,16
9949,6
9950,125
9951,505
9952,505
9953,334
9954,234
9955,237
9956,237
9957,392
9958,64
9959,313
9960,331
9961,177
9962,2
9963,160
9964,94
9965,350
9966,164
9967,37
9968,71
9969,30
9970,161
9971,168
9972,102
9973,102
9974,85
9975,321
9976,82
9977,289
9978,283
9979,94
9980,125
9981,99
9982,394
9983,143
9984,394
9985,67
9986,378
9987,217
9988,259
9989,382
9990,191
9991,384
9992,477
9993,219
9994,77
9995,130
9996,130
9997,209
9998,312
9999,66
10000,430
10001,182
10002,126
10003,360
10004,360
10005,409
10006,442
10007,307
10008,70
10009,70
10010,506
10011,506
10012,42
10013,367
10014,218
10015,115
10016,449
10017,158
10018,207
10019,399
10020,229
10021,64
10022,281
10023,98
10024,186
10025,184
10026,136
10027,135
10028,363
10029,129
10030,72
10031,323
10032,258
10033,61
10034,23
10035,50
10036,162
10037,303
10038,221
10039,235
10040,191
10041,144
10042,166
10043,62
10044,102
10045,57
10046,57
10047,171
10048,85
10049,457
10050,364
10051,292
10052,206
10053,135
10054,86
10055,339
10056,400
10057,145
10058,408
10059,408
10060,151
10061,130
10062,378
10063,364
10064,122
10065,94
10066,94
10067,95
10068,144
10069,94
10070,39
10071,477
10072,125
10073,100
10074,158
10075,347
10076,259
10077,77
10078,77
10079,77
10080,4
10081,370
10082,382
10083,119
10084,96
10085,330
10086,185
10087,185
10088,85
10089,84
10090,207
10091,207
10092,204
10093,177
10094,491
10095,183
10096,176
10097,218
10098,51
10099,57
10100,142
10101,50
10102,377
10103,57
10104,282
10105,294
10106,37
10107,206
10108,95
10109,156
10110,16
10111,185
10112,213
10113,50
10114,138
10115,42
10116,294
10117,153
10118,334
10119,428
10120,428
10121,262
10122,177
10123,39
10124,68
10125,181
10126,377
10127,480
10128,168
10129,26
10130,183
10131,15
10132,288
10133,483
10134,483
10135,343
10136,23
10137,158
10138,180
10139,180
10140,2
10141,59
10142,111
10143,438
10144,68
10145,449
10146,449
10147,294
10148,173
10149,87
10150,394
10151,50
10152,339
10153,429
10154,32
10155,39
10156,364
10157,144
10158,197
10159,412
10160,282
10161,224
10162,82
10163,98
10164,98
10165,218
10166,32
10167,32
10168,32
10169,460
10170,145
10171,376
10172,74
10173,125
10174,15
10175,95
10176,94
10177,98
10178,450
10179,414
10180,32
10181,176
10182,144
10183,64
10184,9
10185,182
10186,182
10187,182
10188,182
10189,184
10190,152
10191,130
10192,88
10193,66
10194,378
10195,140
10196,383
10197,446
10198,414
10199,285
10200,210
10201,210
10202,315
10203,183
10204,13
10205,13
10206,13
10207,13
10208,365
10209,177
10210,448
10211,367
10212,446
10213,496
10214,47
10215,322
10216,327
10217,378
10218,507
10219,86
10220,364
10221,10
10222,376
10223,79
10224,177
10225,6
10226,283
10227,13
10228,413
10229,467
10230,407
10231,258
10232,405
10233,422
10234,177
10235,3
10236,465
10237,157
10238,395
10239,440
10240,312
10241,377
10242,394
10243,508
10244,284
10245,495
10246,389
10247,425
10248,383
10249,278
10250,374
10251,22
10252,258
10253,360
10254,65
10255,32
10256,32
10257,398
10258,417
10259,395
10260,389
10261,364
10262,363
10263,394
10264,357
10265,183
10266,371
10267,286
10268,364
10269,278
10270,227
10271,79
10272,368
10273,446
10274,445
10275,384
10276,479
10277,32
10278,32
10279,370
10280,374
10281,374
10282,374
10283,374
10284,193
10285,157
10286,359
10287,272
10288,395
10289,496
10290,356
10291,257
10292,368
10293,119
10294,32
10295,413
10296,368
10297,8
10298,417
10299,47
10300,299
10301,360
10302,484
10303,421
10304,364
10305,442
10306,442
10307,423
10308,465
10309,177
10310,405
10311,258
10312,227
10313,419
10314,258
10315,121
10316,285
10317,495
10318,423
10319,445
10320,32
10321,32
10322,377
10323,375
10324,253
10325,358
10326,156
10327,156
10328,402
10329,189
10330,442
10331,467
10332,205
10333,394
10334,392
10335,370
10336,47
10337,357
10338,32
10339,8
10340,386
10341,315
10342,32
10343,32
10344,364
10345,9
10346,465
10347,384
10348,383
10349,392
10350,474
10351,397
10352,361
10353,378
10354,375
10355,79
10356,119
10357,119
10358,3
10359,3
10360,307
10361,457
10362,466
10363,137
10364,419
10365,399
10366,79
10367,410
10368,391
10369,442
10370,265
10371,127
10372,416
10373,375
10374,364
10375,404
10376,368
10377,439
10378,32
10379,409
10380,254
10381,254
10382,495
10383,374
10384,390
10385,258
10386,378
10387,378
10388,283
10389,127
10390,32
10391,157
10392,361
10393,79
10394,361
10395,398
10396,308
10397,308
10398,484
10399,169
10400,317
10401,390
10402,442
10403,183
10404,265
10405,327
10406,230
10407,422
10408,409
10409,119
10410,318
10411,389
10412,389
10413,466
10414,466
10415,358
10416,375
10417,265
10418,384
10419,315
10420,437
10421,433
10422,13
10423,13
10424,448
10425,213
10426,442
10427,79
10428,394
10429,457
10430,381
10431,10
10432,253
10433,253
10434,177
10435,439
10436,452
10437,371
10438,410
10439,157
10440,424
10441,147
10442,137
10443,258
10444,358
10445,86
10446,371
10447,497
10448,306
10449,484
10450,360
10451,47
10452,509
10453,390
10454,430
10455,22
10456,3
10457,22
10458,480
10459,480
10460,487
10461,487
10462,183
10463,213
10464,440
10465,306
10466,409
10467,361
10468,361
10469,370
10470,437
10471,425
10472,285
10473,413
10474,241
10475,241
10476,157
10477,457
10478,392
10479,123
10480,312
10481,156
10482,383
10483,348
10484,442
10485,189
10486,13
10487,366
10488,119
10489,421
10490,410
