ID,RoadUser_ID
1,1
2,2
3,3
4,4
5,5
6,6
7,7
8,8
9,9
10,10
11,11
12,12
13,13
14,14
15,15
16,16
17,17
18,18
19,17
20,19
21,20
22,15
23,21
24,22
25,23
26,21
27,23
28,24
29,25
30,26
31,27
32,28
33,29
34,30
35,31
36,32
37,33
38,34
39,35
40,36
41,24
42,37
43,38
44,39
45,40
46,41
47,42
48,43
49,20
50,44
51,45
52,46
53,47
54,48
55,49
56,50
57,51
58,50
59,52
60,53
61,54
62,18
63,37
64,55
65,56
66,57
67,58
68,59
69,60
70,61
71,44
72,62
73,63
74,64
75,39
76,65
77,66
78,67
79,68
80,69
81,70
82,71
83,72
84,73
85,69
86,74
87,75
88,76
89,77
90,78
91,79
92,80
93,21
94,81
95,82
96,12
97,83
98,59
99,84
100,17
101,85
102,86
103,87
104,6
105,88
106,2
107,89
108,50
109,88
110,90
111,91
112,92
113,93
114,72
115,94
116,95
117,32
118,45
119,96
120,97
121,98
122,62
123,99
124,100
125,101
126,102
127,103
128,104
129,105
130,106
131,107
132,12
133,108
134,63
135,109
136,110
137,111
138,112
139,113
140,92
141,114
142,24
143,26
144,115
145,116
146,117
147,9
148,118
149,119
150,18
151,120
152,117
153,121
154,122
155,69
156,123
157,124
158,125
159,126
160,117
161,127
162,128
163,129
164,130
165,17
166,131
167,132
168,133
169,49
170,134
171,58
172,135
173,53
174,136
175,8
176,137
177,138
178,139
179,140
180,12
181,141
182,142
183,143
184,110
185,65
186,144
187,57
188,33
189,145
190,146
191,98
192,92
193,147
194,148
195,149
196,150
197,144
198,151
199,152
200,72
201,153
202,17
203,154
204,92
205,142
206,155
207,153
208,156
209,157
210,68
211,158
212,23
213,159
214,160
215,161
216,117
217,105
218,45
219,98
220,162
221,163
222,164
223,165
224,166
225,167
226,168
227,31
228,169
229,8
230,170
231,171
232,153
233,171
234,172
235,2
236,44
237,31
238,13
239,173
240,174
241,175
242,44
243,176
244,124
245,89
246,177
247,152
248,178
249,179
250,180
251,98
252,181
253,182
254,183
255,184
256,185
257,161
258,186
259,187
260,69
261,188
262,189
263,190
264,104
265,71
266,73
267,97
268,191
269,192
270,79
271,116
272,18
273,138
274,171
275,193
276,77
277,123
278,69
279,1
280,68
281,68
282,194
283,188
284,195
285,196
286,176
287,77
288,197
289,48
290,198
291,167
292,199
293,200
294,201
295,41
296,15
297,202
298,117
299,203
300,171
301,86
302,204
303,161
304,37
305,205
306,27
307,105
308,206
309,207
310,72
311,208
312,209
313,210
314,211
315,143
316,86
317,212
318,213
319,110
320,214
321,215
322,216
323,217
324,90
325,45
326,218
327,219
328,220
329,70
330,221
331,96
332,222
333,188
334,223
335,224
336,225
337,226
338,227
339,168
340,77
341,69
342,228
343,142
344,117
345,229
346,230
347,231
348,232
349,115
350,233
351,234
352,235
353,236
354,234
355,171
356,21
357,207
358,237
359,67
360,238
361,148
362,131
363,239
364,216
365,187
366,15
367,45
368,8
369,123
370,78
371,240
372,187
373,241
374,96
375,242
376,218
377,144
378,243
379,191
380,230
381,244
382,245
383,246
384,105
385,121
386,143
387,106
388,21
389,181
390,247
391,68
392,248
393,6
394,147
395,249
396,250
397,251
398,252
399,253
400,59
401,254
402,57
403,255
404,23
405,201
406,175
407,186
408,210
409,11
410,256
411,153
412,257
413,258
414,259
415,116
416,260
417,220
418,135
419,65
420,216
421,258
422,15
423,143
424,261
425,105
426,31
427,188
428,175
429,248
430,54
431,262
432,259
433,13
434,263
435,264
436,219
437,73
438,47
439,104
440,197
441,265
442,266
443,267
444,268
445,269
446,185
447,9
448,270
449,271
450,265
451,272
452,273
453,272
454,274
455,117
456,275
457,273
458,276
459,277
460,258
461,161
462,278
463,147
464,279
465,280
466,273
467,8
468,39
469,20
470,52
471,144
472,281
473,143
474,264
475,282
476,74
477,210
478,209
479,272
480,283
481,273
482,258
483,284
484,121
485,20
486,285
487,104
488,252
489,118
490,286
491,72
492,287
493,72
494,72
495,288
496,144
497,3
498,289
499,72
500,152
501,194
502,236
503,260
504,68
505,290
506,291
507,292
508,293
509,279
510,252
511,278
512,160
513,55
514,294
515,295
516,296
517,282
518,297
519,298
520,148
521,229
522,89
523,168
524,26
525,144
526,209
527,299
528,300
529,226
530,191
531,221
532,132
533,301
534,302
535,303
536,25
537,27
538,304
539,98
540,102
541,305
542,238
543,222
544,12
545,177
546,58
547,101
548,296
549,68
550,167
551,17
552,306
553,307
554,308
555,278
556,74
557,309
558,310
559,15
560,6
561,144
562,179
563,311
564,312
565,221
566,44
567,313
568,226
569,41
570,314
571,315
572,15
573,116
574,135
575,316
576,273
577,317
578,200
579,8
580,229
581,318
582,319
583,320
584,68
585,86
586,188
587,175
588,321
589,125
590,78
591,292
592,115
593,135
594,135
595,175
596,141
597,322
598,304
599,15
600,91
601,238
602,55
603,199
604,323
605,324
606,279
607,13
608,325
609,326
610,108
611,201
612,327
613,328
614,105
615,329
616,248
617,14
618,229
619,330
620,331
621,171
622,8
623,39
624,332
625,333
626,46
627,98
628,334
629,45
630,105
631,4
632,191
633,335
634,293
635,117
636,324
637,44
638,336
639,229
640,198
641,92
642,201
643,287
644,205
645,57
646,337
647,338
648,12
649,62
650,1
651,339
652,340
653,341
654,166
655,262
656,136
657,151
658,211
659,17
660,13
661,342
662,202
663,343
664,176
665,226
666,344
667,345
668,59
669,61
670,346
671,347
672,15
673,216
674,175
675,45
676,21
677,20
678,348
679,349
680,350
681,56
682,116
683,45
684,104
685,31
686,351
687,20
688,352
689,353
690,354
691,89
692,212
693,33
694,355
695,97
696,356
697,15
698,86
699,8
700,113
701,357
702,90
703,15
704,169
705,358
706,20
707,359
708,117
709,176
710,360
711,135
712,18
713,293
714,169
715,110
716,361
717,233
718,65
719,287
720,194
721,81
722,362
723,363
724,121
725,8
726,139
727,364
728,365
729,366
730,367
731,273
732,368
733,315
734,254
735,362
736,275
737,277
738,57
739,369
740,117
741,263
742,189
743,169
744,117
745,61
746,1
747,303
748,24
749,291
750,370
751,303
752,371
753,166
754,55
755,218
756,110
757,69
758,334
759,372
760,171
761,258
762,373
763,110
764,25
765,374
766,74
767,71
768,20
769,212
770,55
771,98
772,187
773,157
774,112
775,9
776,284
777,107
778,149
779,273
780,209
781,293
782,83
783,110
784,375
785,123
786,152
787,106
788,376
789,12
790,121
791,263
792,377
793,378
794,327
795,101
796,379
797,111
798,278
799,152
800,199
801,63
802,380
803,117
804,105
805,269
806,381
807,260
808,45
809,31
810,229
811,240
812,69
813,3
814,110
815,382
816,383
817,45
818,384
819,385
820,386
821,125
822,387
823,388
824,389
825,144
826,229
827,390
828,317
829,37
830,368
831,307
832,391
833,214
834,340
835,392
836,56
837,8
838,393
839,121
840,153
841,394
842,126
843,342
844,320
845,152
846,124
847,61
848,229
849,395
850,20
851,396
852,397
853,62
854,398
855,293
856,161
857,210
858,399
859,135
860,33
861,336
862,66
863,230
864,400
865,17
866,401
867,176
868,8
869,58
870,203
871,20
872,27
873,18
874,123
875,21
876,402
877,108
878,354
879,156
880,390
881,167
882,153
883,276
884,285
885,152
886,66
887,65
888,341
889,376
890,161
891,186
892,403
893,167
894,94
895,121
896,62
897,25
898,160
899,221
900,86
901,55
902,404
903,4
904,77
905,49
906,59
907,405
908,391
909,259
910,158
911,205
912,406
913,188
914,182
915,32
916,407
917,196
918,8
919,290
920,148
921,24
922,115
923,121
924,408
925,275
926,155
927,284
928,284
929,409
930,238
931,371
932,175
933,20
934,45
935,410
936,121
937,224
938,113
939,217
940,411
941,152
942,2
943,362
944,272
945,412
946,176
947,86
948,102
949,161
950,67
951,413
952,309
953,13
954,260
955,414
956,61
957,110
958,190
959,307
960,92
961,55
962,415
963,207
964,415
965,121
966,105
967,1
968,416
969,43
970,185
971,140
972,417
973,153
974,201
975,2
976,66
977,203
978,418
979,419
980,63
981,309
982,104
983,161
984,180
985,83
986,390
987,1
988,379
989,141
990,44
991,125
992,113
993,78
994,143
995,17
996,420
997,210
998,72
999,203
1000,117
1001,387
1002,258
1003,98
1004,421
1005,273
1006,51
1007,258
1008,422
1009,115
1010,32
1011,153
1012,39
1013,26
1014,219
1015,423
1016,44
1017,176
1018,168
1019,264
1020,424
1021,121
1022,186
1023,425
1024,176
1025,105
1026,275
1027,426
1028,268
1029,72
1030,50
1031,199
1032,194
1033,170
1034,427
1035,428
1036,203
1037,429
1038,185
1039,161
1040,149
1041,256
1042,162
1043,405
1044,244
1045,334
1046,329
1047,20
1048,170
1049,26
1050,430
1051,134
1052,6
1053,248
1054,279
1055,144
1056,73
1057,188
1058,431
1059,115
1060,379
1061,278
1062,223
1063,432
1064,377
1065,46
1066,57
1067,63
1068,63
1069,255
1070,433
1071,293
1072,434
1073,110
1074,98
1075,435
1076,414
1077,161
1078,15
1079,296
1080,436
1081,104
1082,437
1083,97
1084,438
1085,13
1086,325
1087,233
1088,331
1089,405
1090,154
1091,154
1092,219
1093,98
1094,85
1095,186
1096,280
1097,439
1098,162
1099,2
1100,154
1101,84
1102,135
1103,440
1104,169
1105,441
1106,112
1107,123
1108,442
1109,90
1110,214
1111,443
1112,444
1113,212
1114,445
1115,42
1116,30
1117,57
1118,32
1119,116
1120,269
1121,280
1122,97
1123,44
1124,210
1125,320
1126,259
1127,320
1128,252
1129,187
1130,72
1131,446
1132,144
1133,447
1134,417
1135,44
1136,229
1137,105
1138,442
1139,448
1140,90
1141,167
1142,15
1143,309
1144,42
1145,123
1146,449
1147,122
1148,26
1149,201
1150,168
1151,97
1152,190
1153,377
1154,450
1155,37
1156,73
1157,62
1158,451
1159,219
1160,113
1161,49
1162,414
1163,248
1164,256
1165,229
1166,309
1167,272
1168,275
1169,32
1170,371
1171,417
1172,4
1173,131
1174,25
1175,452
1176,98
1177,212
1178,453
1179,46
1180,153
1181,214
1182,181
1183,404
1184,271
1185,454
1186,394
1187,210
1188,171
1189,42
1190,219
1191,219
1192,455
1193,363
1194,67
1195,424
1196,129
1197,15
1198,456
1199,457
1200,37
1201,169
1202,21
1203,458
1204,459
1205,371
1206,190
1207,460
1208,223
1209,461
1210,229
1211,33
1212,242
1213,123
1214,414
1215,222
1216,225
1217,219
1218,6
1219,62
1220,123
1221,229
1222,285
1223,183
1224,144
1225,44
1226,462
1227,4
1228,186
1229,238
1230,147
1231,152
1232,463
1233,455
1234,226
1235,462
1236,387
1237,464
1238,20
1239,130
1240,367
1241,62
1242,465
1243,162
1244,15
1245,273
1246,191
1247,416
1248,278
1249,57
1250,57
1251,153
1252,260
1253,45
1254,99
1255,105
1256,376
1257,97
1258,24
1259,45
1260,44
1261,338
1262,297
1263,466
1264,54
1265,307
1266,176
1267,414
1268,395
1269,155
1270,42
1271,97
1272,467
1273,17
1274,152
1275,77
1276,229
1277,168
1278,15
1279,104
1280,56
1281,84
1282,12
1283,452
1284,39
1285,212
1286,167
1287,98
1288,340
1289,90
1290,264
1291,468
1292,264
1293,287
1294,166
1295,98
1296,63
1297,383
1298,69
1299,469
1300,144
1301,37
1302,92
1303,452
1304,470
1305,218
1306,170
1307,54
1308,460
1309,155
1310,74
1311,68
1312,389
1313,72
1314,390
1315,439
1316,44
1317,471
1318,438
1319,368
1320,9
1321,147
1322,189
1323,156
1324,42
1325,108
1326,156
1327,334
1328,150
1329,27
1330,472
1331,459
1332,70
1333,473
1334,139
1335,409
1336,406
1337,474
1338,171
1339,433
1340,475
1341,116
1342,202
1343,439
1344,88
1345,365
1346,365
1347,143
1348,105
1349,216
1350,284
1351,50
1352,121
1353,476
1354,103
1355,315
1356,79
1357,8
1358,188
1359,65
1360,65
1361,307
1362,59
1363,464
1364,148
1365,359
1366,279
1367,356
1368,273
1369,329
1370,107
1371,221
1372,142
1373,17
1374,92
1375,320
1376,15
1377,24
1378,477
1379,478
1380,479
1381,129
1382,44
1383,318
1384,436
1385,31
1386,1
1387,219
1388,422
1389,262
1390,110
1391,152
1392,320
1393,77
1394,77
1395,39
1396,176
1397,162
1398,107
1399,456
1400,196
1401,447
1402,94
1403,403
1404,207
1405,169
1406,480
1407,272
1408,25
1409,196
1410,268
1411,433
1412,201
1413,329
1414,481
1415,30
1416,144
1417,25
1418,147
1419,482
1420,110
1421,98
1422,107
1423,414
1424,483
1425,97
1426,382
1427,392
1428,7
1429,252
1430,20
1431,49
1432,315
1433,17
1434,324
1435,13
1436,222
1437,83
1438,2
1439,300
1440,67
1441,413
1442,301
1443,226
1444,484
1445,280
1446,485
1447,275
1448,405
1449,89
1450,226
1451,371
1452,72
1453,62
1454,338
1455,486
1456,237
1457,68
1458,220
1459,311
1460,144
1461,487
1462,54
1463,162
1464,488
1465,489
1466,158
1467,257
1468,244
1469,284
1470,201
1471,409
1472,158
1473,72
1474,152
1475,13
1476,415
1477,77
1478,67
1479,12
1480,252
1481,72
1482,166
1483,237
1484,490
1485,491
1486,216
1487,169
1488,134
1489,317
1490,492
1491,398
1492,229
1493,326
1494,282
1495,221
1496,20
1497,65
1498,116
1499,5
1500,491
1501,40
1502,152
1503,39
1504,1
1505,17
1506,57
1507,493
1508,161
1509,494
1510,14
1511,229
1512,346
1513,288
1514,417
1515,121
1516,190
1517,152
1518,318
1519,296
1520,229
1521,65
1522,363
1523,495
1524,349
1525,186
1526,168
1527,218
1528,262
1529,496
1530,276
1531,68
1532,189
1533,160
1534,135
1535,199
1536,414
1537,57
1538,186
1539,77
1540,188
1541,195
1542,464
1543,254
1544,18
1545,405
1546,51
1547,72
1548,311
1549,409
1550,497
1551,7
1552,46
1553,217
1554,421
1555,301
1556,486
1557,48
1558,421
1559,498
1560,480
1561,144
1562,392
1563,285
1564,167
1565,138
1566,451
1567,318
1568,15
1569,484
1570,298
1571,55
1572,499
1573,305
1574,10
1575,263
1576,160
1577,222
1578,469
1579,500
1580,203
1581,187
1582,146
1583,31
1584,64
1585,501
1586,502
1587,37
1588,448
1589,270
1590,144
1591,431
1592,67
1593,89
1594,2
1595,55
1596,12
1597,44
1598,37
1599,254
1600,237
1601,503
1602,504
1603,405
1604,202
1605,143
1606,160
1607,505
1608,506
1609,45
1610,275
1611,12
1612,62
1613,125
1614,507
1615,144
1616,209
1617,77
1618,77
1619,363
1620,147
1621,280
1622,167
1623,508
1624,6
1625,65
1626,105
1627,296
1628,221
1629,6
1630,32
1631,202
1632,143
1633,286
1634,216
1635,434
1636,67
1637,72
1638,392
1639,320
1640,74
1641,250
1642,327
1643,509
1644,153
1645,139
1646,510
1647,511
1648,208
1649,278
1650,512
1651,183
1652,198
1653,270
1654,229
1655,7
1656,513
1657,514
1658,17
1659,166
1660,309
1661,249
1662,45
1663,285
1664,216
1665,97
1666,8
1667,67
1668,382
1669,497
1670,216
1671,256
1672,229
1673,12
1674,436
1675,77
1676,515
1677,498
1678,262
1679,72
1680,516
1681,189
1682,470
1683,64
1684,476
1685,48
1686,436
1687,256
1688,422
1689,158
1690,53
1691,183
1692,7
1693,143
1694,146
1695,320
1696,231
1697,321
1698,200
1699,171
1700,401
1701,90
1702,497
1703,331
1704,388
1705,309
1706,517
1707,476
1708,181
1709,426
1710,31
1711,175
1712,487
1713,8
1714,153
1715,128
1716,518
1717,411
1718,519
1719,520
1720,238
1721,219
1722,444
1723,521
1724,10
1725,194
1726,333
1727,148
1728,522
1729,15
1730,248
1731,188
1732,523
1733,209
1734,102
1735,66
1736,81
1737,152
1738,371
1739,224
1740,139
1741,318
1742,210
1743,64
1744,362
1745,12
1746,491
1747,524
1748,525
1749,92
1750,69
1751,526
1752,419
1753,527
1754,161
1755,528
1756,334
1757,386
1758,229
1759,510
1760,84
1761,200
1762,529
1763,454
1764,42
1765,318
1766,296
1767,15
1768,264
1769,154
1770,141
1771,65
1772,126
1773,368
1774,68
1775,185
1776,105
1777,298
1778,21
1779,251
1780,365
1781,530
1782,531
1783,344
1784,38
1785,236
1786,45
1787,267
1788,386
1789,470
1790,217
1791,105
1792,1
1793,8
1794,130
1795,124
1796,201
1797,218
1798,194
1799,83
1800,405
1801,403
1802,309
1803,300
1804,532
1805,222
1806,246
1807,162
1808,451
1809,280
1810,282
1811,86
1812,509
1813,278
1814,309
1815,369
1816,67
1817,203
1818,17
1819,383
1820,287
1821,420
1822,44
1823,77
1824,20
1825,142
1826,10
1827,454
1828,35
1829,167
1830,207
1831,67
1832,104
1833,272
1834,194
1835,304
1836,300
1837,186
1838,124
1839,348
1840,203
1841,533
1842,105
1843,70
1844,105
1845,4
1846,464
1847,226
1848,389
1849,278
1850,272
1851,139
1852,21
1853,170
1854,143
1855,175
1856,387
1857,91
1858,210
1859,33
1860,161
1861,280
1862,505
1863,279
1864,335
1865,258
1866,124
1867,354
1868,534
1869,24
1870,194
1871,17
1872,31
1873,57
1874,24
1875,535
1876,536
1877,222
1878,151
1879,252
1880,383
1881,210
1882,537
1883,54
1884,105
1885,308
1886,296
1887,203
1888,130
1889,102
1890,538
1891,219
1892,492
1893,186
1894,8
1895,28
1896,392
1897,190
1898,539
1899,210
1900,67
1901,144
1902,420
1903,139
1904,540
1905,470
1906,320
1907,105
1908,515
1909,72
1910,334
1911,202
1912,124
1913,541
1914,540
1915,252
1916,259
1917,209
1918,115
1919,66
1920,3
1921,101
1922,275
1923,64
1924,328
1925,200
1926,105
1927,153
1928,49
1929,72
1930,155
1931,179
1932,457
1933,2
1934,542
1935,303
1936,201
1937,156
1938,322
1939,57
1940,15
1941,543
1942,15
1943,424
1944,7
1945,143
1946,45
1947,30
1948,203
1949,544
1950,422
1951,193
1952,545
1953,546
1954,496
1955,222
1956,547
1957,329
1958,548
1959,162
1960,162
1961,549
1962,371
1963,52
1964,406
1965,88
1966,248
1967,170
1968,336
1969,69
1970,283
1971,550
1972,551
1973,552
1974,66
1975,105
1976,117
1977,343
1978,553
1979,207
1980,376
1981,143
1982,241
1983,554
1984,362
1985,362
1986,135
1987,421
1988,67
1989,229
1990,504
1991,555
1992,20
1993,229
1994,556
1995,129
1996,557
1997,51
1998,334
1999,79
2000,527
2001,210
2002,165
2003,252
2004,558
2005,424
2006,549
2007,216
2008,229
2009,293
2010,474
2011,280
2012,32
2013,381
2014,138
2015,239
2016,177
2017,559
2018,414
2019,187
2020,8
2021,130
2022,139
2023,263
2024,98
2025,229
2026,560
2027,286
2028,171
2029,561
2030,81
2031,451
2032,303
2033,59
2034,280
2035,542
2036,42
2037,203
2038,383
2039,74
2040,176
2041,413
2042,383
2043,15
2044,134
2045,101
2046,562
2047,32
2048,377
2049,202
2050,318
2051,563
2052,45
2053,22
2054,331
2055,14
2056,564
2057,565
2058,566
2059,278
2060,292
2061,175
2062,290
2063,556
2064,296
2065,300
2066,567
2067,101
2068,212
2069,27
2070,279
2071,271
2072,9
2073,388
2074,61
2075,353
2076,68
2077,255
2078,568
2079,155
2080,324
2081,152
2082,310
2083,329
2084,569
2085,77
2086,40
2087,73
2088,570
2089,511
2090,17
2091,350
2092,457
2093,279
2094,10
2095,115
2096,17
2097,401
2098,274
2099,10
2100,281
2101,371
2102,46
2103,77
2104,255
2105,228
2106,135
2107,218
2108,210
2109,201
2110,99
2111,531
2112,205
2113,143
2114,398
2115,228
2116,217
2117,571
2118,210
2119,45
2120,572
2121,198
2122,220
2123,104
2124,229
2125,573
2126,216
2127,145
2128,568
2129,24
2130,139
2131,74
2132,72
2133,574
2134,209
2135,413
2136,57
2137,117
2138,472
2139,108
2140,371
2141,500
2142,83
2143,222
2144,474
2145,221
2146,287
2147,309
2148,267
2149,473
2150,236
2151,57
2152,10
2153,309
2154,562
2155,575
2156,160
2157,576
2158,89
2159,27
2160,577
2161,74
2162,102
2163,46
2164,578
2165,375
2166,77
2167,111
2168,97
2169,147
2170,414
2171,329
2172,311
2173,392
2174,342
2175,226
2176,319
2177,519
2178,92
2179,315
2180,241
2181,229
2182,560
2183,236
2184,229
2185,143
2186,27
2187,309
2188,405
2189,220
2190,383
2191,208
2192,98
2193,201
2194,192
2195,72
2196,20
2197,472
2198,121
2199,316
2200,318
2201,320
2202,260
2203,112
2204,32
2205,171
2206,196
2207,180
2208,327
2209,326
2210,299
2211,39
2212,220
2213,203
2214,371
2215,121
2216,117
2217,35
2218,116
2219,94
2220,30
2221,8
2222,148
2223,154
2224,476
2225,171
2226,38
2227,72
2228,135
2229,372
2230,290
2231,333
2232,174
2233,284
2234,67
2235,579
2236,156
2237,68
2238,452
2239,179
2240,207
2241,129
2242,168
2243,202
2244,326
2245,139
2246,210
2247,153
2248,139
2249,80
2250,411
2251,188
2252,252
2253,335
2254,123
2255,74
2256,580
2257,225
2258,156
2259,196
2260,70
2261,189
2262,212
2263,460
2264,44
2265,357
2266,581
2267,279
2268,226
2269,582
2270,576
2271,256
2272,576
2273,367
2274,160
2275,117
2276,284
2277,58
2278,86
2279,57
2280,205
2281,400
2282,205
2283,153
2284,97
2285,33
2286,334
2287,392
2288,432
2289,273
2290,152
2291,583
2292,336
2293,30
2294,2
2295,105
2296,256
2297,246
2298,335
2299,129
2300,460
2301,125
2302,584
2303,1
2304,263
2305,176
2306,123
2307,210
2308,309
2309,66
2310,356
2311,212
2312,104
2313,389
2314,242
2315,17
2316,585
2317,123
2318,376
2319,143
2320,193
2321,63
2322,368
2323,354
2324,443
2325,298
2326,70
2327,162
2328,176
2329,497
2330,339
2331,201
2332,262
2333,76
2334,321
2335,98
2336,229
2337,124
2338,1
2339,45
2340,475
2341,309
2342,120
2343,139
2344,98
2345,443
2346,168
2347,61
2348,586
2349,148
2350,390
2351,310
2352,203
2353,334
2354,222
2355,37
2356,32
2357,22
2358,523
2359,92
2360,282
2361,65
2362,252
2363,221
2364,61
2365,264
2366,329
2367,2
2368,287
2369,72
2370,258
2371,433
2372,525
2373,587
2374,588
2375,315
2376,517
2377,44
2378,480
2379,64
2380,194
2381,589
2382,45
2383,62
2384,50
2385,8
2386,422
2387,275
2388,451
2389,68
2390,65
2391,65
2392,77
2393,56
2394,318
2395,186
2396,97
2397,25
2398,254
2399,132
2400,15
2401,367
2402,235
2403,309
2404,500
2405,142
2406,473
2407,51
2408,118
2409,102
2410,186
2411,156
2412,455
2413,12
2414,439
2415,198
2416,499
2417,64
2418,138
2419,590
2420,201
2421,248
2422,50
2423,305
2424,65
2425,202
2426,20
2427,499
2428,18
2429,203
2430,460
2431,222
2432,27
2433,1
2434,448
2435,220
2436,352
2437,223
2438,591
2439,218
2440,531
2441,237
2442,521
2443,502
2444,7
2445,309
2446,293
2447,295
2448,442
2449,424
2450,272
2451,228
2452,73
2453,221
2454,166
2455,20
2456,2
2457,121
2458,73
2459,65
2460,169
2461,231
2462,592
2463,66
2464,593
2465,218
2466,104
2467,320
2468,210
2469,384
2470,318
2471,491
2472,335
2473,186
2474,292
2475,565
2476,490
2477,24
2478,572
2479,256
2480,180
2481,594
2482,499
2483,59
2484,494
2485,110
2486,214
2487,14
2488,143
2489,367
2490,304
2491,135
2492,337
2493,439
2494,160
2495,49
2496,202
2497,341
2498,194
2499,102
2500,256
2501,221
2502,144
2503,229
2504,139
2505,44
2506,203
2507,142
2508,489
2509,113
2510,200
2511,331
2512,280
2513,507
2514,45
2515,45
2516,25
2517,31
2518,422
2519,544
2520,262
2521,256
2522,63
2523,320
2524,277
2525,280
2526,176
2527,78
2528,125
2529,423
2530,352
2531,103
2532,17
2533,62
2534,69
2535,264
2536,210
2537,284
2538,595
2539,148
2540,596
2541,98
2542,58
2543,405
2544,98
2545,309
2546,188
2547,248
2548,285
2549,169
2550,284
2551,77
2552,354
2553,14
2554,1
2555,85
2556,519
2557,210
2558,287
2559,161
2560,6
2561,62
2562,102
2563,116
2564,287
2565,55
2566,62
2567,132
2568,116
2569,105
2570,31
2571,69
2572,24
2573,462
2574,207
2575,113
2576,256
2577,13
2578,597
2579,56
2580,566
2581,39
2582,124
2583,37
2584,571
2585,330
2586,392
2587,14
2588,15
2589,26
2590,520
2591,143
2592,440
2593,462
2594,74
2595,115
2596,135
2597,596
2598,319
2599,343
2600,101
2601,187
2602,39
2603,298
2604,318
2605,115
2606,46
2607,422
2608,216
2609,284
2610,15
2611,320
2612,359
2613,176
2614,598
2615,37
2616,145
2617,592
2618,599
2619,32
2620,494
2621,386
2622,203
2623,57
2624,229
2625,600
2626,601
2627,443
2628,544
2629,155
2630,187
2631,101
2632,215
2633,50
2634,389
2635,256
2636,20
2637,115
2638,602
2639,14
2640,317
2641,298
2642,186
2643,115
2644,267
2645,13
2646,432
2647,161
2648,424
2649,367
2650,367
2651,39
2652,392
2653,407
2654,603
2655,86
2656,470
2657,604
2658,248
2659,318
2660,171
2661,254
2662,287
2663,214
2664,196
2665,17
2666,192
2667,119
2668,387
2669,32
2670,213
2671,341
2672,171
2673,39
2674,112
2675,388
2676,388
2677,130
2678,344
2679,254
2680,65
2681,387
2682,605
2683,69
2684,9
2685,170
2686,320
2687,139
2688,185
2689,296
2690,105
2691,255
2692,606
2693,252
2694,607
2695,472
2696,392
2697,348
2698,273
2699,42
2700,51
2701,49
2702,8
2703,280
2704,115
2705,608
2706,6
2707,186
2708,222
2709,104
2710,105
2711,256
2712,210
2713,115
2714,210
2715,329
2716,228
2717,127
2718,328
2719,317
2720,273
2721,422
2722,344
2723,309
2724,308
2725,438
2726,20
2727,67
2728,318
2729,3
2730,315
2731,365
2732,609
2733,74
2734,201
2735,555
2736,383
2737,65
2738,59
2739,610
2740,231
2741,221
2742,1
2743,47
2744,432
2745,309
2746,607
2747,45
2748,125
2749,202
2750,31
2751,153
2752,611
2753,244
2754,56
2755,359
2756,25
2757,56
2758,45
2759,612
2760,309
2761,65
2762,613
2763,276
2764,558
2765,338
2766,432
2767,218
2768,614
2769,154
2770,167
2771,116
2772,263
2773,121
2774,72
2775,271
2776,317
2777,615
2778,153
2779,272
2780,219
2781,390
2782,37
2783,123
2784,569
2785,147
2786,405
2787,255
2788,108
2789,20
2790,475
2791,275
2792,203
2793,520
2794,152
2795,73
2796,201
2797,148
2798,198
2799,32
2800,50
2801,31
2802,44
2803,325
2804,229
2805,92
2806,50
2807,228
2808,2
2809,70
2810,443
2811,64
2812,392
2813,18
2814,600
2815,55
2816,94
2817,24
2818,116
2819,107
2820,110
2821,616
2822,338
2823,166
2824,354
2825,139
2826,285
2827,152
2828,55
2829,68
2830,45
2831,508
2832,229
2833,434
2834,304
2835,143
2836,67
2837,94
2838,27
2839,15
2840,116
2841,617
2842,231
2843,183
2844,153
2845,89
2846,618
2847,135
2848,310
2849,287
2850,86
2851,9
2852,619
2853,218
2854,175
2855,138
2856,219
2857,620
2858,253
2859,621
2860,44
2861,13
2862,470
2863,167
2864,183
2865,53
2866,77
2867,502
2868,134
2869,149
2870,309
2871,393
2872,201
2873,222
2874,45
2875,210
2876,168
2877,255
2878,202
2879,448
2880,544
2881,284
2882,105
2883,72
2884,229
2885,576
2886,290
2887,264
2888,496
2889,83
2890,622
2891,13
2892,209
2893,443
2894,121
2895,116
2896,188
2897,12
2898,202
2899,26
2900,230
2901,554
2902,477
2903,623
2904,624
2905,148
2906,262
2907,39
2908,218
2909,84
2910,239
2911,399
2912,560
2913,67
2914,219
2915,11
2916,167
2917,33
2918,59
2919,159
2920,625
2921,171
2922,254
2923,626
2924,117
2925,207
2926,483
2927,64
2928,318
2929,465
2930,518
2931,347
2932,219
2933,351
2934,49
2935,19
2936,68
2937,152
2938,115
2939,370
2940,245
2941,341
2942,32
2943,201
2944,627
2945,74
2946,599
2947,594
2948,121
2949,129
2950,460
2951,474
2952,18
2953,253
2954,418
2955,186
2956,147
2957,75
2958,68
2959,44
2960,158
2961,272
2962,171
2963,395
2964,23
2965,66
2966,628
2967,432
2968,62
2969,171
2970,68
2971,382
2972,156
2973,170
2974,285
2975,371
2976,252
2977,338
2978,97
2979,117
2980,305
2981,250
2982,245
2983,58
2984,58
2985,77
2986,15
2987,263
2988,125
2989,315
2990,280
2991,629
2992,72
2993,117
2994,327
2995,476
2996,59
2997,630
2998,390
2999,167
3000,55
3001,414
3002,287
3003,226
3004,210
3005,229
3006,47
3007,45
3008,44
3009,15
3010,617
3011,6
3012,631
3013,54
3014,156
3015,54
3016,227
3017,31
3018,59
3019,405
3020,264
3021,115
3022,632
3023,633
3024,634
3025,200
3026,56
3027,447
3028,122
3029,428
3030,84
3031,359
3032,635
3033,110
3034,518
3035,92
3036,69
3037,130
3038,278
3039,186
3040,1
3041,57
3042,273
3043,13
3044,139
3045,384
3046,210
3047,113
3048,516
3049,248
3050,347
3051,463
3052,627
3053,49
3054,120
3055,345
3056,198
3057,424
3058,636
3059,425
3060,391
3061,414
3062,8
3063,267
3064,45
3065,72
3066,571
3067,110
3068,222
3069,210
3070,77
3071,229
3072,472
3073,115
3074,171
3075,222
3076,237
3077,541
3078,391
3079,139
3080,68
3081,123
3082,13
3083,111
3084,391
3085,443
3086,150
3087,5
3088,362
3089,169
3090,12
3091,15
3092,41
3093,524
3094,73
3095,494
3096,292
3097,276
3098,194
3099,248
3100,326
3101,67
3102,45
3103,498
3104,176
3105,45
3106,104
3107,203
3108,248
3109,3
3110,55
3111,363
3112,320
3113,39
3114,176
3115,201
3116,72
3117,471
3118,115
3119,272
3120,496
3121,223
3122,167
3123,86
3124,98
3125,452
3126,115
3127,309
3128,597
3129,15
3130,568
3131,610
3132,407
3133,349
3134,102
3135,637
3136,24
3137,252
3138,311
3139,20
3140,612
3141,175
3142,326
3143,74
3144,56
3145,12
3146,638
3147,169
3148,334
3149,544
3150,639
3151,81
3152,115
3153,640
3154,176
3155,210
3156,414
3157,617
3158,153
3159,474
3160,585
3161,129
3162,200
3163,239
3164,170
3165,371
3166,37
3167,641
3168,298
3169,222
3170,201
3171,123
3172,15
3173,15
3174,284
3175,562
3176,73
3177,216
3178,372
3179,115
3180,198
3181,216
3182,263
3183,273
3184,14
3185,97
3186,115
3187,156
3188,443
3189,391
3190,524
3191,221
3192,207
3193,41
3194,329
3195,77
3196,642
3197,287
3198,65
3199,222
3200,393
3201,218
3202,420
3203,298
3204,102
3205,390
3206,130
3207,65
3208,332
3209,175
3210,106
3211,72
3212,15
3213,148
3214,78
3215,298
3216,154
3217,134
3218,68
3219,123
3220,181
3221,607
3222,278
3223,572
3224,143
3225,125
3226,262
3227,643
3228,644
3229,645
3230,324
3231,169
3232,538
3233,508
3234,453
3235,263
3236,596
3237,207
3238,252
3239,8
3240,148
3241,229
3242,39
3243,141
3244,105
3245,293
3246,405
3247,42
3248,186
3249,296
3250,334
3251,216
3252,48
3253,86
3254,54
3255,263
3256,148
3257,229
3258,67
3259,646
3260,531
3261,611
3262,414
3263,200
3264,105
3265,13
3266,117
3267,31
3268,112
3269,161
3270,273
3271,44
3272,324
3273,165
3274,320
3275,116
3276,508
3277,4
3278,256
3279,367
3280,284
3281,47
3282,57
3283,367
3284,284
3285,221
3286,647
3287,592
3288,507
3289,570
3290,2
3291,615
3292,474
3293,4
3294,648
3295,123
3296,110
3297,605
3298,649
3299,602
3300,620
3301,187
3302,28
3303,333
3304,246
3305,452
3306,628
3307,31
3308,67
3309,431
3310,421
3311,328
3312,650
3313,651
3314,113
3315,147
3316,111
3317,366
3318,358
3319,7
3320,392
3321,162
3322,473
3323,44
3324,17
3325,169
3326,407
3327,219
3328,315
3329,57
3330,121
3331,547
3332,24
3333,463
3334,652
3335,343
3336,320
3337,381
3338,105
3339,105
3340,17
3341,63
3342,56
3343,31
3344,574
3345,42
3346,65
3347,115
3348,62
3349,653
3350,117
3351,372
3352,73
3353,72
3354,39
3355,298
3356,40
3357,654
3358,409
3359,365
3360,645
3361,437
3362,314
3363,389
3364,256
3365,371
3366,200
3367,148
3368,527
3369,218
3370,203
3371,72
3372,193
3373,222
3374,105
3375,221
3376,74
3377,224
3378,194
3379,531
3380,246
3381,260
3382,345
3383,97
3384,335
3385,655
3386,116
3387,375
3388,12
3389,130
3390,169
3391,194
3392,98
3393,186
3394,158
3395,258
3396,12
3397,464
3398,309
3399,574
3400,194
3401,72
3402,284
3403,229
3404,269
3405,224
3406,226
3407,656
3408,144
3409,422
3410,475
3411,258
3412,8
3413,264
3414,23
3415,309
3416,72
3417,124
3418,498
3419,315
3420,180
3421,197
3422,31
3423,528
3424,144
3425,361
3426,376
3427,657
3428,272
3429,153
3430,210
3431,67
3432,264
3433,344
3434,484
3435,72
3436,73
3437,229
3438,17
3439,497
3440,40
3441,26
3442,653
3443,148
3444,31
3445,181
3446,39
3447,62
3448,241
3449,658
3450,449
3451,17
3452,143
3453,7
3454,418
3455,9
3456,219
3457,44
3458,406
3459,42
3460,464
3461,153
3462,386
3463,97
3464,2
3465,168
3466,659
3467,324
3468,186
3469,26
3470,284
3471,595
3472,376
3473,216
3474,117
3475,102
3476,521
3477,52
3478,317
3479,371
3480,361
3481,5
3482,219
3483,272
3484,660
3485,45
3486,32
3487,661
3488,7
3489,475
3490,632
3491,98
3492,662
3493,610
3494,542
3495,216
3496,517
3497,365
3498,62
3499,72
3500,660
3501,18
3502,186
3503,643
3504,315
3505,246
3506,200
3507,17
3508,218
3509,199
3510,2
3511,112
3512,438
3513,226
3514,63
3515,295
3516,424
3517,12
3518,17
3519,328
3520,167
3521,643
3522,80
3523,56
3524,27
3525,600
3526,147
3527,175
3528,74
3529,229
3530,391
3531,663
3532,53
3533,153
3534,646
3535,18
3536,515
3537,282
3538,8
3539,116
3540,98
3541,422
3542,123
3543,462
3544,244
3545,77
3546,586
3547,28
3548,150
3549,20
3550,540
3551,471
3552,17
3553,20
3554,590
3555,522
3556,496
3557,42
3558,591
3559,422
3560,68
3561,420
3562,334
3563,133
3564,664
3565,508
3566,415
3567,55
3568,122
3569,111
3570,655
3571,15
3572,457
3573,273
3574,39
3575,42
3576,146
3577,552
3578,47
3579,203
3580,253
3581,17
3582,467
3583,280
3584,372
3585,421
3586,253
3587,37
3588,26
3589,497
3590,256
3591,280
3592,210
3593,121
3594,273
3595,496
3596,653
3597,218
3598,67
3599,43
3600,156
3601,67
3602,57
3603,437
3604,637
3605,228
3606,71
3607,17
3608,653
3609,92
3610,453
3611,54
3612,156
3613,209
3614,83
3615,438
3616,549
3617,274
3618,39
3619,665
3620,72
3621,226
3622,519
3623,168
3624,271
3625,250
3626,15
3627,12
3628,57
3629,666
3630,73
3631,134
3632,384
3633,276
3634,264
3635,45
3636,20
3637,62
3638,221
3639,613
3640,592
3641,275
3642,127
3643,26
3644,469
3645,629
3646,264
3647,667
3648,72
3649,152
3650,336
3651,102
3652,142
3653,415
3654,167
3655,272
3656,320
3657,600
3658,57
3659,170
3660,92
3661,13
3662,67
3663,329
3664,313
3665,201
3666,443
3667,368
3668,186
3669,98
3670,290
3671,555
3672,668
3673,653
3674,388
3675,10
3676,62
3677,349
3678,216
3679,186
3680,452
3681,229
3682,57
3683,550
3684,159
3685,540
3686,45
3687,57
3688,579
3689,68
3690,350
3691,460
3692,209
3693,121
3694,139
3695,212
3696,176
3697,298
3698,256
3699,256
3700,229
3701,92
3702,443
3703,33
3704,175
3705,443
3706,466
3707,228
3708,391
3709,73
3710,72
3711,129
3712,637
3713,259
3714,45
3715,216
3716,102
3717,669
3718,86
3719,432
3720,443
3721,170
3722,365
3723,437
3724,185
3725,24
3726,167
3727,338
3728,216
3729,26
3730,280
3731,196
3732,120
3733,216
3734,61
3735,670
3736,365
3737,186
3738,67
3739,574
3740,186
3741,229
3742,64
3743,45
3744,139
3745,138
3746,162
3747,110
3748,135
3749,14
3750,230
3751,67
3752,56
3753,405
3754,242
3755,195
3756,391
3757,424
3758,229
3759,218
3760,59
3761,147
3762,275
3763,18
3764,210
3765,18
3766,289
3767,125
3768,105
3769,121
3770,57
3771,26
3772,267
3773,216
3774,39
3775,515
3776,170
3777,300
3778,69
3779,42
3780,238
3781,102
3782,66
3783,71
3784,216
3785,455
3786,161
3787,134
3788,576
3789,338
3790,162
3791,210
3792,188
3793,62
3794,192
3795,23
3796,142
3797,4
3798,20
3799,338
3800,248
3801,198
3802,105
3803,671
3804,486
3805,339
3806,143
3807,96
3808,216
3809,72
3810,278
3811,530
3812,38
3813,248
3814,216
3815,17
3816,117
3817,169
3818,279
3819,346
3820,143
3821,421
3822,55
3823,362
3824,13
3825,113
3826,148
3827,42
3828,271
3829,15
3830,514
3831,136
3832,287
3833,219
3834,414
3835,643
3836,59
3837,238
3838,672
3839,126
3840,417
3841,210
3842,405
3843,673
3844,162
3845,175
3846,162
3847,4
3848,102
3849,231
3850,143
3851,524
3852,69
3853,626
3854,32
3855,674
3856,31
3857,575
3858,57
3859,287
3860,248
3861,359
3862,26
3863,151
3864,218
3865,421
3866,210
3867,203
3868,176
3869,519
3870,316
3871,485
3872,249
3873,188
3874,226
3875,271
3876,77
3877,32
3878,72
3879,210
3880,272
3881,8
3882,17
3883,47
3884,229
3885,492
3886,6
3887,675
3888,26
3889,210
3890,390
3891,300
3892,464
3893,39
3894,94
3895,496
3896,249
3897,194
3898,148
3899,191
3900,491
3901,110
3902,149
3903,371
3904,354
3905,298
3906,516
3907,88
3908,232
3909,168
3910,359
3911,651
3912,15
3913,112
3914,508
3915,225
3916,218
3917,255
3918,171
3919,37
3920,219
3921,116
3922,39
3923,203
3924,175
3925,676
3926,315
3927,405
3928,406
3929,101
3930,471
3931,677
3932,258
3933,389
3934,186
3935,372
3936,611
3937,309
3938,642
3939,22
3940,48
3941,3
3942,326
3943,161
3944,1
3945,210
3946,44
3947,248
3948,235
3949,512
3950,296
3951,20
3952,329
3953,98
3954,144
3955,318
3956,212
3957,471
3958,44
3959,390
3960,31
3961,123
3962,384
3963,55
3964,209
3965,226
3966,18
3967,97
3968,443
3969,121
3970,92
3971,422
3972,152
3973,65
3974,452
3975,31
3976,13
3977,226
3978,504
3979,32
3980,268
3981,21
3982,46
3983,304
3984,286
3985,57
3986,539
3987,646
3988,33
3989,216
3990,92
3991,31
3992,432
3993,168
3994,175
3995,229
3996,256
3997,5
3998,392
3999,237
4000,167
4001,381
4002,285
4003,678
4004,161
4005,74
4006,679
4007,134
4008,142
4009,121
4010,229
4011,20
4012,220
4013,680
4014,435
4015,495
4016,180
4017,109
4018,264
4019,216
4020,186
4021,188
4022,6
4023,273
4024,632
4025,148
4026,534
4027,25
4028,681
4029,242
4030,210
4031,63
4032,248
4033,201
4034,24
4035,66
4036,356
4037,39
4038,338
4039,15
4040,483
4041,571
4042,139
4043,6
4044,682
4045,208
4046,286
4047,138
4048,395
4049,478
4050,244
4051,25
4052,209
4053,365
4054,13
4055,192
4056,683
4057,229
4058,313
4059,684
4060,117
4061,194
4062,596
4063,110
4064,208
4065,221
4066,45
4067,32
4068,404
4069,518
4070,30
4071,134
4072,72
4073,346
4074,472
4075,362
4076,41
4077,32
4078,121
4079,312
4080,685
4081,351
4082,69
4083,61
4084,496
4085,56
4086,45
4087,328
4088,424
4089,104
4090,73
4091,72
4092,577
4093,248
4094,331
4095,117
4096,554
4097,392
4098,31
4099,533
4100,192
4101,417
4102,117
4103,57
4104,203
4105,389
4106,686
4107,566
4108,214
4109,192
4110,262
4111,110
4112,375
4113,362
4114,210
4115,552
4116,679
4117,58
4118,46
4119,160
4120,301
4121,523
4122,549
4123,528
4124,31
4125,276
4126,139
4127,148
4128,138
4129,216
4130,91
4131,259
4132,389
4133,17
4134,105
4135,338
4136,139
4137,445
4138,20
4139,582
4140,168
4141,188
4142,191
4143,268
4144,247
4145,641
4146,687
4147,349
4148,21
4149,338
4150,226
4151,156
4152,139
4153,138
4154,287
4155,53
4156,284
4157,122
4158,242
4159,388
4160,621
4161,98
4162,180
4163,77
4164,367
4165,39
4166,134
4167,386
4168,125
4169,77
4170,39
4171,54
4172,315
4173,116
4174,128
4175,545
4176,503
4177,62
4178,338
4179,628
4180,600
4181,248
4182,219
4183,135
4184,229
4185,596
4186,13
4187,92
4188,306
4189,287
4190,204
4191,390
4192,324
4193,188
4194,315
4195,269
4196,90
4197,47
4198,646
4199,168
4200,443
4201,185
4202,218
4203,326
4204,595
4205,196
4206,212
4207,222
4208,122
4209,221
4210,121
4211,152
4212,220
4213,280
4214,13
4215,640
4216,15
4217,22
4218,219
4219,72
4220,42
4221,65
4222,117
4223,64
4224,203
4225,160
4226,535
4227,15
4228,67
4229,3
4230,294
4231,134
4232,465
4233,64
4234,180
4235,315
4236,98
4237,376
4238,216
4239,191
4240,477
4241,229
4242,8
4243,210
4244,256
4245,15
4246,215
4247,15
4248,181
4249,470
4250,621
4251,6
4252,315
4253,130
4254,186
4255,77
4256,611
4257,183
4258,245
4259,258
4260,518
4261,486
4262,86
4263,121
4264,296
4265,203
4266,426
4267,176
4268,116
4269,383
4270,123
4271,443
4272,187
4273,352
4274,376
4275,410
4276,688
4277,420
4278,548
4279,309
4280,414
4281,4
4282,248
4283,144
4284,25
4285,59
4286,117
4287,15
4288,216
4289,6
4290,15
4291,309
4292,258
4293,162
4294,241
4295,603
4296,56
4297,305
4298,258
4299,540
4300,77
4301,287
4302,218
4303,45
4304,72
4305,210
4306,27
4307,201
4308,352
4309,335
4310,41
4311,129
4312,17
4313,115
4314,74
4315,155
4316,262
4317,79
4318,45
4319,421
4320,222
4321,111
4322,226
4323,18
4324,115
4325,15
4326,40
4327,194
4328,256
4329,142
4330,212
4331,588
4332,248
4333,278
4334,79
4335,24
4336,499
4337,124
4338,218
4339,20
4340,77
4341,202
4342,363
4343,231
4344,45
4345,414
4346,285
4347,285
4348,545
4349,98
4350,438
4351,544
4352,139
4353,46
4354,309
4355,218
4356,97
4357,45
4358,17
4359,689
4360,15
4361,110
4362,72
4363,105
4364,67
4365,108
4366,394
4367,117
4368,191
4369,272
4370,464
4371,338
4372,388
4373,276
4374,83
4375,49
4376,216
4377,198
4378,59
4379,296
4380,12
4381,97
4382,115
4383,10
4384,219
4385,42
4386,60
4387,275
4388,278
4389,690
4390,83
4391,245
4392,42
4393,148
4394,186
4395,376
4396,59
4397,586
4398,115
4399,13
4400,496
4401,405
4402,167
4403,125
4404,324
4405,4
4406,691
4407,437
4408,362
4409,460
4410,405
4411,167
4412,17
4413,382
4414,668
4415,272
4416,692
4417,65
4418,32
4419,286
4420,516
4421,105
4422,104
4423,215
4424,201
4425,305
4426,97
4427,113
4428,515
4429,263
4430,182
4431,200
4432,156
4433,112
4434,238
4435,392
4436,210
4437,278
4438,72
4439,595
4440,541
4441,67
4442,106
4443,585
4444,139
4445,73
4446,182
4447,263
4448,693
4449,54
4450,147
4451,210
4452,123
4453,194
4454,122
4455,694
4456,593
4457,45
4458,286
4459,46
4460,236
4461,384
4462,17
4463,328
4464,125
4465,628
4466,218
4467,32
4468,248
4469,565
4470,45
4471,315
4472,31
4473,115
4474,111
4475,285
4476,644
4477,388
4478,286
4479,561
4480,695
4481,218
4482,406
4483,145
4484,162
4485,339
4486,230
4487,696
4488,687
4489,349
4490,121
4491,20
4492,17
4493,12
4494,113
4495,37
4496,346
4497,38
4498,697
4499,315
4500,72
4501,162
4502,124
4503,192
4504,145
4505,561
4506,475
4507,17
4508,423
4509,309
4510,72
4511,49
4512,498
4513,59
4514,535
4515,55
4516,314
4517,244
4518,85
4519,276
4520,297
4521,405
4522,272
4523,219
4524,443
4525,202
4526,269
4527,267
4528,303
4529,102
4530,698
4531,154
4532,90
4533,24
4534,191
4535,185
4536,98
4537,284
4538,272
4539,121
4540,676
4541,415
4542,371
4543,45
4544,125
4545,333
4546,27
4547,256
4548,496
4549,318
4550,414
4551,98
4552,44
4553,61
4554,62
4555,18
4556,549
4557,208
4558,252
4559,98
4560,232
4561,210
4562,116
4563,53
4564,111
4565,431
4566,258
4567,382
4568,45
4569,20
4570,168
4571,699
4572,56
4573,303
4574,628
4575,104
4576,191
4577,18
4578,130
4579,665
4580,252
4581,700
4582,72
4583,284
4584,286
4585,45
4586,58
4587,603
4588,386
4589,161
4590,17
4591,344
4592,324
4593,304
4594,31
4595,517
4596,15
4597,104
4598,701
4599,228
4600,669
4601,244
4602,67
4603,702
4604,666
4605,658
4606,53
4607,703
4608,25
4609,704
4610,57
4611,672
4612,221
4613,641
4614,336
4615,705
4616,543
4617,229
4618,525
4619,192
4620,238
4621,32
4622,210
4623,72
4624,303
4625,57
4626,286
4627,576
4628,576
4629,128
4630,294
4631,175
4632,74
4633,186
4634,37
4635,55
4636,92
4637,31
4638,207
4639,62
4640,123
4641,139
4642,214
4643,388
4644,72
4645,169
4646,148
4647,706
4648,30
4649,38
4650,8
4651,63
4652,377
4653,121
4654,292
4655,383
4656,291
4657,599
4658,368
4659,417
4660,207
4661,287
4662,707
4663,349
4664,188
4665,135
4666,226
4667,49
4668,452
4669,525
4670,303
4671,8
4672,284
4673,401
4674,189
4675,296
4676,125
4677,390
4678,708
4679,602
4680,82
4681,292
4682,582
4683,214
4684,296
4685,504
4686,115
4687,290
4688,317
4689,405
4690,39
4691,276
4692,64
4693,666
4694,210
4695,573
4696,13
4697,12
4698,283
4699,15
4700,17
4701,117
4702,39
4703,88
4704,6
4705,465
4706,709
4707,210
4708,226
4709,638
4710,194
4711,345
4712,572
4713,544
4714,216
4715,388
4716,710
4717,186
4718,96
4719,309
4720,219
4721,271
4722,498
4723,547
4724,475
4725,711
4726,31
4727,424
4728,45
4729,305
4730,162
4731,115
4732,25
4733,65
4734,453
4735,516
4736,62
4737,65
4738,162
4739,543
4740,623
4741,309
4742,415
4743,500
4744,397
4745,115
4746,39
4747,359
4748,547
4749,579
4750,59
4751,278
4752,712
4753,53
4754,679
4755,15
4756,328
4757,210
4758,440
4759,125
4760,508
4761,66
4762,98
4763,65
4764,162
4765,242
4766,72
4767,147
4768,142
4769,641
4770,162
4771,104
4772,214
4773,212
4774,263
4775,162
4776,219
4777,216
4778,549
4779,110
4780,17
4781,191
4782,198
4783,229
4784,216
4785,3
4786,139
4787,65
4788,216
4789,17
4790,287
4791,713
4792,26
4793,279
4794,274
4795,97
4796,191
4797,200
4798,523
4799,224
4800,6
4801,110
4802,272
4803,543
4804,333
4805,189
4806,306
4807,244
4808,338
4809,397
4810,714
4811,461
4812,79
4813,210
4814,145
4815,715
4816,238
4817,456
4818,156
4819,506
4820,328
4821,121
4822,57
4823,24
4824,116
4825,63
4826,407
4827,122
4828,463
4829,448
4830,491
4831,65
4832,135
4833,33
4834,124
4835,66
4836,37
4837,123
4838,275
4839,193
4840,716
4841,275
4842,296
4843,609
4844,57
4845,280
4846,153
4847,45
4848,72
4849,284
4850,551
4851,326
4852,77
4853,63
4854,19
4855,509
4856,169
4857,650
4858,254
4859,209
4860,388
4861,105
4862,74
4863,33
4864,326
4865,152
4866,105
4867,229
4868,115
4869,72
4870,216
4871,213
4872,299
4873,663
4874,192
4875,136
4876,293
4877,446
4878,248
4879,334
4880,335
4881,269
4882,31
4883,17
4884,259
4885,135
4886,202
4887,121
4888,299
4889,175
4890,182
4891,168
4892,44
4893,229
4894,309
4895,516
4896,171
4897,57
4898,32
4899,313
4900,600
4901,185
4902,326
4903,610
4904,602
4905,356
4906,219
4907,391
4908,55
4909,717
4910,718
4911,389
4912,222
4913,538
4914,1
4915,719
4916,336
4917,691
4918,496
4919,289
4920,390
4921,104
4922,91
4923,174
4924,126
4925,263
4926,720
4927,407
4928,721
4929,225
4930,221
4931,105
4932,417
4933,491
4934,518
4935,105
4936,311
4937,219
4938,391
4939,326
4940,144
4941,280
4942,61
4943,26
4944,148
4945,496
4946,20
4947,363
4948,121
4949,11
4950,590
4951,46
4952,216
4953,233
4954,29
4955,158
4956,55
4957,688
4958,221
4959,225
4960,722
4961,697
4962,614
4963,704
4964,73
4965,606
4966,188
4967,334
4968,8
4969,484
4970,562
4971,62
4972,298
4973,263
4974,236
4975,371
4976,263
4977,153
4978,69
4979,7
4980,600
4981,335
4982,508
4983,123
4984,272
4985,55
4986,259
4987,6
4988,227
4989,216
4990,98
4991,254
4992,97
4993,723
4994,724
4995,112
4996,540
4997,262
4998,338
4999,193
5000,703
5001,121
5002,475
5003,372
5004,439
5005,297
5006,201
5007,62
5008,273
5009,56
5010,118
5011,464
5012,481
5013,318
5014,240
5015,527
5016,143
5017,307
5018,20
5019,278
5020,280
5021,365
5022,423
5023,336
5024,17
5025,153
5026,637
5027,176
5028,55
5029,381
5030,53
5031,69
5032,103
5033,248
5034,86
5035,139
5036,309
5037,258
5038,395
5039,571
5040,504
5041,381
5042,242
5043,242
5044,464
5045,2
5046,725
5047,186
5048,153
5049,31
5050,720
5051,544
5052,584
5053,256
5054,104
5055,263
5056,66
5057,30
5058,465
5059,176
5060,193
5061,215
5062,318
5063,443
5064,687
5065,688
5066,222
5067,208
5068,62
5069,32
5070,63
5071,325
5072,203
5073,318
5074,210
5075,303
5076,497
5077,20
5078,203
5079,376
5080,216
5081,148
5082,210
5083,158
5084,181
5085,246
5086,15
5087,39
5088,25
5089,46
5090,167
5091,287
5092,280
5093,361
5094,655
5095,424
5096,210
5097,186
5098,197
5099,248
5100,314
5101,276
5102,148
5103,276
5104,421
5105,320
5106,273
5107,246
5108,57
5109,136
5110,219
5111,212
5112,223
5113,726
5114,72
5115,198
5116,464
5117,32
5118,255
5119,267
5120,727
5121,72
5122,602
5123,110
5124,68
5125,216
5126,98
5127,121
5128,210
5129,246
5130,132
5131,317
5132,432
5133,275
5134,7
5135,12
5136,31
5137,728
5138,269
5139,252
5140,703
5141,511
5142,604
5143,165
5144,194
5145,229
5146,465
5147,159
5148,25
5149,190
5150,48
5151,116
5152,252
5153,134
5154,322
5155,518
5156,309
5157,293
5158,240
5159,678
5160,729
5161,492
5162,218
5163,216
5164,527
5165,476
5166,57
5167,147
5168,39
5169,284
5170,210
5171,148
5172,115
5173,186
5174,359
5175,730
5176,117
5177,553
5178,329
5179,259
5180,15
5181,50
5182,57
5183,39
5184,286
5185,72
5186,405
5187,331
5188,162
5189,511
5190,72
5191,110
5192,300
5193,248
5194,97
5195,221
5196,25
5197,62
5198,498
5199,339
5200,17
5201,522
5202,92
5203,176
5204,731
5205,54
5206,365
5207,143
5208,732
5209,191
5210,54
5211,70
5212,105
5213,139
5214,59
5215,254
5216,72
5217,496
5218,115
5219,169
5220,57
5221,262
5222,216
5223,258
5224,318
5225,121
5226,322
5227,70
5228,45
5229,579
5230,497
5231,271
5232,68
5233,354
5234,314
5235,31
5236,418
5237,105
5238,171
5239,733
5240,214
5241,259
5242,105
5243,18
5244,227
5245,144
5246,72
5247,120
5248,285
5249,118
5250,72
5251,260
5252,166
5253,415
5254,37
5255,464
5256,637
5257,105
5258,338
5259,72
5260,19
5261,272
5262,293
5263,285
5264,310
5265,204
5266,443
5267,651
5268,386
5269,176
5270,306
5271,474
5272,134
5273,223
5274,298
5275,477
5276,210
5277,45
5278,25
5279,287
5280,734
5281,310
5282,309
5283,121
5284,405
5285,386
5286,17
5287,88
5288,24
5289,258
5290,92
5291,273
5292,336
5293,4
5294,73
5295,256
5296,389
5297,220
5298,135
5299,201
5300,22
5301,544
5302,188
5303,20
5304,90
5305,121
5306,45
5307,384
5308,62
5309,371
5310,263
5311,163
5312,143
5313,687
5314,471
5315,254
5316,177
5317,116
5318,110
5319,382
5320,599
5321,162
5322,367
5323,595
5324,17
5325,329
5326,175
5327,735
5328,86
5329,203
5330,304
5331,15
5332,471
5333,26
5334,455
5335,62
5336,390
5337,341
5338,229
5339,186
5340,58
5341,72
5342,64
5343,219
5344,57
5345,125
5346,121
5347,208
5348,77
5349,207
5350,15
5351,252
5352,372
5353,23
5354,320
5355,521
5356,44
5357,52
5358,139
5359,62
5360,736
5361,320
5362,496
5363,472
5364,62
5365,129
5366,26
5367,21
5368,25
5369,344
5370,125
5371,498
5372,162
5373,737
5374,6
5375,295
5376,12
5377,90
5378,334
5379,171
5380,147
5381,167
5382,354
5383,48
5384,210
5385,384
5386,176
5387,10
5388,340
5389,8
5390,113
5391,209
5392,229
5393,111
5394,216
5395,452
5396,388
5397,620
5398,181
5399,433
5400,31
5401,279
5402,170
5403,186
5404,134
5405,65
5406,491
5407,333
5408,390
5409,69
5410,65
5411,615
5412,228
5413,522
5414,339
5415,254
5416,148
5417,116
5418,6
5419,108
5420,222
5421,72
5422,284
5423,711
5424,318
5425,259
5426,407
5427,287
5428,68
5429,72
5430,388
5431,130
5432,284
5433,229
5434,405
5435,167
5436,389
5437,45
5438,229
5439,229
5440,57
5441,26
5442,191
5443,63
5444,77
5445,291
5446,376
5447,65
5448,115
5449,331
5450,165
5451,222
5452,195
5453,61
5454,216
5455,27
5456,69
5457,443
5458,331
5459,151
5460,155
5461,447
5462,229
5463,62
5464,98
5465,453
5466,619
5467,66
5468,279
5469,170
5470,397
5471,97
5472,162
5473,229
5474,222
5475,162
5476,72
5477,310
5478,65
5479,166
5480,151
5481,54
5482,391
5483,298
5484,303
5485,496
5486,517
5487,20
5488,583
5489,470
5490,57
5491,6
5492,13
5493,9
5494,102
5495,662
5496,111
5497,88
5498,275
5499,609
5500,183
5501,258
5502,384
5503,13
5504,74
5505,405
5506,57
5507,738
5508,125
5509,451
5510,129
5511,31
5512,116
5513,255
5514,217
5515,252
5516,418
5517,70
5518,67
5519,166
5520,31
5521,238
5522,61
5523,105
5524,520
5525,105
5526,222
5527,149
5528,256
5529,268
5530,721
5531,162
5532,456
5533,252
5534,31
5535,48
5536,188
5537,491
5538,278
5539,295
5540,109
5541,167
5542,221
5543,32
5544,69
5545,533
5546,169
5547,517
5548,72
5549,50
5550,261
5551,159
5552,17
5553,23
5554,739
5555,740
5556,175
5557,65
5558,56
5559,212
5560,92
5561,161
5562,77
5563,318
5564,314
5565,188
5566,176
5567,200
5568,155
5569,309
5570,59
5571,62
5572,67
5573,32
5574,464
5575,122
5576,438
5577,542
5578,662
5579,318
5580,73
5581,31
5582,741
5583,363
5584,116
5585,314
5586,148
5587,64
5588,256
5589,229
5590,57
5591,81
5592,537
5593,139
5594,88
5595,427
5596,235
5597,167
5598,117
5599,31
5600,242
5601,434
5602,153
5603,205
5604,182
5605,186
5606,39
5607,74
5608,315
5609,295
5610,191
5611,73
5612,15
5613,229
5614,48
5615,46
5616,78
5617,187
5618,407
5619,90
5620,653
5621,285
5622,108
5623,198
5624,239
5625,116
5626,568
5627,221
5628,644
5629,33
5630,199
5631,200
5632,125
5633,309
5634,287
5635,236
5636,143
5637,17
5638,203
5639,68
5640,65
5641,414
5642,113
5643,553
5644,291
5645,167
5646,180
5647,414
5648,240
5649,365
5650,742
5651,318
5652,156
5653,571
5654,320
5655,17
5656,314
5657,417
5658,466
5659,532
5660,63
5661,375
5662,1
5663,187
5664,298
5665,314
5666,1
5667,110
5668,210
5669,67
5670,292
5671,425
5672,68
5673,63
5674,110
5675,280
5676,323
5677,203
5678,743
5679,188
5680,168
5681,105
5682,53
5683,744
5684,254
5685,336
5686,545
5687,282
5688,222
5689,15
5690,68
5691,214
5692,92
5693,24
5694,213
5695,215
5696,384
5697,505
5698,74
5699,573
5700,229
5701,309
5702,214
5703,116
5704,316
5705,331
5706,258
5707,171
5708,535
5709,395
5710,470
5711,121
5712,148
5713,105
5714,745
5715,685
5716,67
5717,746
5718,600
5719,175
5720,161
5721,662
5722,248
5723,216
5724,162
5725,484
5726,405
5727,227
5728,24
5729,465
5730,31
5731,125
5732,671
5733,252
5734,550
5735,168
5736,12
5737,110
5738,98
5739,201
5740,242
5741,44
5742,309
5743,111
5744,322
5745,361
5746,252
5747,115
5748,479
5749,144
5750,205
5751,269
5752,511
5753,175
5754,139
5755,97
5756,515
5757,371
5758,349
5759,76
5760,20
5761,461
5762,437
5763,255
5764,407
5765,248
5766,310
5767,732
5768,98
5769,369
5770,46
5771,148
5772,268
5773,309
5774,123
5775,255
5776,73
5777,176
5778,367
5779,53
5780,44
5781,297
5782,127
5783,263
5784,212
5785,415
5786,186
5787,384
5788,321
5789,39
5790,194
5791,123
5792,216
5793,229
5794,221
5795,188
5796,392
5797,258
5798,433
5799,229
5800,216
5801,643
5802,65
5803,46
5804,210
5805,105
5806,205
5807,62
5808,6
5809,314
5810,112
5811,74
5812,83
5813,295
5814,326
5815,146
5816,1
5817,494
5818,248
5819,39
5820,122
5821,388
5822,57
5823,262
5824,133
5825,18
5826,105
5827,373
5828,443
5829,30
5830,94
5831,125
5832,143
5833,110
5834,322
5835,154
5836,267
5837,368
5838,121
5839,365
5840,177
5841,46
5842,658
5843,115
5844,162
5845,284
5846,344
5847,104
5848,39
5849,218
5850,467
5851,373
5852,392
5853,17
5854,365
5855,747
5856,496
5857,314
5858,148
5859,260
5860,105
5861,62
5862,91
5863,377
5864,32
5865,252
5866,59
5867,311
5868,255
5869,422
5870,632
5871,480
5872,69
5873,177
5874,500
5875,167
5876,405
5877,73
5878,117
5879,216
5880,391
5881,153
5882,525
5883,36
5884,212
5885,62
5886,470
5887,109
5888,421
5889,162
5890,522
5891,27
5892,49
5893,420
5894,621
5895,140
5896,122
5897,216
5898,97
5899,105
5900,315
5901,394
5902,449
5903,389
5904,218
5905,89
5906,619
5907,55
5908,280
5909,713
5910,330
5911,109
5912,73
5913,65
5914,314
5915,45
5916,12
5917,287
5918,694
5919,248
5920,33
5921,156
5922,273
5923,295
5924,117
5925,59
5926,45
5927,161
5928,208
5929,216
5930,477
5931,105
5932,169
5933,227
5934,117
5935,338
5936,436
5937,171
5938,39
5939,566
5940,95
5941,280
5942,311
5943,520
5944,362
5945,153
5946,209
5947,371
5948,473
5949,192
5950,27
5951,145
5952,252
5953,324
5954,117
5955,200
5956,69
5957,259
5958,191
5959,521
5960,419
5961,115
5962,545
5963,239
5964,162
5965,201
5966,73
5967,229
5968,104
5969,73
5970,246
5971,252
5972,70
5973,329
5974,231
5975,15
5976,366
5977,252
5978,65
5979,475
5980,573
5981,365
5982,273
5983,554
5984,519
5985,175
5986,226
5987,175
5988,748
5989,236
5990,69
5991,615
5992,740
5993,263
5994,262
5995,167
5996,26
5997,304
5998,129
5999,492
6000,293
6001,371
6002,156
6003,301
6004,267
6005,518
6006,69
6007,706
6008,309
6009,73
6010,410
6011,606
6012,209
6013,725
6014,46
6015,735
6016,749
6017,88
6018,431
6019,67
6020,272
6021,221
6022,143
6023,98
6024,349
6025,149
6026,695
6027,116
6028,20
6029,271
6030,149
6031,328
6032,390
6033,10
6034,432
6035,356
6036,515
6037,90
6038,210
6039,117
6040,252
6041,209
6042,504
6043,510
6044,264
6045,96
6046,156
6047,531
6048,687
6049,28
6050,116
6051,6
6052,115
6053,280
6054,540
6055,74
6056,146
6057,415
6058,624
6059,209
6060,298
6061,106
6062,521
6063,214
6064,66
6065,405
6066,289
6067,12
6068,229
6069,484
6070,115
6071,219
6072,192
6073,240
6074,155
6075,330
6076,405
6077,532
6078,195
6079,37
6080,320
6081,210
6082,188
6083,577
6084,666
6085,209
6086,680
6087,286
6088,221
6089,253
6090,391
6091,15
6092,39
6093,405
6094,6
6095,33
6096,70
6097,138
6098,295
6099,287
6100,51
6101,13
6102,462
6103,259
6104,162
6105,101
6106,571
6107,63
6108,374
6109,139
6110,58
6111,240
6112,98
6113,189
6114,123
6115,466
6116,194
6117,132
6118,521
6119,14
6120,166
6121,534
6122,31
6123,310
6124,229
6125,280
6126,388
6127,541
6128,471
6129,405
6130,249
6131,185
6132,742
6133,359
6134,331
6135,189
6136,491
6137,20
6138,278
6139,555
6140,12
6141,496
6142,296
6143,392
6144,15
6145,168
6146,176
6147,155
6148,623
6149,267
6150,168
6151,259
6152,292
6153,105
6154,148
6155,221
6156,452
6157,750
6158,210
6159,219
6160,13
6161,655
6162,263
6163,219
6164,366
6165,72
6166,139
6167,612
6168,45
6169,389
6170,72
6171,216
6172,333
6173,65
6174,31
6175,365
6176,652
6177,347
6178,56
6179,251
6180,143
6181,371
6182,117
6183,519
6184,32
6185,188
6186,57
6187,258
6188,751
6189,405
6190,414
6191,43
6192,170
6193,151
6194,473
6195,8
6196,641
6197,460
6198,586
6199,322
6200,491
6201,309
6202,152
6203,65
6204,258
6205,318
6206,701
6207,384
6208,148
6209,642
6210,669
6211,389
6212,32
6213,619
6214,442
6215,467
6216,121
6217,497
6218,209
6219,183
6220,59
6221,59
6222,421
6223,147
6224,424
6225,290
6226,12
6227,565
6228,392
6229,405
6230,20
6231,210
6232,153
6233,12
6234,210
6235,67
6236,443
6237,411
6238,564
6239,31
6240,377
6241,335
6242,270
6243,287
6244,262
6245,656
6246,4
6247,143
6248,155
6249,391
6250,341
6251,485
6252,125
6253,381
6254,31
6255,57
6256,484
6257,384
6258,547
6259,455
6260,586
6261,425
6262,98
6263,273
6264,13
6265,550
6266,309
6267,210
6268,91
6269,333
6270,303
6271,384
6272,44
6273,12
6274,2
6275,98
6276,318
6277,67
6278,166
6279,542
6280,528
6281,45
6282,119
6283,196
6284,372
6285,20
6286,389
6287,322
6288,102
6289,45
6290,111
6291,139
6292,67
6293,91
6294,17
6295,255
6296,309
6297,105
6298,47
6299,73
6300,117
6301,226
6302,710
6303,21
6304,264
6305,147
6306,18
6307,135
6308,18
6309,277
6310,229
6311,12
6312,477
6313,433
6314,359
6315,326
6316,454
6317,89
6318,298
6319,214
6320,326
6321,73
6322,338
6323,658
6324,110
6325,121
6326,564
6327,7
6328,53
6329,73
6330,403
6331,115
6332,77
6333,103
6334,574
6335,424
6336,116
6337,590
6338,484
6339,725
6340,392
6341,207
6342,515
6343,447
6344,215
6345,132
6346,38
6347,752
6348,104
6349,152
6350,443
6351,201
6352,139
6353,194
6354,162
6355,443
6356,275
6357,244
6358,226
6359,116
6360,519
6361,246
6362,147
6363,32
6364,309
6365,92
6366,390
6367,608
6368,448
6369,418
6370,2
6371,275
6372,603
6373,317
6374,326
6375,253
6376,271
6377,102
6378,152
6379,148
6380,66
6381,24
6382,161
6383,278
6384,354
6385,371
6386,183
6387,129
6388,61
6389,388
6390,121
6391,358
6392,194
6393,325
6394,269
6395,58
6396,201
6397,325
6398,372
6399,397
6400,176
6401,168
6402,267
6403,210
6404,65
6405,308
6406,26
6407,334
6408,27
6409,753
6410,167
6411,54
6412,39
6413,727
6414,226
6415,383
6416,123
6417,32
6418,105
6419,69
6420,344
6421,185
6422,207
6423,339
6424,520
6425,65
6426,42
6427,153
6428,272
6429,754
6430,15
6431,688
6432,538
6433,392
6434,139
6435,755
6436,229
6437,268
6438,77
6439,565
6440,392
6441,97
6442,280
6443,2
6444,154
6445,39
6446,697
6447,176
6448,443
6449,60
6450,151
6451,756
6452,110
6453,15
6454,115
6455,139
6456,388
6457,526
6458,593
6459,65
6460,757
6461,413
6462,44
6463,229
6464,292
6465,44
6466,15
6467,422
6468,162
6469,86
6470,443
6471,101
6472,285
6473,296
6474,229
6475,115
6476,62
6477,255
6478,325
6479,286
6480,208
6481,131
6482,68
6483,72
6484,248
6485,431
6486,167
6487,359
6488,344
6489,53
6490,20
6491,217
6492,346
6493,68
6494,79
6495,465
6496,139
6497,148
6498,452
6499,301
6500,358
6501,42
6502,89
6503,286
6504,75
6505,354
6506,21
6507,113
6508,31
6509,272
6510,609
6511,189
6512,1
6513,143
6514,244
6515,125
6516,94
6517,189
6518,758
6519,115
6520,339
6521,203
6522,123
6523,115
6524,695
6525,236
6526,170
6527,509
6528,651
6529,67
6530,349
6531,57
6532,414
6533,371
6534,258
6535,203
6536,470
6537,53
6538,388
6539,358
6540,267
6541,50
6542,515
6543,92
6544,72
6545,493
6546,151
6547,521
6548,168
6549,549
6550,49
6551,59
6552,161
6553,561
6554,367
6555,299
6556,311
6557,121
6558,161
6559,336
6560,169
6561,139
6562,24
6563,422
6564,188
6565,33
6566,50
6567,70
6568,72
6569,180
6570,194
6571,86
6572,604
6573,32
6574,498
6575,105
6576,246
6577,242
6578,367
6579,196
6580,256
6581,602
6582,65
6583,338
6584,135
6585,104
6586,252
6587,105
6588,10
6589,105
6590,110
6591,219
6592,695
6593,285
6594,105
6595,261
6596,2
6597,72
6598,66
6599,309
6600,125
6601,255
6602,17
6603,229
6604,92
6605,575
6606,51
6607,24
6608,61
6609,248
6610,256
6611,47
6612,420
6613,455
6614,422
6615,502
6616,392
6617,278
6618,150
6619,24
6620,655
6621,65
6622,18
6623,390
6624,176
6625,221
6626,117
6627,299
6628,74
6629,42
6630,445
6631,4
6632,409
6633,169
6634,55
6635,57
6636,180
6637,754
6638,585
6639,250
6640,108
6641,98
6642,148
6643,18
6644,130
6645,142
6646,167
6647,451
6648,450
6649,327
6650,759
6651,134
6652,145
6653,643
6654,195
6655,280
6656,130
6657,677
6658,519
6659,512
6660,124
6661,573
6662,69
6663,334
6664,198
6665,686
6666,171
6667,59
6668,258
6669,31
6670,760
6671,336
6672,152
6673,194
6674,77
6675,443
6676,40
6677,154
6678,637
6679,92
6680,217
6681,666
6682,191
6683,327
6684,375
6685,41
6686,86
6687,416
6688,187
6689,309
6690,15
6691,296
6692,168
6693,70
6694,531
6695,747
6696,408
6697,320
6698,392
6699,183
6700,31
6701,535
6702,191
6703,97
6704,45
6705,72
6706,62
6707,203
6708,105
6709,92
6710,162
6711,130
6712,293
6713,750
6714,632
6715,92
6716,119
6717,59
6718,92
6719,363
6720,162
6721,287
6722,69
6723,275
6724,217
6725,242
6726,237
6727,9
6728,97
6729,255
6730,252
6731,198
6732,700
6733,301
6734,417
6735,222
6736,218
6737,40
6738,414
6739,216
6740,192
6741,94
6742,242
6743,216
6744,105
6745,424
6746,20
6747,62
6748,98
6749,761
6750,337
6751,162
6752,473
6753,209
6754,511
6755,264
6756,337
6757,666
6758,516
6759,363
6760,153
6761,762
6762,309
6763,197
6764,123
6765,144
6766,71
6767,763
6768,322
6769,3
6770,447
6771,90
6772,123
6773,175
6774,696
6775,656
6776,288
6777,191
6778,499
6779,392
6780,307
6781,44
6782,592
6783,144
6784,188
6785,494
6786,309
6787,320
6788,500
6789,415
6790,610
6791,263
6792,330
6793,604
6794,104
6795,67
6796,764
6797,494
6798,574
6799,522
6800,405
6801,187
6802,32
6803,397
6804,92
6805,200
6806,592
6807,155
6808,740
6809,258
6810,275
6811,484
6812,146
6813,44
6814,315
6815,201
6816,68
6817,57
6818,115
6819,765
6820,29
6821,97
6822,336
6823,451
6824,214
6825,339
6826,148
6827,384
6828,15
6829,123
6830,398
6831,260
6832,457
6833,202
6834,436
6835,15
6836,320
6837,105
6838,32
6839,8
6840,578
6841,125
6842,273
6843,547
6844,693
6845,215
6846,98
6847,200
6848,262
6849,87
6850,371
6851,25
6852,168
6853,515
6854,67
6855,252
6856,272
6857,229
6858,758
6859,634
6860,31
6861,293
6862,309
6863,377
6864,280
6865,527
6866,196
6867,700
6868,518
6869,272
6870,472
6871,637
6872,372
6873,249
6874,328
6875,649
6876,121
6877,54
6878,62
6879,6
6880,31
6881,116
6882,309
6883,599
6884,335
6885,403
6886,250
6887,395
6888,203
6889,201
6890,97
6891,700
6892,223
6893,15
6894,390
6895,309
6896,58
6897,282
6898,1
6899,382
6900,462
6901,373
6902,155
6903,216
6904,216
6905,309
6906,194
6907,569
6908,167
6909,216
6910,357
6911,168
6912,92
6913,218
6914,443
6915,663
6916,212
6917,448
6918,77
6919,212
6920,76
6921,151
6922,535
6923,122
6924,663
6925,31
6926,325
6927,57
6928,301
6929,273
6930,610
6931,160
6932,236
6933,132
6934,367
6935,210
6936,139
6937,263
6938,72
6939,35
6940,61
6941,148
6942,766
6943,161
6944,15
6945,8
6946,618
6947,540
6948,365
6949,577
6950,309
6951,65
6952,262
6953,248
6954,509
6955,262
6956,135
6957,309
6958,32
6959,65
6960,74
6961,665
6962,530
6963,248
6964,177
6965,97
6966,115
6967,383
6968,393
6969,98
6970,487
6971,229
6972,123
6973,421
6974,308
6975,244
6976,439
6977,83
6978,394
6979,191
6980,443
6981,2
6982,210
6983,65
6984,289
6985,62
6986,310
6987,229
6988,548
6989,296
6990,13
6991,223
6992,572
6993,352
6994,219
6995,217
6996,73
6997,582
6998,77
6999,256
7000,442
7001,4
7002,57
7003,104
7004,17
7005,246
7006,210
7007,526
7008,647
7009,209
7010,313
7011,12
7012,117
7013,55
7014,371
7015,129
7016,534
7017,365
7018,183
7019,201
7020,296
7021,443
7022,199
7023,237
7024,186
7025,152
7026,57
7027,424
7028,63
7029,23
7030,57
7031,202
7032,77
7033,205
7034,599
7035,1
7036,451
7037,528
7038,162
7039,86
7040,69
7041,103
7042,63
7043,544
7044,316
7045,176
7046,153
7047,50
7048,20
7049,610
7050,147
7051,203
7052,455
7053,241
7054,59
7055,74
7056,188
7057,427
7058,229
7059,229
7060,404
7061,65
7062,389
7063,499
7064,425
7065,349
7066,110
7067,186
7068,480
7069,262
7070,176
7071,37
7072,132
7073,57
7074,1
7075,53
7076,148
7077,691
7078,688
7079,127
7080,481
7081,185
7082,334
7083,284
7084,561
7085,17
7086,126
7087,291
7088,45
7089,17
7090,267
7091,316
7092,143
7093,9
7094,669
7095,175
7096,123
7097,741
7098,135
7099,233
7100,152
7101,256
7102,18
7103,104
7104,214
7105,326
7106,162
7107,309
7108,32
7109,171
7110,31
7111,129
7112,210
7113,25
7114,156
7115,336
7116,284
7117,491
7118,205
7119,500
7120,390
7121,191
7122,130
7123,44
7124,496
7125,50
7126,45
7127,116
7128,149
7129,438
7130,16
7131,20
7132,229
7133,117
7134,70
7135,617
7136,521
7137,274
7138,280
7139,74
7140,460
7141,275
7142,730
7143,464
7144,92
7145,32
7146,563
7147,192
7148,238
7149,229
7150,143
7151,309
7152,286
7153,108
7154,125
7155,257
7156,125
7157,116
7158,302
7159,714
7160,117
7161,302
7162,102
7163,111
7164,304
7165,271
7166,174
7167,276
7168,72
7169,259
7170,162
7171,97
7172,67
7173,4
7174,201
7175,71
7176,144
7177,283
7178,686
7179,325
7180,390
7181,767
7182,439
7183,496
7184,443
7185,222
7186,14
7187,171
7188,209
7189,20
7190,470
7191,31
7192,17
7193,57
7194,196
7195,358
7196,465
7197,77
7198,64
7199,156
7200,88
7201,231
7202,135
7203,187
7204,270
7205,33
7206,315
7207,92
7208,196
7209,229
7210,470
7211,168
7212,175
7213,143
7214,68
7215,500
7216,544
7217,296
7218,15
7219,148
7220,98
7221,210
7222,240
7223,509
7224,189
7225,82
7226,79
7227,414
7228,413
7229,86
7230,121
7231,47
7232,768
7233,518
7234,309
7235,604
7236,135
7237,158
7238,282
7239,32
7240,77
7241,17
7242,650
7243,160
7244,61
7245,33
7246,135
7247,53
7248,68
7249,506
7250,207
7251,452
7252,303
7253,57
7254,269
7255,238
7256,263
7257,150
7258,587
7259,229
7260,188
7261,311
7262,113
7263,286
7264,319
7265,219
7266,637
7267,59
7268,644
7269,248
7270,153
7271,295
7272,218
7273,220
7274,45
7275,110
7276,218
7277,203
7278,769
7279,42
7280,97
7281,221
7282,252
7283,190
7284,549
7285,280
7286,153
7287,293
7288,295
7289,500
7290,37
7291,186
7292,56
7293,280
7294,428
7295,46
7296,258
7297,177
7298,242
7299,24
7300,310
7301,26
7302,102
7303,346
7304,156
7305,260
7306,176
7307,138
7308,44
7309,522
7310,216
7311,456
7312,13
7313,98
7314,535
7315,336
7316,250
7317,279
7318,267
7319,762
7320,1
7321,244
7322,370
7323,148
7324,17
7325,433
7326,28
7327,72
7328,2
7329,46
7330,287
7331,22
7332,658
7333,17
7334,365
7335,424
7336,2
7337,456
7338,376
7339,372
7340,359
7341,191
7342,357
7343,502
7344,416
7345,110
7346,18
7347,49
7348,296
7349,362
7350,522
7351,59
7352,55
7353,13
7354,202
7355,97
7356,770
7357,565
7358,83
7359,402
7360,439
7361,191
7362,203
7363,26
7364,287
7365,96
7366,421
7367,318
7368,637
7369,657
7370,309
7371,168
7372,148
7373,171
7374,205
7375,348
7376,302
7377,268
7378,258
7379,148
7380,479
7381,262
7382,550
7383,517
7384,329
7385,210
7386,69
7387,41
7388,438
7389,268
7390,209
7391,262
7392,216
7393,456
7394,57
7395,111
7396,31
7397,39
7398,258
7399,112
7400,331
7401,329
7402,229
7403,155
7404,296
7405,162
7406,90
7407,77
7408,300
7409,72
7410,125
7411,433
7412,74
7413,44
7414,17
7415,405
7416,218
7417,219
7418,547
7419,408
7420,162
7421,771
7422,68
7423,176
7424,285
7425,446
7426,259
7427,259
7428,160
7429,57
7430,346
7431,275
7432,527
7433,170
7434,147
7435,205
7436,74
7437,335
7438,2
7439,28
7440,91
7441,57
7442,229
7443,264
7444,162
7445,68
7446,120
7447,405
7448,77
7449,143
7450,96
7451,320
7452,344
7453,218
7454,303
7455,67
7456,590
7457,88
7458,530
7459,8
7460,12
7461,47
7462,669
7463,422
7464,139
7465,65
7466,125
7467,258
7468,351
7469,102
7470,156
7471,497
7472,365
7473,92
7474,761
7475,189
7476,6
7477,72
7478,162
7479,56
7480,31
7481,498
7482,143
7483,140
7484,218
7485,448
7486,263
7487,98
7488,267
7489,12
7490,658
7491,743
7492,138
7493,248
7494,248
7495,76
7496,191
7497,118
7498,258
7499,451
7500,395
7501,485
7502,729
7503,377
7504,57
7505,17
7506,227
7507,433
7508,44
7509,284
7510,475
7511,326
7512,68
7513,65
7514,657
7515,124
7516,500
7517,405
7518,210
7519,475
7520,171
7521,643
7522,279
7523,18
7524,98
7525,520
7526,115
7527,390
7528,311
7529,494
7530,104
7531,69
7532,421
7533,452
7534,138
7535,37
7536,129
7537,336
7538,394
7539,191
7540,371
7541,407
7542,318
7543,569
7544,561
7545,12
7546,552
7547,123
7548,105
7549,490
7550,59
7551,92
7552,572
7553,287
7554,252
7555,275
7556,557
7557,146
7558,628
7559,723
7560,116
7561,263
7562,259
7563,597
7564,309
7565,305
7566,732
7567,309
7568,105
7569,278
7570,116
7571,637
7572,328
7573,392
7574,29
7575,318
7576,65
7577,260
7578,65
7579,378
7580,155
7581,520
7582,229
7583,692
7584,176
7585,72
7586,53
7587,31
7588,170
7589,187
7590,3
7591,284
7592,256
7593,209
7594,59
7595,148
7596,349
7597,417
7598,69
7599,280
7600,772
7601,273
7602,491
7603,8
7604,359
7605,126
7606,15
7607,273
7608,142
7609,148
7610,384
7611,284
7612,32
7613,50
7614,144
7615,216
7616,222
7617,773
7618,13
7619,535
7620,696
7621,643
7622,215
7623,131
7624,216
7625,50
7626,131
7627,615
7628,128
7629,177
7630,274
7631,516
7632,230
7633,212
7634,587
7635,262
7636,653
7637,156
7638,432
7639,168
7640,538
7641,420
7642,424
7643,226
7644,520
7645,121
7646,46
7647,302
7648,259
7649,116
7650,371
7651,320
7652,669
7653,599
7654,56
7655,111
7656,72
7657,131
7658,436
7659,395
7660,231
7661,121
7662,70
7663,125
7664,191
7665,774
7666,123
7667,209
7668,3
7669,112
7670,145
7671,231
7672,334
7673,297
7674,166
7675,253
7676,49
7677,532
7678,62
7679,236
7680,320
7681,31
7682,33
7683,138
7684,320
7685,65
7686,68
7687,61
7688,20
7689,174
7690,414
7691,511
7692,214
7693,275
7694,229
7695,229
7696,349
7697,32
7698,397
7699,69
7700,725
7701,114
7702,126
7703,168
7704,315
7705,226
7706,359
7707,480
7708,267
7709,229
7710,105
7711,280
7712,573
7713,48
7714,221
7715,320
7716,5
7717,522
7718,309
7719,390
7720,70
7721,31
7722,438
7723,309
7724,98
7725,132
7726,33
7727,186
7728,57
7729,152
7730,621
7731,405
7732,69
7733,20
7734,226
7735,349
7736,472
7737,326
7738,160
7739,216
7740,401
7741,102
7742,73
7743,571
7744,361
7745,341
7746,129
7747,249
7748,637
7749,125
7750,171
7751,90
7752,393
7753,479
7754,619
7755,577
7756,63
7757,212
7758,341
7759,320
7760,244
7761,59
7762,547
7763,45
7764,259
7765,159
7766,322
7767,705
7768,203
7769,326
7770,531
7771,81
7772,544
7773,117
7774,45
7775,46
7776,121
7777,280
7778,67
7779,366
7780,254
7781,63
7782,40
7783,252
7784,571
7785,83
7786,442
7787,696
7788,423
7789,384
7790,575
7791,105
7792,122
7793,37
7794,9
7795,68
7796,72
7797,451
7798,279
7799,775
7800,229
7801,32
7802,303
7803,389
7804,168
7805,20
7806,156
7807,57
7808,210
7809,653
7810,254
7811,17
7812,389
7813,45
7814,626
7815,216
7816,126
7817,765
7818,238
7819,192
7820,169
7821,161
7822,434
7823,92
7824,264
7825,354
7826,139
7827,653
7828,76
7829,515
7830,515
7831,31
7832,329
7833,239
7834,61
7835,121
7836,517
7837,282
7838,12
7839,184
7840,15
7841,162
7842,83
7843,300
7844,365
7845,530
7846,272
7847,227
7848,424
7849,110
7850,263
7851,55
7852,540
7853,359
7854,371
7855,229
7856,410
7857,553
7858,776
7859,320
7860,117
7861,207
7862,73
7863,421
7864,349
7865,610
7866,542
7867,191
7868,136
7869,392
7870,176
7871,170
7872,275
7873,191
7874,44
7875,190
7876,203
7877,226
7878,18
7879,729
7880,126
7881,576
7882,138
7883,77
7884,198
7885,193
7886,514
7887,12
7888,112
7889,344
7890,44
7891,237
7892,171
7893,259
7894,216
7895,456
7896,72
7897,258
7898,31
7899,573
7900,777
7901,61
7902,392
7903,440
7904,392
7905,343
7906,518
7907,272
7908,315
7909,17
7910,198
7911,15
7912,417
7913,280
7914,341
7915,395
7916,254
7917,585
7918,176
7919,242
7920,46
7921,451
7922,115
7923,276
7924,259
7925,106
7926,17
7927,20
7928,72
7929,45
7930,67
7931,270
7932,121
7933,77
7934,2
7935,438
7936,73
7937,752
7938,226
7939,279
7940,66
7941,167
7942,186
7943,301
7944,455
7945,309
7946,436
7947,122
7948,264
7949,71
7950,413
7951,218
7952,267
7953,20
7954,147
7955,42
7956,422
7957,195
7958,194
7959,557
7960,66
7961,15
7962,174
7963,259
7964,79
7965,278
7966,341
7967,401
7968,162
7969,377
7970,473
7971,201
7972,185
7973,129
7974,24
7975,171
7976,249
7977,361
7978,460
7979,476
7980,778
7981,252
7982,289
7983,545
7984,329
7985,311
7986,207
7987,779
7988,544
7989,45
7990,594
7991,349
7992,535
7993,57
7994,552
7995,322
7996,344
7997,113
7998,14
7999,387
8000,32
8001,98
8002,510
8003,761
8004,148
8005,278
8006,604
8007,161
8008,278
8009,18
8010,292
8011,167
8012,391
8013,309
8014,219
8015,63
8016,31
8017,148
8018,621
8019,527
8020,62
8021,397
8022,98
8023,485
8024,108
8025,209
8026,171
8027,143
8028,212
8029,599
8030,156
8031,780
8032,157
8033,543
8034,39
8035,50
8036,249
8037,45
8038,175
8039,15
8040,73
8041,26
8042,443
8043,694
8044,781
8045,1
8046,45
8047,433
8048,218
8049,290
8050,125
8051,264
8052,98
8053,309
8054,186
8055,268
8056,32
8057,62
8058,25
8059,143
8060,9
8061,440
8062,18
8063,550
8064,441
8065,652
8066,62
8067,32
8068,2
8069,46
8070,94
8071,426
8072,51
8073,720
8074,348
8075,231
8076,244
8077,233
8078,754
8079,106
8080,124
8081,561
8082,97
8083,40
8084,184
8085,260
8086,31
8087,287
8088,287
8089,402
8090,318
8091,82
8092,188
8093,292
8094,57
8095,309
8096,62
8097,156
8098,331
8099,459
8100,485
8101,61
8102,263
8103,545
8104,621
8105,32
8106,511
8107,62
8108,143
8109,53
8110,229
8111,160
8112,69
8113,45
8114,365
8115,101
8116,30
8117,496
8118,181
8119,542
8120,443
8121,168
8122,596
8123,540
8124,406
8125,519
8126,12
8127,782
8128,221
8129,210
8130,359
8131,390
8132,496
8133,783
8134,365
8135,228
8136,566
8137,384
8138,258
8139,429
8140,170
8141,200
8142,784
8143,318
8144,368
8145,238
8146,443
8147,12
8148,420
8149,572
8150,728
8151,31
8152,299
8153,110
8154,92
8155,171
8156,571
8157,23
8158,315
8159,63
8160,315
8161,219
8162,68
8163,490
8164,223
8165,20
8166,83
8167,448
8168,572
8169,326
8170,299
8171,335
8172,315
8173,185
8174,140
8175,8
8176,253
8177,148
8178,407
8179,654
8180,403
8181,267
8182,12
8183,368
8184,194
8185,134
8186,703
8187,99
8188,189
8189,73
8190,98
8191,70
8192,562
8193,785
8194,16
8195,169
8196,222
8197,32
8198,68
8199,314
8200,596
8201,572
8202,55
8203,311
8204,62
8205,454
8206,141
8207,658
8208,540
8209,279
8210,30
8211,198
8212,442
8213,86
8214,49
8215,167
8216,144
8217,218
8218,70
8219,102
8220,296
8221,716
8222,39
8223,368
8224,758
8225,344
8226,643
8227,120
8228,202
8229,472
8230,256
8231,573
8232,123
8233,77
8234,309
8235,229
8236,33
8237,21
8238,156
8239,335
8240,74
8241,104
8242,104
8243,153
8244,90
8245,219
8246,229
8247,17
8248,231
8249,729
8250,117
8251,520
8252,59
8253,187
8254,72
8255,272
8256,416
8257,515
8258,486
8259,766
8260,376
8261,154
8262,226
8263,514
8264,326
8265,45
8266,439
8267,315
8268,31
8269,105
8270,92
8271,15
8272,117
8273,115
8274,258
8275,619
8276,377
8277,66
8278,366
8279,454
8280,786
8281,477
8282,102
8283,673
8284,366
8285,254
8286,268
8287,320
8288,194
8289,229
8290,280
8291,17
8292,280
8293,20
8294,743
8295,44
8296,72
8297,17
8298,318
8299,135
8300,125
8301,298
8302,34
8303,122
8304,98
8305,373
8306,787
8307,221
8308,472
8309,24
8310,25
8311,497
8312,129
8313,9
8314,336
8315,65
8316,198
8317,175
8318,344
8319,582
8320,267
8321,198
8322,72
8323,57
8324,712
8325,788
8326,639
8327,189
8328,6
8329,147
8330,72
8331,286
8332,328
8333,229
8334,268
8335,181
8336,404
8337,422
8338,134
8339,31
8340,117
8341,143
8342,66
8343,271
8344,298
8345,620
8346,258
8347,255
8348,210
8349,45
8350,515
8351,6
8352,69
8353,168
8354,414
8355,68
8356,187
8357,256
8358,359
8359,658
8360,20
8361,225
8362,135
8363,594
8364,149
8365,334
8366,264
8367,435
8368,68
8369,307
8370,280
8371,627
8372,132
8373,162
8374,368
8375,254
8376,148
8377,229
8378,188
8379,84
8380,758
8381,72
8382,109
8383,460
8384,260
8385,194
8386,44
8387,90
8388,12
8389,59
8390,46
8391,110
8392,259
8393,604
8394,547
8395,219
8396,176
8397,279
8398,262
8399,68
8400,296
8401,742
8402,318
8403,308
8404,574
8405,574
8406,49
8407,267
8408,45
8409,22
8410,83
8411,789
8412,471
8413,304
8414,6
8415,105
8416,175
8417,187
8418,309
8419,202
8420,20
8421,712
8422,429
8423,15
8424,24
8425,76
8426,110
8427,268
8428,518
8429,42
8430,187
8431,405
8432,59
8433,258
8434,376
8435,258
8436,392
8437,117
8438,583
8439,184
8440,142
8441,105
8442,2
8443,203
8444,310
8445,63
8446,529
8447,110
8448,72
8449,77
8450,368
8451,572
8452,609
8453,390
8454,251
8455,286
8456,62
8457,278
8458,200
8459,104
8460,33
8461,62
8462,155
8463,164
8464,110
8465,203
8466,99
8467,353
8468,660
8469,592
8470,254
8471,618
8472,39
8473,258
8474,486
8475,31
8476,559
8477,584
8478,13
8479,210
8480,57
8481,104
8482,216
8483,315
8484,320
8485,790
8486,2
8487,303
8488,486
8489,446
8490,68
8491,52
8492,522
8493,153
8494,657
8495,23
8496,171
8497,595
8498,423
8499,15
8500,596
8501,72
8502,176
8503,227
8504,394
8505,168
8506,121
8507,97
8508,530
8509,182
8510,335
8511,575
8512,16
8513,67
8514,121
8515,334
8516,188
8517,335
8518,1
8519,155
8520,70
8521,37
8522,791
8523,186
8524,215
8525,32
8526,57
8527,150
8528,223
8529,554
8530,366
8531,28
8532,77
8533,474
8534,57
8535,21
8536,369
8537,216
8538,73
8539,303
8540,252
8541,162
8542,248
8543,286
8544,46
8545,49
8546,222
8547,229
8548,104
8549,792
8550,105
8551,39
8552,24
8553,69
8554,216
8555,422
8556,227
8557,156
8558,77
8559,89
8560,162
8561,116
8562,494
8563,325
8564,59
8565,31
8566,69
8567,793
8568,438
8569,167
8570,476
8571,216
8572,212
8573,259
8574,401
8575,72
8576,325
8577,148
8578,421
8579,32
8580,480
8581,43
8582,293
8583,229
8584,59
8585,775
8586,25
8587,44
8588,794
8589,256
8590,219
8591,383
8592,10
8593,519
8594,795
8595,179
8596,426
8597,134
8598,229
8599,228
8600,628
8601,102
8602,653
8603,92
8604,15
8605,369
8606,298
8607,186
8608,68
8609,244
8610,12
8611,365
8612,50
8613,210
8614,284
8615,198
8616,470
8617,696
8618,650
8619,48
8620,259
8621,175
8622,187
8623,280
8624,431
8625,470
8626,411
8627,65
8628,191
8629,200
8630,296
8631,246
8632,576
8633,285
8634,716
8635,277
8636,210
8637,496
8638,564
8639,4
8640,132
8641,287
8642,320
8643,32
8644,359
8645,126
8646,775
8647,309
8648,298
8649,522
8650,70
8651,492
8652,377
8653,57
8654,517
8655,24
8656,248
8657,371
8658,145
8659,13
8660,83
8661,12
8662,494
8663,216
8664,156
8665,73
8666,77
8667,68
8668,483
8669,473
8670,183
8671,6
8672,219
8673,242
8674,367
8675,47
8676,424
8677,269
8678,271
8679,17
8680,28
8681,432
8682,68
8683,573
8684,90
8685,267
8686,246
8687,12
8688,121
8689,217
8690,193
8691,320
8692,97
8693,651
8694,796
8695,57
8696,258
8697,478
8698,8
8699,148
8700,44
8701,155
8702,136
8703,797
8704,296
8705,310
8706,264
8707,227
8708,401
8709,145
8710,336
8711,191
8712,218
8713,161
8714,328
8715,161
8716,62
8717,516
8718,121
8719,59
8720,139
8721,69
8722,334
8723,45
8724,176
8725,439
8726,175
8727,264
8728,38
8729,136
8730,62
8731,304
8732,152
8733,418
8734,649
8735,460
8736,105
8737,688
8738,69
8739,201
8740,200
8741,148
8742,202
8743,280
8744,592
8745,191
8746,366
8747,191
8748,118
8749,516
8750,254
8751,83
8752,62
8753,226
8754,68
8755,331
8756,194
8757,57
8758,296
8759,83
8760,114
8761,96
8762,20
8763,384
8764,15
8765,616
8766,83
8767,460
8768,185
8769,202
8770,24
8771,153
8772,628
8773,72
8774,7
8775,521
8776,107
8777,473
8778,105
8779,284
8780,198
8781,15
8782,388
8783,72
8784,637
8785,380
8786,152
8787,516
8788,201
8789,210
8790,293
8791,164
8792,383
8793,798
8794,367
8795,309
8796,67
8797,501
8798,211
8799,415
8800,31
8801,686
8802,426
8803,334
8804,252
8805,69
8806,17
8807,171
8808,12
8809,75
8810,426
8811,356
8812,30
8813,62
8814,196
8815,45
8816,176
8817,799
8818,423
8819,186
8820,30
8821,688
8822,68
8823,433
8824,607
8825,210
8826,269
8827,303
8828,320
8829,413
8830,18
8831,550
8832,378
8833,55
8834,105
8835,420
8836,70
8837,199
8838,530
8839,438
8840,57
8841,139
8842,547
8843,32
8844,22
8845,201
8846,61
8847,118
8848,168
8849,315
8850,12
8851,56
8852,326
8853,15
8854,65
8855,371
8856,8
8857,102
8858,768
8859,361
8860,210
8861,55
8862,339
8863,242
8864,248
8865,62
8866,311
8867,475
8868,17
8869,72
8870,45
8871,98
8872,503
8873,264
8874,318
8875,280
8876,517
8877,208
8878,378
8879,194
8880,322
8881,309
8882,273
8883,195
8884,735
8885,66
8886,545
8887,284
8888,436
8889,210
8890,67
8891,20
8892,280
8893,68
8894,234
8895,11
8896,455
8897,800
8898,77
8899,15
8900,524
8901,620
8902,33
8903,414
8904,65
8905,162
8906,110
8907,69
8908,520
8909,12
8910,224
8911,596
8912,594
8913,97
8914,202
8915,134
8916,47
8917,154
8918,575
8919,168
8920,409
8921,70
8922,276
8923,692
8924,236
8925,322
8926,258
8927,56
8928,309
8929,33
8930,216
8931,26
8932,710
8933,20
8934,15
8935,32
8936,65
8937,69
8938,59
8939,57
8940,599
8941,89
8942,181
8943,381
8944,99
8945,252
8946,632
8947,229
8948,217
8949,466
8950,194
8951,176
8952,529
8953,341
8954,289
8955,59
8956,422
8957,732
8958,24
8959,55
8960,501
8961,24
8962,263
8963,260
8964,754
8965,801
8966,31
8967,395
8968,72
8969,196
8970,256
8971,364
8972,584
8973,44
8974,410
8975,254
8976,789
8977,53
8978,436
8979,210
8980,216
8981,296
8982,590
8983,63
8984,390
8985,330
8986,174
8987,17
8988,3
8989,57
8990,338
8991,226
8992,37
8993,802
8994,110
8995,658
8996,400
8997,203
8998,12
8999,59
9000,280
9001,498
9002,650
9003,67
9004,504
9005,473
9006,280
9007,147
9008,98
9009,276
9010,310
9011,712
9012,600
9013,803
9014,345
9015,33
9016,184
9017,59
9018,4
9019,68
9020,586
9021,309
9022,3
9023,376
9024,98
9025,121
9026,168
9027,384
9028,148
9029,656
9030,216
9031,20
9032,24
9033,42
9034,228
9035,69
9036,78
9037,53
9038,83
9039,309
9040,275
9041,50
9042,284
9043,45
9044,111
9045,252
9046,152
9047,252
9048,609
9049,169
9050,449
9051,111
9052,666
9053,463
9054,474
9055,104
9056,229
9057,156
9058,128
9059,147
9060,32
9061,214
9062,216
9063,17
9064,264
9065,586
9066,167
9067,96
9068,518
9069,272
9070,275
9071,222
9072,2
9073,223
9074,57
9075,326
9076,459
9077,514
9078,339
9079,12
9080,132
9081,359
9082,51
9083,213
9084,429
9085,633
9086,44
9087,582
9088,162
9089,33
9090,391
9091,19
9092,371
9093,148
9094,20
9095,69
9096,359
9097,98
9098,98
9099,318
9100,148
9101,138
9102,32
9103,89
9104,63
9105,422
9106,77
9107,92
9108,322
9109,186
9110,202
9111,156
9112,405
9113,226
9114,175
9115,692
9116,351
9117,252
9118,32
9119,436
9120,65
9121,90
9122,24
9123,216
9124,392
9125,269
9126,169
9127,558
9128,56
9129,59
9130,391
9131,57
9132,108
9133,17
9134,296
9135,92
9136,435
9137,632
9138,185
9139,217
9140,324
9141,29
9142,460
9143,392
9144,221
9145,119
9146,105
9147,259
9148,415
9149,203
9150,229
9151,31
9152,55
9153,153
9154,111
9155,74
9156,194
9157,130
9158,170
9159,389
9160,249
9161,72
9162,424
9163,90
9164,319
9165,77
9166,465
9167,250
9168,250
9169,48
9170,57
9171,804
9172,37
9173,805
9174,440
9175,147
9176,273
9177,514
9178,203
9179,187
9180,296
9181,285
9182,449
9183,390
9184,248
9185,582
9186,198
9187,203
9188,764
9189,480
9190,70
9191,57
9192,42
9193,309
9194,156
9195,58
9196,105
9197,267
9198,124
9199,494
9200,37
9201,144
9202,511
9203,70
9204,204
9205,59
9206,219
9207,130
9208,13
9209,70
9210,219
9211,98
9212,539
9213,229
9214,372
9215,120
9216,210
9217,217
9218,427
9219,160
9220,278
9221,656
9222,455
9223,151
9224,248
9225,32
9226,224
9227,258
9228,53
9229,73
9230,92
9231,202
9232,62
9233,410
9234,272
9235,471
9236,806
9237,537
9238,218
9239,69
9240,148
9241,264
9242,807
9243,17
9244,209
9245,147
9246,175
9247,613
9248,572
9249,1
9250,216
9251,499
9252,92
9253,424
9254,494
9255,267
9256,583
9257,97
9258,44
9259,219
9260,246
9261,45
9262,263
9263,56
9264,117
9265,307
9266,775
9267,38
9268,545
9269,116
9270,12
9271,32
9272,740
9273,116
9274,13
9275,72
9276,44
9277,62
9278,17
9279,349
9280,267
9281,17
9282,397
9283,388
9284,336
9285,496
9286,663
9287,361
9288,525
9289,207
9290,141
9291,196
9292,333
9293,105
9294,642
9295,104
9296,229
9297,70
9298,808
9299,164
9300,471
9301,420
9302,549
9303,410
9304,535
9305,272
9306,269
9307,345
9308,278
9309,147
9310,670
9311,233
9312,45
9313,104
9314,311
9315,180
9316,45
9317,63
9318,271
9319,111
9320,64
9321,139
9322,256
9323,72
9324,83
9325,181
9326,186
9327,667
9328,71
9329,218
9330,285
9331,12
9332,326
9333,92
9334,521
9335,263
9336,223
9337,186
9338,123
9339,31
9340,336
9341,115
9342,424
9343,433
9344,104
9345,65
9346,101
9347,194
9348,24
9349,202
9350,124
9351,408
9352,53
9353,210
9354,30
9355,177
9356,775
9357,439
9358,273
9359,7
9360,15
9361,367
9362,646
9363,391
9364,121
9365,344
9366,500
9367,224
9368,22
9369,112
9370,222
9371,345
9372,321
9373,111
9374,72
9375,73
9376,252
9377,116
9378,218
9379,228
9380,242
9381,263
9382,758
9383,170
9384,451
9385,339
9386,59
9387,227
9388,320
9389,20
9390,615
9391,229
9392,2
9393,115
9394,139
9395,550
9396,229
9397,258
9398,273
9399,355
9400,191
9401,365
9402,422
9403,107
9404,652
9405,707
9406,105
9407,149
9408,66
9409,45
9410,153
9411,139
9412,209
9413,116
9414,105
9415,32
9416,359
9417,189
9418,210
9419,74
9420,263
9421,36
9422,10
9423,514
9424,236
9425,55
9426,108
9427,496
9428,203
9429,479
9430,169
9431,237
9432,287
9433,13
9434,217
9435,414
9436,348
9437,219
9438,20
9439,554
9440,643
9441,500
9442,15
9443,138
9444,424
9445,115
9446,68
9447,492
9448,487
9449,56
9450,280
9451,692
9452,273
9453,619
9454,735
9455,143
9456,472
9457,472
9458,148
9459,414
9460,133
9461,186
9462,147
9463,208
9464,45
9465,162
9466,200
9467,121
9468,6
9469,56
9470,250
9471,338
9472,450
9473,280
9474,12
9475,71
9476,319
9477,358
9478,223
9479,200
9480,18
9481,642
9482,316
9483,328
9484,278
9485,67
9486,187
9487,305
9488,473
9489,208
9490,57
9491,55
9492,241
9493,170
9494,761
9495,77
9496,392
9497,592
9498,341
9499,400
9500,496
9501,130
9502,518
9503,191
9504,777
9505,147
9506,512
9507,422
9508,436
9509,275
9510,67
9511,62
9512,455
9513,324
9514,57
9515,73
9516,358
9517,507
9518,304
9519,450
9520,568
9521,252
9522,619
9523,275
9524,104
9525,125
9526,405
9527,98
9528,32
9529,280
9530,72
9531,200
9532,10
9533,394
9534,63
9535,210
9536,171
9537,742
9538,83
9539,194
9540,517
9541,73
9542,254
9543,123
9544,35
9545,295
9546,654
9547,405
9548,529
9549,272
9550,321
9551,55
9552,574
9553,65
9554,73
9555,203
9556,576
9557,252
9558,65
9559,267
9560,766
9561,252
9562,65
9563,336
9564,203
9565,53
9566,409
9567,544
9568,168
9569,121
9570,278
9571,203
9572,148
9573,168
9574,186
9575,228
9576,55
9577,255
9578,494
9579,170
9580,718
9581,6
9582,222
9583,253
9584,118
9585,656
9586,341
9587,160
9588,255
9589,228
9590,573
9591,57
9592,72
9593,473
9594,105
9595,110
9596,70
9597,809
9598,524
9599,686
9600,139
9601,2
9602,72
9603,628
9604,378
9605,15
9606,284
9607,367
9608,77
9609,73
9610,233
9611,371
9612,401
9613,152
9614,619
9615,191
9616,141
9617,208
9618,259
9619,284
9620,759
9621,176
9622,419
9623,153
9624,256
9625,183
9626,201
9627,309
9628,19
9629,712
9630,115
9631,70
9632,263
9633,161
9634,448
9635,657
9636,142
9637,153
9638,104
9639,46
9640,284
9641,70
9642,296
9643,391
9644,309
9645,112
9646,643
9647,362
9648,188
9649,472
9650,537
9651,593
9652,712
9653,517
9654,549
9655,517
9656,55
9657,527
9658,273
9659,718
9660,56
9661,259
9662,405
9663,57
9664,331
9665,280
9666,115
9667,734
9668,181
9669,692
9670,78
9671,267
9672,121
9673,551
9674,572
9675,330
9676,348
9677,450
9678,523
9679,27
9680,121
9681,97
9682,228
9683,42
9684,262
9685,390
9686,98
9687,560
9688,201
9689,412
9690,252
9691,242
9692,431
9693,419
9694,20
9695,97
9696,210
9697,263
9698,139
9699,188
9700,400
9701,166
9702,98
9703,31
9704,167
9705,92
9706,218
9707,97
9708,186
9709,148
9710,195
9711,422
9712,106
9713,175
9714,121
9715,4
9716,547
9717,73
9718,151
9719,24
9720,317
9721,1
9722,215
9723,413
9724,318
9725,58
9726,96
9727,125
9728,144
9729,531
9730,313
9731,195
9732,248
9733,155
9734,134
9735,62
9736,294
9737,608
9738,17
9739,529
9740,391
9741,203
9742,479
9743,499
9744,9
9745,323
9746,593
9747,268
9748,98
9749,311
9750,169
9751,478
9752,323
9753,256
9754,193
9755,506
9756,388
9757,52
9758,520
9759,151
9760,26
9761,326
9762,210
9763,229
9764,176
9765,290
9766,219
9767,185
9768,465
9769,128
9770,20
9771,264
9772,401
9773,96
9774,632
9775,138
9776,256
9777,692
9778,59
9779,180
9780,222
9781,498
9782,73
9783,69
9784,125
9785,147
9786,191
9787,535
9788,572
9789,450
9790,57
9791,210
9792,337
9793,32
9794,56
9795,57
9796,309
9797,678
9798,148
9799,515
9800,24
9801,248
9802,272
9803,144
9804,504
9805,381
9806,267
9807,105
9808,276
9809,429
9810,341
9811,72
9812,286
9813,471
9814,1
9815,399
9816,153
9817,619
9818,144
9819,6
9820,739
9821,115
9822,40
9823,17
9824,254
9825,167
9826,521
9827,189
9828,272
9829,171
9830,201
9831,352
9832,377
9833,4
9834,280
9835,362
9836,242
9837,2
9838,17
9839,59
9840,117
9841,271
9842,531
9843,259
9844,272
9845,762
9846,268
9847,229
9848,115
9849,267
9850,252
9851,336
9852,73
9853,309
9854,279
9855,73
9856,53
9857,436
9858,270
9859,72
9860,229
9861,341
9862,326
9863,256
9864,72
9865,470
9866,382
9867,326
9868,229
9869,255
9870,135
9871,766
9872,183
9873,188
9874,514
9875,203
9876,49
9877,248
9878,87
9879,392
9880,44
9881,228
9882,326
9883,389
9884,3
9885,262
9886,269
9887,131
9888,216
9889,237
9890,438
9891,200
9892,135
9893,318
9894,33
9895,268
9896,46
9897,64
9898,353
9899,323
9900,24
9901,144
9902,576
9903,263
9904,345
9905,249
9906,113
9907,728
9908,219
9909,315
9910,50
9911,600
9912,464
9913,628
9914,302
9915,326
9916,46
9917,189
9918,479
9919,482
9920,345
9921,24
9922,519
9923,216
9924,336
9925,264
9926,48
9927,352
9928,810
9929,208
9930,651
9931,406
9932,768
9933,187
9934,471
9935,153
9936,226
9937,604
9938,2
9939,168
9940,284
9941,256
9942,55
9943,408
9944,262
9945,150
9946,651
9947,313
9948,101
9949,450
9950,336
9951,104
9952,268
9953,13
9954,45
9955,105
9956,201
9957,13
9958,225
9959,130
9960,352
9961,115
9962,326
9963,655
9964,531
9965,462
9966,236
9967,466
9968,57
9969,168
9970,783
9971,113
9972,77
9973,121
9974,417
9975,13
9976,188
9977,728
9978,65
9979,203
9980,473
9981,189
9982,96
9983,641
9984,628
9985,138
9986,139
9987,560
9988,249
9989,216
9990,604
9991,103
9992,125
9993,17
9994,67
9995,491
9996,104
9997,575
9998,17
9999,340
10000,15
10001,470
10002,15
10003,97
10004,587
10005,188
10006,171
10007,756
10008,6
10009,811
10010,2
10011,270
10012,517
10013,160
10014,45
10015,77
10016,309
10017,148
10018,219
10019,241
10020,107
10021,306
10022,219
10023,42
10024,544
10025,6
10026,168
10027,637
10028,20
10029,692
10030,469
10031,610
10032,317
10033,125
10034,53
10035,528
10036,153
10037,180
10038,662
10039,7
10040,442
10041,778
10042,613
10043,282
10044,161
10045,242
10046,252
10047,68
10048,391
10049,210
10050,812
10051,25
10052,83
10053,69
10054,88
10055,62
10056,221
10057,481
10058,90
10059,48
10060,280
10061,76
10062,667
10063,335
10064,3
10065,63
10066,91
10067,469
10068,98
10069,90
10070,217
10071,259
10072,273
10073,284
10074,515
10075,32
10076,125
10077,280
10078,289
10079,7
10080,103
10081,115
10082,209
10083,377
10084,201
10085,96
10086,790
10087,263
10088,20
10089,55
10090,15
10091,2
10092,201
10093,609
10094,336
10095,228
10096,494
10097,517
10098,188
10099,626
10100,521
10101,112
10102,169
10103,226
10104,44
10105,12
10106,13
10107,344
10108,45
10109,1
10110,432
10111,72
10112,296
10113,233
10114,286
10115,226
10116,39
10117,116
10118,393
10119,67
10120,121
10121,238
10122,813
10123,329
10124,365
10125,438
10126,12
10127,392
10128,105
10129,496
10130,72
10131,17
10132,35
10133,96
10134,116
10135,248
10136,83
10137,155
10138,479
10139,24
10140,391
10141,152
10142,315
10143,198
10144,115
10145,414
10146,675
10147,330
10148,83
10149,272
10150,147
10151,338
10152,814
10153,320
10154,20
10155,62
10156,117
10157,25
10158,226
10159,210
10160,115
10161,390
10162,240
10163,10
10164,160
10165,26
10166,258
10167,464
10168,464
10169,17
10170,520
10171,272
10172,44
10173,69
10174,295
10175,644
10176,54
10177,199
10178,411
10179,86
10180,144
10181,381
10182,309
10183,218
10184,117
10185,242
10186,198
10187,105
10188,198
10189,343
10190,545
10191,346
10192,147
10193,658
10194,315
10195,315
10196,221
10197,471
10198,714
10199,462
10200,57
10201,293
10202,15
10203,31
10204,341
10205,309
10206,761
10207,23
10208,524
10209,220
10210,289
10211,8
10212,17
10213,94
10214,31
10215,190
10216,262
10217,98
10218,307
10219,2
10220,325
10221,203
10222,203
10223,180
10224,196
10225,63
10226,411
10227,417
10228,448
10229,55
10230,209
10231,315
10232,4
10233,188
10234,253
10235,223
10236,144
10237,252
10238,155
10239,324
10240,529
10241,651
10242,443
10243,155
10244,545
10245,49
10246,388
10247,212
10248,707
10249,320
10250,171
10251,98
10252,815
10253,388
10254,187
10255,344
10256,44
10257,605
10258,162
10259,153
10260,303
10261,390
10262,339
10263,544
10264,272
10265,6
10266,45
10267,52
10268,105
10269,160
10270,72
10271,372
10272,187
10273,20
10274,47
10275,350
10276,778
10277,367
10278,267
10279,153
10280,650
10281,329
10282,651
10283,449
10284,392
10285,59
10286,652
10287,544
10288,290
10289,76
10290,142
10291,76
10292,74
10293,2
10294,102
10295,126
10296,644
10297,46
10298,816
10299,496
10300,117
10301,285
10302,170
10303,162
10304,470
10305,711
10306,68
10307,42
10308,554
10309,292
10310,250
10311,132
10312,329
10313,552
10314,466
10315,338
10316,455
10317,210
10318,428
10319,192
10320,151
10321,144
10322,50
10323,209
10324,148
10325,191
10326,431
10327,117
10328,218
10329,817
10330,221
10331,218
10332,192
10333,439
10334,329
10335,532
10336,9
10337,531
10338,63
10339,287
10340,96
10341,309
10342,75
10343,560
10344,529
10345,213
10346,628
10347,309
10348,188
10349,8
10350,130
10351,62
10352,191
10353,49
10354,199
10355,172
10356,139
10357,686
10358,136
10359,218
10360,222
10361,123
10362,304
10363,652
10364,148
10365,263
10366,356
10367,472
10368,219
10369,58
10370,71
10371,191
10372,115
10373,24
10374,311
10375,310
10376,229
10377,100
10378,392
10379,189
10380,433
10381,334
10382,523
10383,105
10384,93
10385,783
10386,726
10387,384
10388,314
10389,8
10390,50
10391,210
10392,231
10393,282
10394,359
10395,33
10396,51
10397,190
10398,478
10399,349
10400,42
10401,818
10402,37
10403,63
10404,32
10405,223
10406,152
10407,13
10408,498
10409,85
10410,94
10411,344
10412,32
10413,267
10414,436
10415,743
10416,63
10417,339
10418,819
10419,87
10420,284
10421,229
10422,45
10423,255
10424,252
10425,12
10426,80
10427,608
10428,405
10429,775
10430,155
10431,276
10432,576
10433,159
10434,820
10435,162
10436,432
10437,315
10438,392
10439,105
10440,235
10441,541
10442,105
10443,20
10444,200
10445,448
10446,317
10447,356
10448,472
10449,15
10450,186
10451,70
10452,13
10453,821
10454,436
10455,77
10456,272
10457,390
10458,389
10459,525
10460,46
10461,55
10462,224
10463,416
10464,125
10465,143
10466,116
10467,44
10468,252
10469,125
10470,269
10471,392
10472,65
10473,170
10474,12
10475,547
10476,32
10477,72
10478,537
10479,656
10480,696
10481,176
10482,83
10483,73
10484,139
10485,32
10486,62
10487,187
10488,451
10489,278
10490,33
