ID,RoadType_ID
1,1
2,2
3,2
4,3
5,3
6,4
7,2
8,2
9,3
10,2
11,3
12,3
13,2
14,5
15,3
16,5
17,3
18,3
19,1
20,5
21,3
22,2
23,4
24,3
25,3
26,3
27,3
28,3
29,2
30,1
31,4
32,3
33,2
34,2
35,3
36,3
37,2
38,2
39,5
40,5
41,4
42,2
43,4
44,4
45,4
46,4
47,3
48,1
49,1
50,1
51,1
52,1
53,5
54,5
55,1
56,3
57,3
58,5
59,3
60,2
61,4
62,3
63,5
64,1
65,2
66,3
67,5
68,3
69,3
70,3
71,4
72,3
73,3
74,1
75,4
76,3
77,4
78,2
79,3
80,3
81,5
82,4
83,5
84,2
85,2
86,4
87,1
88,1
89,2
90,4
91,1
92,5
93,1
94,4
95,1
96,2
97,2
98,1
99,1
100,4
101,4
102,1
103,6
104,3
105,4
106,4
107,1
108,1
109,3
110,5
111,3
112,4
113,1
114,2
115,1
116,5
117,1
118,4
119,3
120,3
121,2
122,3
123,2
124,3
125,3
126,3
127,2
128,3
129,2
130,4
131,1
132,3
133,3
134,2
135,3
136,5
137,2
138,2
139,1
140,3
141,1
142,3
143,1
144,4
145,3
146,1
147,5
148,5
149,3
150,1
151,4
152,3
153,3
154,1
155,1
156,5
157,3
158,1
159,4
160,2
161,3
162,3
163,4
164,3
165,3
166,3
167,3
168,3
169,4
170,4
171,2
172,2
173,3
174,1
175,4
176,1
177,3
178,1
179,5
180,1
181,1
182,2
183,1
184,2
185,3
186,5
187,2
188,3
189,3
190,4
191,3
192,3
193,4
194,1
195,3
196,2
197,7
198,3
199,4
200,5
201,5
202,3
203,3
204,2
205,3
206,4
207,5
208,4
209,3
210,4
211,2
212,2
213,3
214,3
215,1
216,4
217,2
218,1
219,3
220,4
221,1
222,5
223,1
224,4
225,3
226,3
227,3
228,3
229,2
230,3
231,4
232,1
233,4
234,5
235,5
236,5
237,3
238,2
239,2
240,5
241,4
242,7
243,1
244,2
245,1
246,4
247,4
248,5
249,2
250,3
251,4
252,2
253,5
254,4
255,4
256,1
257,3
258,3
259,2
260,1
261,3
262,1
263,2
264,3
265,3
266,3
267,3
268,4
269,4
270,2
271,2
272,4
273,4
274,2
275,2
276,7
277,7
278,1
279,2
280,4
281,4
282,2
283,7
284,2
285,2
286,1
287,2
288,3
289,4
290,4
291,3
292,5
293,2
294,4
295,1
296,1
297,3
298,2
299,3
300,2
301,3
302,4
303,2
304,4
305,1
306,2
307,2
308,2
309,1
310,3
311,2
312,2
313,2
314,5
315,2
316,1
317,3
318,3
319,4
320,3
321,2
322,1
323,1
324,2
325,3
326,3
327,1
328,4
329,1
330,3
331,3
332,4
333,4
334,1
335,1
336,3
337,2
338,3
339,1
340,1
341,4
342,2
343,1
344,4
345,3
346,3
347,1
348,1
349,1
350,5
351,2
352,5
353,1
354,4
355,4
356,5
357,1
358,6
359,7
360,1
361,4
362,4
363,1
364,4
365,3
366,2
367,2
368,2
369,2
370,4
371,5
372,3
373,4
374,4
375,4
376,5
377,3
378,2
379,3
380,5
381,4
382,2
383,3
384,5
385,3
386,3
387,1
388,1
389,4
390,5
391,1
392,1
393,4
394,1
395,4
396,3
397,4
398,1
399,2
400,4
401,4
402,3
403,3
404,3
405,3
406,5
407,3
408,3
409,1
410,4
411,3
412,1
413,1
414,3
415,3
416,5
417,2
418,2
419,4
420,4
421,4
422,3
423,3
424,4
425,2
426,3
427,7
428,7
429,5
430,4
431,3
432,3
433,1
434,2
435,1
436,4
437,4
438,4
439,4
440,2
441,2
442,1
443,1
444,1
445,1
446,4
447,2
448,2
449,3
450,4
451,2
452,4
453,4
454,2
455,5
456,5
457,1
458,1
459,1
460,3
461,2
462,2
463,2
464,5
465,1
466,1
467,5
468,5
469,3
470,2
471,4
472,5
473,2
474,4
475,2
476,1
477,1
478,3
479,3
480,3
481,3
482,4
483,3
484,1
485,3
486,4
487,4
488,1
489,1
490,1
491,1
492,1
493,4
494,2
495,1
496,2
497,5
498,5
499,5
500,3
501,3
502,5
503,1
504,1
505,3
506,3
507,5
508,5
509,4
510,1
511,2
512,4
513,4
514,4
515,5
516,3
517,4
518,3
519,1
520,3
521,3
522,4
523,2
524,3
525,4
526,5
527,2
528,6
529,2
530,2
531,1
532,1
533,3
534,3
535,3
536,5
537,1
538,3
539,3
540,4
541,5
542,4
543,3
544,2
545,7
546,5
547,3
548,4
549,3
550,4
551,4
552,1
553,3
554,3
555,3
556,4
557,3
558,3
559,3
560,5
561,2
562,1
563,2
564,3
565,1
566,3
567,2
568,5
569,2
570,5
571,3
572,5
573,4
574,4
575,4
576,4
577,1
578,2
579,1
580,4
581,4
582,1
583,1
584,3
585,3
586,1
587,1
588,2
589,2
590,5
591,2
592,4
593,1
594,3
595,2
596,1
597,1
598,1
599,1
600,3
601,3
602,3
603,3
604,3
605,2
606,4
607,3
608,5
609,1
610,4
611,3
612,3
613,2
614,2
615,3
616,3
617,5
618,4
619,2
620,3
621,1
622,5
623,3
624,3
625,5
626,3
627,3
628,3
629,4
630,1
631,4
632,4
633,3
634,2
635,2
636,1
637,4
638,3
639,2
640,3
641,3
642,5
643,1
644,4
645,2
646,5
647,5
648,3
649,1
650,1
651,3
652,1
653,4
654,5
655,4
656,4
657,4
658,3
659,3
660,3
661,2
662,5
663,2
664,3
665,1
666,3
667,3
668,3
669,3
670,2
671,1
672,1
673,1
674,4
675,4
676,5
677,3
678,5
679,3
680,1
681,4
682,4
683,4
684,1
685,4
686,4
687,3
688,3
689,2
690,3
691,2
692,2
693,5
694,3
695,3
696,4
697,2
698,1
699,3
700,3
701,3
702,3
703,3
704,3
705,3
706,4
707,2
708,1
709,3
710,1
711,1
712,1
713,2
714,1
715,1
716,2
717,1
718,1
719,3
720,3
721,1
722,2
723,3
724,1
725,2
726,2
727,8
728,1
729,1
730,1
731,4
732,4
733,2
734,2
735,3
736,2
737,1
738,3
739,1
740,2
741,1
742,4
743,3
744,4
745,3
746,1
747,1
748,4
749,3
750,5
751,2
752,3
753,2
754,4
755,3
756,3
757,3
758,1
759,4
760,3
761,5
762,1
763,1
764,3
765,1
766,7
767,1
768,4
769,3
770,4
771,3
772,4
773,4
774,2
775,4
776,1
777,2
778,4
779,4
780,1
781,3
782,4
783,3
784,3
785,2
786,1
787,3
788,4
789,1
790,4
791,3
792,5
793,2
794,3
795,2
796,2
797,3
798,2
799,1
800,3
801,1
802,5
803,4
804,5
805,5
806,2
807,1
808,1
809,3
810,1
811,1
812,4
813,1
814,3
815,2
816,2
817,3
818,3
819,5
820,4
821,4
822,5
823,2
824,2
825,3
826,4
827,3
828,1
829,4
830,1
831,1
832,1
833,2
834,1
835,1
836,2
837,1
838,1
839,3
840,1
841,2
842,4
843,2
844,3
845,2
846,1
847,3
848,1
849,3
850,3
851,2
852,2
853,2
854,2
855,2
856,2
857,5
858,5
859,2
860,2
861,4
862,4
863,3
864,1
865,3
866,3
867,3
868,2
869,1
870,3
871,3
872,2
873,1
874,4
875,4
876,1
877,5
878,4
879,7
880,5
881,2
882,5
883,4
884,4
885,2
886,5
887,1
888,3
889,3
890,3
891,4
892,2
893,4
894,2
895,1
896,4
897,2
898,2
899,3
900,1
901,1
902,5
903,5
904,3
905,3
906,3
907,2
908,1
909,4
910,4
911,1
912,3
913,1
914,2
915,2
916,5
917,2
918,2
919,4
920,1
921,1
922,1
923,3
924,3
925,3
926,4
927,1
928,1
929,3
930,3
931,1
932,3
933,4
934,5
935,1
936,1
937,3
938,3
939,3
940,3
941,3
942,3
943,1
944,3
945,3
946,1
947,2
948,2
949,5
950,6
951,2
952,1
953,1
954,4
955,3
956,3
957,4
958,3
959,1
960,1
961,3
962,3
963,4
964,4
965,3
966,4
967,4
968,6
969,4
970,2
971,1
972,1
973,2
974,3
975,2
976,1
977,5
978,3
979,3
980,4
981,1
982,3
983,5
984,4
985,3
986,3
987,5
988,3
989,3
990,3
991,3
992,3
993,1
994,2
995,2
996,1
997,1
998,3
999,3
1000,3
1001,1
1002,5
1003,4
1004,2
1005,2
1006,5
1007,3
1008,4
1009,2
1010,2
1011,4
1012,5
1013,1
1014,4
1015,4
1016,2
1017,4
1018,2
1019,3
1020,3
1021,3
1022,2
1023,1
1024,1
1025,3
1026,3
1027,2
1028,4
1029,4
1030,1
1031,2
1032,1
1033,4
1034,2
1035,3
1036,3
1037,3
1038,3
1039,1
1040,1
1041,1
1042,3
1043,1
1044,5
1045,4
1046,4
1047,1
1048,1
1049,3
1050,2
1051,5
1052,3
1053,2
1054,4
1055,2
1056,5
1057,3
1058,3
1059,3
1060,2
1061,1
1062,4
1063,3
1064,3
1065,1
1066,4
1067,2
1068,3
1069,3
1070,3
1071,3
1072,5
1073,2
1074,1
1075,3
1076,3
1077,2
1078,4
1079,3
1080,2
1081,2
1082,1
1083,4
1084,3
1085,3
1086,5
1087,3
1088,4
1089,3
1090,5
1091,5
1092,3
1093,4
1094,2
1095,2
1096,2
1097,2
1098,3
1099,2
1100,4
1101,4
1102,4
1103,2
1104,2
1105,3
1106,2
1107,4
1108,2
1109,2
1110,5
1111,4
1112,4
1113,4
1114,4
1115,4
1116,1
1117,3
1118,1
1119,3
1120,4
1121,3
1122,3
1123,3
1124,5
1125,3
1126,3
1127,2
1128,2
1129,4
1130,4
1131,2
1132,5
1133,2
1134,4
1135,1
1136,3
1137,3
1138,3
1139,4
1140,4
1141,3
1142,2
1143,3
1144,1
1145,3
1146,4
1147,3
1148,2
1149,4
1150,1
1151,2
1152,1
1153,6
1154,4
1155,1
1156,4
1157,4
1158,1
1159,3
1160,3
1161,1
1162,4
1163,3
1164,5
1165,5
1166,2
1167,2
1168,3
1169,1
1170,1
1171,4
1172,5
1173,2
1174,4
1175,2
1176,4
1177,4
1178,1
1179,4
1180,3
1181,2
1182,5
1183,2
1184,7
1185,5
1186,4
1187,5
1188,2
1189,4
1190,2
1191,2
1192,3
1193,2
1194,4
1195,3
1196,4
1197,4
1198,3
1199,5
1200,1
1201,1
1202,1
1203,5
1204,5
1205,3
1206,3
1207,4
1208,4
1209,4
1210,5
1211,5
1212,1
1213,2
1214,2
1215,1
1216,1
1217,5
1218,3
1219,3
1220,5
1221,4
1222,2
1223,2
1224,5
1225,4
1226,1
1227,3
1228,3
1229,3
1230,3
1231,2
1232,3
1233,1
1234,2
1235,5
1236,1
1237,2
1238,2
1239,2
1240,2
1241,2
1242,1
1243,3
1244,3
1245,3
1246,1
1247,2
1248,4
1249,4
1250,3
1251,1
1252,4
1253,2
1254,4
1255,1
1256,3
1257,1
1258,3
1259,3
1260,2
1261,2
1262,3
1263,2
1264,2
1265,1
1266,1
1267,4
1268,5
1269,6
1270,1
1271,1
1272,4
1273,4
1274,1
1275,4
1276,4
1277,3
1278,4
1279,5
1280,7
1281,5
1282,4
1283,1
1284,1
1285,3
1286,4
1287,4
1288,4
1289,3
1290,2
1291,2
1292,1
1293,5
1294,2
1295,3
1296,1
1297,2
1298,4
1299,2
1300,3
1301,3
1302,3
1303,3
1304,1
1305,5
1306,1
1307,4
1308,1
1309,1
1310,4
1311,4
1312,1
1313,1
1314,4
1315,4
1316,3
1317,3
1318,3
1319,1
1320,2
1321,1
1322,3
1323,2
1324,2
1325,3
1326,2
1327,1
1328,3
1329,2
1330,2
1331,3
1332,1
1333,5
1334,5
1335,3
1336,1
1337,1
1338,2
1339,2
1340,2
1341,4
1342,3
1343,3
1344,2
1345,5
1346,7
1347,3
1348,2
1349,3
1350,4
1351,4
1352,5
1353,4
1354,5
1355,3
1356,1
1357,2
1358,5
1359,4
1360,1
1361,1
1362,4
1363,4
1364,5
1365,3
1366,5
1367,3
1368,2
1369,2
1370,2
1371,3
1372,4
1373,3
1374,3
1375,4
1376,3
1377,3
1378,3
1379,3
1380,3
1381,2
1382,3
1383,4
1384,2
1385,2
1386,3
1387,4
1388,5
1389,3
1390,1
1391,5
1392,3
1393,3
1394,5
1395,5
1396,3
1397,3
1398,3
1399,3
1400,2
1401,1
1402,3
1403,2
1404,4
1405,2
1406,2
1407,3
1408,2
1409,1
1410,2
1411,3
1412,3
1413,3
1414,4
1415,1
1416,2
1417,3
1418,4
1419,1
1420,3
1421,4
1422,2
1423,7
1424,1
1425,7
1426,3
1427,3
1428,3
1429,3
1430,3
1431,3
1432,4
1433,1
1434,1
1435,3
1436,4
1437,1
1438,2
1439,4
1440,3
1441,2
1442,3
1443,2
1444,3
1445,4
1446,4
1447,3
1448,3
1449,4
1450,5
1451,4
1452,1
1453,1
1454,5
1455,3
1456,5
1457,1
1458,4
1459,1
1460,2
1461,5
1462,2
1463,5
1464,4
1465,2
1466,3
1467,2
1468,4
1469,5
1470,1
1471,3
1472,1
1473,4
1474,3
1475,3
1476,2
1477,3
1478,4
1479,3
1480,4
1481,5
1482,1
1483,5
1484,5
1485,7
1486,3
1487,2
1488,5
1489,4
1490,5
1491,4
1492,2
1493,3
1494,1
1495,3
1496,3
1497,3
1498,4
1499,1
1500,4
1501,1
1502,3
1503,3
1504,3
1505,3
1506,2
1507,5
1508,1
1509,1
1510,1
1511,1
1512,4
1513,5
1514,3
1515,2
1516,3
1517,3
1518,5
1519,4
1520,3
1521,4
1522,2
1523,2
1524,1
1525,5
1526,3
1527,2
1528,3
1529,1
1530,7
1531,5
1532,4
1533,5
1534,2
1535,2
1536,1
1537,2
1538,2
1539,2
1540,4
1541,1
1542,1
1543,5
1544,1
1545,3
1546,4
1547,3
1548,5
1549,5
1550,3
1551,3
1552,3
1553,3
1554,3
1555,3
1556,3
1557,3
1558,3
1559,3
1560,5
1561,1
1562,4
1563,2
1564,1
1565,1
1566,4
1567,1
1568,4
1569,1
1570,3
1571,3
1572,1
1573,2
1574,4
1575,3
1576,3
1577,4
1578,2
1579,2
1580,1
1581,2
1582,3
1583,3
1584,3
1585,5
1586,3
1587,4
1588,3
1589,3
1590,3
1591,3
1592,4
1593,4
1594,3
1595,4
1596,1
1597,4
1598,2
1599,1
1600,4
1601,4
1602,3
1603,2
1604,4
1605,4
1606,3
1607,3
1608,3
1609,4
1610,1
1611,3
1612,2
1613,5
1614,5
1615,3
1616,4
1617,4
1618,4
1619,3
1620,3
1621,3
1622,1
1623,2
1624,4
1625,3
1626,2
1627,2
1628,3
1629,4
1630,3
1631,5
1632,4
1633,4
1634,3
1635,2
1636,1
1637,4
1638,3
1639,3
1640,4
1641,3
1642,1
1643,2
1644,5
1645,2
1646,2
1647,2
1648,2
1649,3
1650,1
1651,3
1652,3
1653,3
1654,3
1655,3
1656,1
1657,3
1658,4
1659,2
1660,3
1661,1
1662,5
1663,3
1664,5
1665,3
1666,4
1667,1
1668,2
1669,3
1670,3
1671,4
1672,1
1673,4
1674,4
1675,5
1676,2
1677,5
1678,3
1679,1
1680,4
1681,4
1682,4
1683,3
1684,3
1685,3
1686,1
1687,1
1688,4
1689,3
1690,4
1691,4
1692,4
1693,3
1694,5
1695,2
1696,4
1697,2
1698,1
1699,3
1700,3
1701,3
1702,3
1703,3
1704,3
1705,2
1706,2
1707,5
1708,3
1709,3
1710,2
1711,5
1712,5
1713,2
1714,3
1715,2
1716,2
1717,2
1718,2
1719,2
1720,1
1721,1
1722,4
1723,1
1724,4
1725,4
1726,3
1727,4
1728,3
1729,3
1730,1
1731,1
1732,4
1733,5
1734,3
1735,1
1736,1
1737,4
1738,5
1739,2
1740,2
1741,2
1742,1
1743,3
1744,1
1745,4
1746,3
1747,3
1748,3
1749,3
1750,3
1751,3
1752,1
1753,2
1754,2
1755,5
1756,5
1757,3
1758,1
1759,7
1760,4
1761,2
1762,3
1763,3
1764,1
1765,3
1766,4
1767,2
1768,2
1769,4
1770,4
1771,4
1772,1
1773,1
1774,2
1775,1
1776,4
1777,4
1778,3
1779,1
1780,5
1781,3
1782,4
1783,1
1784,5
1785,3
1786,3
1787,3
1788,3
1789,3
1790,4
1791,1
1792,2
1793,5
1794,5
1795,1
1796,4
1797,3
1798,3
1799,2
1800,3
1801,2
1802,3
1803,4
1804,1
1805,3
1806,1
1807,1
1808,4
1809,5
1810,1
1811,2
1812,1
1813,3
1814,1
1815,1
1816,2
1817,1
1818,3
1819,5
1820,1
1821,5
1822,4
1823,3
1824,1
1825,4
1826,4
1827,2
1828,4
1829,3
1830,1
1831,2
1832,3
1833,3
1834,4
1835,3
1836,1
1837,2
1838,4
1839,3
1840,3
1841,1
1842,2
1843,2
1844,2
1845,3
1846,3
1847,1
1848,2
1849,2
1850,1
1851,1
1852,4
1853,4
1854,2
1855,5
1856,3
1857,1
1858,3
1859,3
1860,2
1861,3
1862,5
1863,2
1864,3
1865,1
1866,1
1867,5
1868,4
1869,3
1870,4
1871,2
1872,3
1873,3
1874,3
1875,3
1876,4
1877,7
1878,4
1879,3
1880,4
1881,3
1882,4
1883,2
1884,3
1885,5
1886,3
1887,2
1888,3
1889,2
1890,3
1891,3
1892,1
1893,3
1894,3
1895,3
1896,3
1897,4
1898,3
1899,1
1900,4
1901,5
1902,3
1903,1
1904,4
1905,3
1906,2
1907,3
1908,2
1909,3
1910,1
1911,3
1912,1
1913,2
1914,2
1915,3
1916,3
1917,1
1918,3
1919,4
1920,4
1921,2
1922,2
1923,5
1924,1
1925,7
1926,3
1927,4
1928,2
1929,1
1930,4
1931,2
1932,2
1933,3
1934,5
1935,4
1936,1
1937,4
1938,2
1939,4
1940,3
1941,1
1942,2
1943,2
1944,7
1945,2
1946,1
1947,5
1948,5
1949,5
1950,3
1951,1
1952,3
1953,2
1954,3
1955,3
1956,3
1957,3
1958,3
1959,1
1960,2
1961,3
1962,4
1963,5
1964,2
1965,3
1966,3
1967,2
1968,3
1969,1
1970,4
1971,4
1972,4
1973,4
1974,3
1975,4
1976,4
1977,2
1978,2
1979,1
1980,3
1981,3
1982,2
1983,2
1984,2
1985,4
1986,3
1987,5
1988,4
1989,7
1990,3
1991,3
1992,4
1993,4
1994,5
1995,5
1996,1
1997,2
1998,2
1999,5
2000,2
2001,3
2002,3
2003,3
2004,4
2005,4
2006,1
2007,3
2008,3
2009,1
2010,4
2011,5
2012,3
2013,2
2014,3
2015,1
2016,5
2017,3
2018,4
2019,2
2020,1
2021,1
2022,2
2023,5
2024,3
2025,3
2026,3
2027,3
2028,1
2029,2
2030,3
2031,3
2032,3
2033,4
2034,3
2035,5
2036,5
2037,4
2038,4
2039,3
2040,3
2041,2
2042,5
2043,3
2044,2
2045,5
2046,4
2047,3
2048,2
2049,4
2050,4
2051,1
2052,2
2053,3
2054,2
2055,3
2056,2
2057,2
2058,2
2059,4
2060,3
2061,1
2062,2
2063,5
2064,5
2065,4
2066,4
2067,4
2068,3
2069,3
2070,4
2071,7
2072,1
2073,3
2074,5
2075,2
2076,1
2077,3
2078,4
2079,7
2080,3
2081,1
2082,1
2083,3
2084,2
2085,3
2086,1
2087,2
2088,1
2089,4
2090,3
2091,5
2092,4
2093,1
2094,3
2095,3
2096,4
2097,4
2098,4
2099,4
2100,2
2101,1
2102,4
2103,2
2104,3
2105,3
2106,2
2107,1
2108,3
2109,5
2110,2
2111,1
2112,3
2113,4
2114,3
2115,3
2116,3
2117,4
2118,3
2119,1
2120,4
2121,2
2122,2
2123,3
2124,3
2125,1
2126,2
2127,4
2128,4
2129,4
2130,3
2131,3
2132,4
2133,5
2134,5
2135,6
2136,1
2137,3
2138,1
2139,1
2140,4
2141,2
2142,4
2143,3
2144,4
2145,4
2146,4
2147,1
2148,2
2149,2
2150,3
2151,5
2152,3
2153,4
2154,2
2155,2
2156,3
2157,3
2158,4
2159,2
2160,4
2161,4
2162,2
2163,5
2164,5
2165,5
2166,1
2167,3
2168,2
2169,4
2170,5
2171,3
2172,1
2173,3
2174,2
2175,7
2176,1
2177,3
2178,4
2179,7
2180,2
2181,5
2182,3
2183,2
2184,1
2185,3
2186,3
2187,5
2188,1
2189,4
2190,3
2191,3
2192,4
2193,4
2194,4
2195,4
2196,4
2197,3
2198,1
2199,1
2200,2
2201,2
2202,2
2203,3
2204,3
2205,2
2206,1
2207,4
2208,2
2209,2
2210,2
2211,3
2212,5
2213,4
2214,5
2215,4
2216,3
2217,3
2218,3
2219,3
2220,2
2221,4
2222,3
2223,3
2224,2
2225,1
2226,2
2227,4
2228,4
2229,4
2230,1
2231,3
2232,4
2233,1
2234,3
2235,1
2236,1
2237,7
2238,3
2239,2
2240,3
2241,4
2242,3
2243,3
2244,3
2245,2
2246,3
2247,4
2248,2
2249,2
2250,4
2251,2
2252,1
2253,3
2254,7
2255,4
2256,4
2257,2
2258,4
2259,3
2260,3
2261,5
2262,1
2263,2
2264,2
2265,2
2266,2
2267,3
2268,1
2269,5
2270,2
2271,2
2272,2
2273,2
2274,2
2275,1
2276,2
2277,3
2278,4
2279,3
2280,2
2281,1
2282,2
2283,3
2284,5
2285,4
2286,1
2287,4
2288,3
2289,3
2290,2
2291,3
2292,2
2293,3
2294,1
2295,3
2296,3
2297,3
2298,4
2299,4
2300,1
2301,1
2302,3
2303,3
2304,1
2305,1
2306,1
2307,3
2308,1
2309,3
2310,4
2311,4
2312,5
2313,4
2314,4
2315,4
2316,2
2317,1
2318,4
2319,1
2320,4
2321,3
2322,2
2323,3
2324,1
2325,3
2326,4
2327,1
2328,5
2329,3
2330,7
2331,1
2332,4
2333,3
2334,4
2335,1
2336,3
2337,5
2338,8
2339,5
2340,4
2341,4
2342,3
2343,2
2344,1
2345,1
2346,4
2347,3
2348,5
2349,3
2350,1
2351,5
2352,3
2353,3
2354,3
2355,4
2356,3
2357,3
2358,4
2359,1
2360,4
2361,3
2362,2
2363,3
2364,4
2365,4
2366,4
2367,2
2368,1
2369,4
2370,4
2371,7
2372,7
2373,4
2374,3
2375,1
2376,1
2377,1
2378,2
2379,2
2380,3
2381,4
2382,5
2383,1
2384,1
2385,3
2386,5
2387,3
2388,3
2389,3
2390,5
2391,4
2392,3
2393,2
2394,1
2395,4
2396,3
2397,2
2398,3
2399,4
2400,3
2401,3
2402,4
2403,3
2404,3
2405,2
2406,3
2407,5
2408,4
2409,4
2410,5
2411,2
2412,1
2413,1
2414,1
2415,3
2416,2
2417,2
2418,4
2419,2
2420,3
2421,1
2422,1
2423,1
2424,3
2425,3
2426,4
2427,3
2428,1
2429,3
2430,2
2431,2
2432,3
2433,1
2434,4
2435,2
2436,2
2437,5
2438,3
2439,3
2440,2
2441,1
2442,3
2443,4
2444,2
2445,5
2446,4
2447,4
2448,4
2449,4
2450,1
2451,1
2452,3
2453,2
2454,1
2455,4
2456,7
2457,2
2458,2
2459,2
2460,4
2461,1
2462,3
2463,3
2464,7
2465,1
2466,1
2467,5
2468,1
2469,3
2470,3
2471,4
2472,2
2473,4
2474,3
2475,3
2476,3
2477,4
2478,2
2479,2
2480,1
2481,1
2482,3
2483,4
2484,3
2485,3
2486,1
2487,5
2488,3
2489,3
2490,3
2491,3
2492,4
2493,5
2494,2
2495,2
2496,2
2497,2
2498,1
2499,4
2500,4
2501,4
2502,4
2503,5
2504,3
2505,4
2506,3
2507,3
2508,1
2509,1
2510,3
2511,4
2512,3
2513,3
2514,1
2515,5
2516,2
2517,4
2518,1
2519,3
2520,3
2521,4
2522,1
2523,1
2524,3
2525,4
2526,3
2527,3
2528,7
2529,1
2530,3
2531,4
2532,3
2533,2
2534,3
2535,2
2536,4
2537,4
2538,5
2539,4
2540,3
2541,5
2542,4
2543,2
2544,5
2545,5
2546,3
2547,5
2548,1
2549,2
2550,4
2551,4
2552,4
2553,4
2554,4
2555,2
2556,3
2557,1
2558,3
2559,5
2560,2
2561,7
2562,3
2563,3
2564,3
2565,1
2566,2
2567,1
2568,3
2569,1
2570,3
2571,3
2572,2
2573,1
2574,3
2575,5
2576,5
2577,3
2578,1
2579,4
2580,4
2581,4
2582,2
2583,4
2584,1
2585,3
2586,3
2587,2
2588,5
2589,4
2590,2
2591,1
2592,4
2593,1
2594,4
2595,3
2596,1
2597,3
2598,5
2599,1
2600,1
2601,2
2602,2
2603,2
2604,1
2605,3
2606,1
2607,1
2608,1
2609,5
2610,3
2611,7
2612,4
2613,3
2614,3
2615,3
2616,3
2617,2
2618,4
2619,4
2620,2
2621,3
2622,3
2623,3
2624,2
2625,2
2626,3
2627,1
2628,5
2629,1
2630,5
2631,7
2632,1
2633,7
2634,1
2635,1
2636,1
2637,1
2638,4
2639,4
2640,4
2641,3
2642,4
2643,3
2644,3
2645,3
2646,3
2647,2
2648,3
2649,3
2650,3
2651,2
2652,3
2653,3
2654,1
2655,2
2656,4
2657,4
2658,1
2659,2
2660,2
2661,3
2662,3
2663,1
2664,1
2665,2
2666,3
2667,2
2668,2
2669,1
2670,5
2671,1
2672,1
2673,3
2674,5
2675,3
2676,3
2677,3
2678,3
2679,4
2680,1
2681,3
2682,2
2683,3
2684,1
2685,3
2686,1
2687,2
2688,2
2689,3
2690,5
2691,5
2692,3
2693,4
2694,2
2695,2
2696,4
2697,2
2698,3
2699,1
2700,4
2701,4
2702,3
2703,5
2704,1
2705,1
2706,3
2707,2
2708,2
2709,1
2710,4
2711,2
2712,2
2713,3
2714,3
2715,3
2716,3
2717,3
2718,4
2719,1
2720,2
2721,3
2722,4
2723,3
2724,3
2725,3
2726,1
2727,3
2728,3
2729,3
2730,3
2731,4
2732,3
2733,2
2734,3
2735,3
2736,1
2737,1
2738,1
2739,2
2740,3
2741,1
2742,2
2743,3
2744,1
2745,2
2746,2
2747,3
2748,1
2749,1
2750,4
2751,5
2752,2
2753,2
2754,1
2755,3
2756,1
2757,1
2758,2
2759,5
2760,4
2761,2
2762,1
2763,7
2764,4
2765,3
2766,4
2767,3
2768,2
2769,5
2770,4
2771,4
2772,5
2773,1
2774,2
2775,5
2776,4
2777,3
2778,1
2779,4
2780,3
2781,2
2782,4
2783,4
2784,2
2785,3
2786,1
2787,4
2788,4
2789,4
2790,4
2791,3
2792,3
2793,1
2794,2
2795,4
2796,4
2797,4
2798,5
2799,4
2800,3
2801,5
2802,3
2803,1
2804,1
2805,4
2806,4
2807,4
2808,2
2809,1
2810,4
2811,2
2812,1
2813,3
2814,3
2815,2
2816,2
2817,2
2818,3
2819,1
2820,4
2821,4
2822,1
2823,2
2824,2
2825,3
2826,1
2827,3
2828,2
2829,3
2830,4
2831,2
2832,3
2833,5
2834,2
2835,4
2836,4
2837,2
2838,3
2839,2
2840,4
2841,2
2842,3
2843,1
2844,2
2845,5
2846,2
2847,5
2848,4
2849,3
2850,2
2851,2
2852,3
2853,3
2854,2
2855,3
2856,1
2857,4
2858,4
2859,5
2860,3
2861,3
2862,3
2863,3
2864,3
2865,3
2866,5
2867,3
2868,4
2869,4
2870,2
2871,3
2872,1
2873,2
2874,2
2875,2
2876,2
2877,3
2878,4
2879,1
2880,1
2881,2
2882,2
2883,1
2884,3
2885,4
2886,3
2887,5
2888,4
2889,3
2890,4
2891,3
2892,1
2893,4
2894,5
2895,3
2896,1
2897,3
2898,3
2899,2
2900,3
2901,2
2902,3
2903,4
2904,3
2905,3
2906,1
2907,4
2908,3
2909,2
2910,2
2911,1
2912,3
2913,3
2914,4
2915,4
2916,1
2917,1
2918,2
2919,5
2920,4
2921,2
2922,5
2923,3
2924,2
2925,5
2926,4
2927,3
2928,4
2929,3
2930,4
2931,3
2932,4
2933,2
2934,2
2935,4
2936,5
2937,1
2938,1
2939,4
2940,3
2941,2
2942,1
2943,1
2944,7
2945,3
2946,3
2947,2
2948,4
2949,1
2950,4
2951,4
2952,3
2953,1
2954,2
2955,1
2956,5
2957,4
2958,7
2959,4
2960,4
2961,4
2962,3
2963,3
2964,3
2965,4
2966,3
2967,3
2968,1
2969,2
2970,2
2971,4
2972,4
2973,1
2974,3
2975,4
2976,3
2977,1
2978,4
2979,3
2980,2
2981,1
2982,1
2983,2
2984,2
2985,4
2986,3
2987,4
2988,2
2989,2
2990,3
2991,3
2992,5
2993,3
2994,2
2995,1
2996,4
2997,5
2998,1
2999,2
3000,1
3001,2
3002,1
3003,1
3004,4
3005,1
3006,1
3007,4
3008,3
3009,3
3010,4
3011,1
3012,4
3013,4
3014,2
3015,1
3016,2
3017,1
3018,3
3019,2
3020,2
3021,4
3022,5
3023,4
3024,3
3025,2
3026,1
3027,1
3028,2
3029,1
3030,5
3031,3
3032,4
3033,4
3034,2
3035,3
3036,3
3037,1
3038,3
3039,2
3040,3
3041,3
3042,1
3043,2
3044,4
3045,3
3046,2
3047,1
3048,2
3049,1
3050,3
3051,3
3052,4
3053,4
3054,3
3055,2
3056,3
3057,4
3058,1
3059,4
3060,2
3061,3
3062,2
3063,1
3064,1
3065,4
3066,5
3067,1
3068,3
3069,2
3070,3
3071,1
3072,1
3073,3
3074,2
3075,4
3076,5
3077,3
3078,3
3079,5
3080,2
3081,3
3082,3
3083,1
3084,3
3085,3
3086,3
3087,1
3088,1
3089,3
3090,1
3091,2
3092,4
3093,4
3094,4
3095,4
3096,4
3097,1
3098,2
3099,2
3100,3
3101,4
3102,3
3103,2
3104,2
3105,2
3106,2
3107,3
3108,2
3109,4
3110,1
3111,2
3112,3
3113,4
3114,1
3115,4
3116,4
3117,2
3118,2
3119,3
3120,3
3121,1
3122,2
3123,3
3124,2
3125,2
3126,4
3127,3
3128,4
3129,8
3130,2
3131,4
3132,3
3133,3
3134,2
3135,2
3136,2
3137,3
3138,2
3139,1
3140,5
3141,5
3142,5
3143,3
3144,5
3145,4
3146,2
3147,4
3148,1
3149,2
3150,3
3151,3
3152,1
3153,1
3154,4
3155,4
3156,1
3157,6
3158,2
3159,2
3160,4
3161,2
3162,4
3163,1
3164,3
3165,5
3166,5
3167,2
3168,2
3169,3
3170,2
3171,5
3172,1
3173,3
3174,2
3175,1
3176,7
3177,3
3178,3
3179,1
3180,1
3181,1
3182,1
3183,2
3184,5
3185,2
3186,2
3187,5
3188,7
3189,3
3190,3
3191,3
3192,4
3193,1
3194,1
3195,2
3196,2
3197,2
3198,3
3199,3
3200,3
3201,3
3202,3
3203,5
3204,4
3205,5
3206,3
3207,3
3208,2
3209,5
3210,3
3211,5
3212,3
3213,1
3214,2
3215,5
3216,2
3217,5
3218,3
3219,3
3220,1
3221,3
3222,2
3223,2
3224,2
3225,4
3226,5
3227,4
3228,1
3229,3
3230,3
3231,3
3232,1
3233,1
3234,5
3235,3
3236,2
3237,1
3238,2
3239,8
3240,2
3241,3
3242,3
3243,3
3244,1
3245,1
3246,7
3247,2
3248,3
3249,2
3250,3
3251,1
3252,4
3253,1
3254,5
3255,2
3256,4
3257,3
3258,4
3259,4
3260,2
3261,1
3262,2
3263,1
3264,3
3265,3
3266,1
3267,3
3268,2
3269,2
3270,3
3271,1
3272,2
3273,1
3274,5
3275,4
3276,3
3277,2
3278,4
3279,4
3280,4
3281,4
3282,4
3283,1
3284,1
3285,4
3286,1
3287,3
3288,3
3289,4
3290,1
3291,4
3292,1
3293,1
3294,1
3295,3
3296,4
3297,5
3298,1
3299,1
3300,1
3301,4
3302,1
3303,1
3304,3
3305,3
3306,3
3307,3
3308,3
3309,3
3310,3
3311,1
3312,1
3313,1
3314,4
3315,2
3316,1
3317,3
3318,3
3319,4
3320,4
3321,3
3322,1
3323,2
3324,1
3325,4
3326,2
3327,3
3328,2
3329,1
3330,2
3331,2
3332,4
3333,4
3334,3
3335,4
3336,4
3337,3
3338,1
3339,2
3340,5
3341,3
3342,2
3343,1
3344,4
3345,2
3346,2
3347,4
3348,2
3349,2
3350,1
3351,3
3352,3
3353,3
3354,3
3355,1
3356,2
3357,5
3358,2
3359,5
3360,4
3361,1
3362,1
3363,2
3364,2
3365,4
3366,4
3367,4
3368,3
3369,3
3370,3
3371,2
3372,2
3373,4
3374,1
3375,3
3376,3
3377,4
3378,3
3379,4
3380,3
3381,2
3382,1
3383,5
3384,1
3385,2
3386,3
3387,4
3388,3
3389,3
3390,3
3391,3
3392,4
3393,1
3394,3
3395,3
3396,3
3397,5
3398,2
3399,3
3400,2
3401,5
3402,5
3403,1
3404,4
3405,3
3406,3
3407,2
3408,3
3409,3
3410,3
3411,3
3412,2
3413,2
3414,1
3415,5
3416,1
3417,3
3418,2
3419,1
3420,3
3421,3
3422,1
3423,1
3424,2
3425,2
3426,2
3427,3
3428,2
3429,1
3430,3
3431,3
3432,4
3433,4
3434,2
3435,2
3436,2
3437,4
3438,2
3439,3
3440,3
3441,4
3442,3
3443,3
3444,3
3445,1
3446,2
3447,4
3448,3
3449,3
3450,3
3451,1
3452,3
3453,4
3454,4
3455,4
3456,1
3457,4
3458,4
3459,2
3460,1
3461,2
3462,1
3463,1
3464,4
3465,3
3466,1
3467,2
3468,4
3469,2
3470,3
3471,2
3472,3
3473,2
3474,3
3475,3
3476,1
3477,4
3478,1
3479,2
3480,2
3481,3
3482,3
3483,4
3484,1
3485,3
3486,2
3487,1
3488,3
3489,2
3490,1
3491,7
3492,2
3493,2
3494,1
3495,1
3496,2
3497,3
3498,2
3499,3
3500,5
3501,1
3502,1
3503,5
3504,4
3505,4
3506,1
3507,5
3508,3
3509,2
3510,3
3511,2
3512,3
3513,3
3514,3
3515,3
3516,4
3517,1
3518,3
3519,4
3520,4
3521,1
3522,1
3523,2
3524,1
3525,4
3526,2
3527,5
3528,2
3529,3
3530,2
3531,1
3532,3
3533,3
3534,2
3535,1
3536,3
3537,1
3538,4
3539,1
3540,4
3541,3
3542,4
3543,5
3544,5
3545,2
3546,2
3547,3
3548,3
3549,2
3550,4
3551,3
3552,3
3553,1
3554,3
3555,3
3556,3
3557,1
3558,2
3559,1
3560,3
3561,3
3562,2
3563,3
3564,2
3565,5
3566,2
3567,2
3568,2
3569,3
3570,3
3571,1
3572,1
3573,4
3574,4
3575,2
3576,2
3577,4
3578,4
3579,4
3580,4
3581,2
3582,3
3583,3
3584,1
3585,3
3586,2
3587,2
3588,3
3589,3
3590,2
3591,3
3592,3
3593,3
3594,3
3595,2
3596,2
3597,1
3598,3
3599,4
3600,2
3601,7
3602,3
3603,4
3604,2
3605,1
3606,3
3607,3
3608,1
3609,1
3610,3
3611,2
3612,1
3613,3
3614,5
3615,1
3616,1
3617,4
3618,3
3619,1
3620,1
3621,3
3622,1
3623,1
3624,2
3625,1
3626,3
3627,1
3628,3
3629,1
3630,7
3631,5
3632,3
3633,3
3634,2
3635,1
3636,1
3637,3
3638,2
3639,2
3640,4
3641,4
3642,1
3643,2
3644,2
3645,5
3646,5
3647,2
3648,4
3649,2
3650,3
3651,4
3652,3
3653,3
3654,4
3655,3
3656,2
3657,1
3658,3
3659,4
3660,3
3661,3
3662,1
3663,3
3664,3
3665,2
3666,3
3667,3
3668,2
3669,3
3670,1
3671,4
3672,2
3673,1
3674,5
3675,3
3676,4
3677,4
3678,3
3679,1
3680,4
3681,1
3682,4
3683,3
3684,3
3685,3
3686,3
3687,4
3688,5
3689,1
3690,4
3691,4
3692,2
3693,2
3694,4
3695,4
3696,1
3697,3
3698,2
3699,2
3700,1
3701,4
3702,4
3703,1
3704,5
3705,1
3706,4
3707,3
3708,3
3709,2
3710,2
3711,2
3712,1
3713,4
3714,3
3715,3
3716,4
3717,1
3718,3
3719,4
3720,3
3721,5
3722,3
3723,3
3724,3
3725,3
3726,1
3727,3
3728,5
3729,1
3730,3
3731,3
3732,3
3733,1
3734,2
3735,3
3736,3
3737,1
3738,2
3739,1
3740,2
3741,2
3742,3
3743,3
3744,4
3745,1
3746,3
3747,3
3748,4
3749,3
3750,2
3751,3
3752,3
3753,2
3754,3
3755,4
3756,3
3757,3
3758,3
3759,4
3760,2
3761,2
3762,3
3763,1
3764,3
3765,4
3766,2
3767,4
3768,3
3769,3
3770,4
3771,4
3772,1
3773,1
3774,3
3775,5
3776,4
3777,7
3778,2
3779,1
3780,2
3781,4
3782,5
3783,3
3784,3
3785,4
3786,4
3787,1
3788,2
3789,3
3790,4
3791,1
3792,5
3793,3
3794,5
3795,3
3796,3
3797,4
3798,1
3799,2
3800,1
3801,3
3802,3
3803,4
3804,4
3805,4
3806,4
3807,5
3808,2
3809,1
3810,2
3811,2
3812,1
3813,1
3814,2
3815,1
3816,1
3817,5
3818,3
3819,1
3820,1
3821,4
3822,4
3823,2
3824,3
3825,3
3826,3
3827,5
3828,3
3829,2
3830,5
3831,3
3832,4
3833,3
3834,3
3835,2
3836,1
3837,2
3838,2
3839,4
3840,1
3841,3
3842,2
3843,1
3844,3
3845,2
3846,5
3847,4
3848,4
3849,4
3850,2
3851,2
3852,5
3853,1
3854,2
3855,4
3856,3
3857,3
3858,2
3859,1
3860,4
3861,2
3862,3
3863,4
3864,5
3865,4
3866,3
3867,1
3868,2
3869,2
3870,3
3871,1
3872,1
3873,2
3874,5
3875,5
3876,2
3877,4
3878,1
3879,3
3880,1
3881,2
3882,2
3883,3
3884,2
3885,3
3886,4
3887,1
3888,4
3889,1
3890,5
3891,1
3892,5
3893,4
3894,3
3895,2
3896,1
3897,4
3898,3
3899,3
3900,1
3901,1
3902,4
3903,4
3904,5
3905,2
3906,3
3907,2
3908,3
3909,1
3910,3
3911,3
3912,1
3913,2
3914,3
3915,2
3916,7
3917,7
3918,2
3919,1
3920,2
3921,3
3922,4
3923,1
3924,3
3925,2
3926,2
3927,2
3928,1
3929,4
3930,2
3931,2
3932,4
3933,4
3934,4
3935,2
3936,2
3937,1
3938,4
3939,1
3940,5
3941,1
3942,1
3943,2
3944,1
3945,2
3946,3
3947,1
3948,2
3949,1
3950,1
3951,3
3952,2
3953,4
3954,3
3955,2
3956,4
3957,2
3958,3
3959,4
3960,1
3961,2
3962,2
3963,1
3964,3
3965,2
3966,3
3967,2
3968,5
3969,1
3970,4
3971,1
3972,2
3973,3
3974,3
3975,3
3976,1
3977,1
3978,2
3979,2
3980,2
3981,3
3982,5
3983,1
3984,3
3985,2
3986,3
3987,2
3988,2
3989,2
3990,2
3991,2
3992,2
3993,2
3994,1
3995,4
3996,4
3997,2
3998,2
3999,7
4000,3
4001,3
4002,1
4003,4
4004,2
4005,4
4006,3
4007,5
4008,3
4009,3
4010,1
4011,1
4012,3
4013,2
4014,2
4015,4
4016,4
4017,4
4018,2
4019,1
4020,1
4021,2
4022,5
4023,3
4024,2
4025,4
4026,3
4027,2
4028,2
4029,3
4030,3
4031,3
4032,4
4033,5
4034,4
4035,4
4036,2
4037,1
4038,1
4039,2
4040,2
4041,4
4042,2
4043,3
4044,2
4045,2
4046,3
4047,3
4048,4
4049,3
4050,5
4051,4
4052,1
4053,5
4054,3
4055,3
4056,2
4057,3
4058,3
4059,5
4060,3
4061,3
4062,3
4063,3
4064,4
4065,1
4066,3
4067,4
4068,2
4069,3
4070,3
4071,3
4072,4
4073,4
4074,5
4075,4
4076,3
4077,2
4078,4
4079,5
4080,1
4081,1
4082,2
4083,2
4084,2
4085,5
4086,2
4087,5
4088,3
4089,3
4090,2
4091,2
4092,5
4093,3
4094,3
4095,3
4096,3
4097,1
4098,3
4099,4
4100,3
4101,3
4102,2
4103,3
4104,2
4105,2
4106,5
4107,2
4108,2
4109,1
4110,4
4111,3
4112,3
4113,5
4114,2
4115,1
4116,3
4117,4
4118,4
4119,2
4120,3
4121,1
4122,3
4123,3
4124,4
4125,2
4126,5
4127,2
4128,4
4129,3
4130,2
4131,4
4132,2
4133,3
4134,3
4135,3
4136,2
4137,1
4138,4
4139,3
4140,3
4141,1
4142,3
4143,3
4144,3
4145,1
4146,1
4147,1
4148,2
4149,2
4150,4
4151,2
4152,3
4153,1
4154,3
4155,2
4156,2
4157,3
4158,2
4159,4
4160,3
4161,4
4162,3
4163,1
4164,1
4165,1
4166,1
4167,4
4168,4
4169,2
4170,4
4171,4
4172,4
4173,1
4174,4
4175,4
4176,3
4177,3
4178,1
4179,3
4180,3
4181,1
4182,1
4183,4
4184,2
4185,4
4186,4
4187,2
4188,4
4189,1
4190,1
4191,1
4192,4
4193,4
4194,2
4195,2
4196,4
4197,7
4198,1
4199,3
4200,2
4201,1
4202,4
4203,4
4204,2
4205,1
4206,1
4207,7
4208,1
4209,3
4210,2
4211,1
4212,1
4213,3
4214,3
4215,5
4216,2
4217,1
4218,3
4219,2
4220,5
4221,3
4222,4
4223,4
4224,3
4225,3
4226,3
4227,3
4228,3
4229,7
4230,7
4231,4
4232,3
4233,2
4234,1
4235,4
4236,4
4237,4
4238,3
4239,1
4240,1
4241,1
4242,2
4243,3
4244,4
4245,2
4246,3
4247,1
4248,3
4249,3
4250,3
4251,4
4252,7
4253,1
4254,1
4255,4
4256,4
4257,3
4258,2
4259,2
4260,1
4261,3
4262,5
4263,5
4264,1
4265,3
4266,3
4267,3
4268,3
4269,5
4270,1
4271,1
4272,5
4273,3
4274,2
4275,4
4276,2
4277,4
4278,3
4279,3
4280,1
4281,4
4282,3
4283,2
4284,1
4285,2
4286,3
4287,4
4288,4
4289,3
4290,1
4291,4
4292,1
4293,3
4294,3
4295,2
4296,2
4297,1
4298,1
4299,4
4300,2
4301,4
4302,2
4303,2
4304,1
4305,4
4306,4
4307,2
4308,3
4309,4
4310,3
4311,1
4312,1
4313,1
4314,2
4315,5
4316,2
4317,4
4318,2
4319,2
4320,1
4321,3
4322,4
4323,3
4324,2
4325,4
4326,3
4327,4
4328,3
4329,5
4330,3
4331,3
4332,5
4333,2
4334,2
4335,3
4336,5
4337,1
4338,4
4339,7
4340,2
4341,3
4342,3
4343,5
4344,4
4345,1
4346,3
4347,4
4348,4
4349,3
4350,3
4351,3
4352,2
4353,4
4354,2
4355,2
4356,3
4357,2
4358,2
4359,1
4360,2
4361,3
4362,4
4363,3
4364,3
4365,2
4366,3
4367,3
4368,3
4369,1
4370,1
4371,1
4372,4
4373,4
4374,1
4375,1
4376,1
4377,1
4378,3
4379,1
4380,3
4381,3
4382,2
4383,3
4384,5
4385,4
4386,4
4387,4
4388,1
4389,4
4390,2
4391,2
4392,3
4393,1
4394,1
4395,5
4396,5
4397,2
4398,4
4399,4
4400,3
4401,2
4402,4
4403,1
4404,2
4405,3
4406,4
4407,1
4408,1
4409,1
4410,2
4411,1
4412,3
4413,3
4414,1
4415,1
4416,2
4417,1
4418,1
4419,3
4420,3
4421,2
4422,1
4423,3
4424,3
4425,3
4426,4
4427,3
4428,3
4429,4
4430,2
4431,1
4432,7
4433,2
4434,5
4435,5
4436,3
4437,5
4438,3
4439,3
4440,7
4441,7
4442,4
4443,7
4444,2
4445,7
4446,2
4447,5
4448,2
4449,3
4450,1
4451,3
4452,4
4453,2
4454,3
4455,3
4456,4
4457,5
4458,5
4459,5
4460,4
4461,1
4462,3
4463,3
4464,1
4465,1
4466,3
4467,1
4468,3
4469,5
4470,5
4471,3
4472,3
4473,3
4474,1
4475,3
4476,3
4477,2
4478,5
4479,4
4480,3
4481,3
4482,4
4483,4
4484,2
4485,2
4486,2
4487,4
4488,4
4489,4
4490,3
4491,1
4492,1
4493,7
4494,3
4495,4
4496,3
4497,2
4498,2
4499,2
4500,3
4501,3
4502,4
4503,2
4504,4
4505,3
4506,1
4507,1
4508,3
4509,1
4510,5
4511,1
4512,4
4513,3
4514,2
4515,4
4516,3
4517,5
4518,4
4519,3
4520,2
4521,5
4522,2
4523,3
4524,2
4525,4
4526,4
4527,4
4528,4
4529,1
4530,2
4531,3
4532,3
4533,1
4534,1
4535,5
4536,3
4537,2
4538,1
4539,7
4540,5
4541,1
4542,3
4543,3
4544,3
4545,4
4546,2
4547,5
4548,3
4549,1
4550,1
4551,3
4552,3
4553,3
4554,2
4555,5
4556,3
4557,3
4558,3
4559,2
4560,2
4561,4
4562,1
4563,4
4564,4
4565,1
4566,2
4567,2
4568,1
4569,3
4570,1
4571,2
4572,2
4573,3
4574,3
4575,2
4576,1
4577,1
4578,4
4579,2
4580,3
4581,4
4582,3
4583,3
4584,3
4585,3
4586,3
4587,5
4588,1
4589,4
4590,4
4591,1
4592,4
4593,3
4594,3
4595,3
4596,2
4597,5
4598,4
4599,3
4600,2
4601,4
4602,1
4603,2
4604,1
4605,1
4606,1
4607,2
4608,3
4609,4
4610,4
4611,1
4612,1
4613,1
4614,4
4615,1
4616,3
4617,1
4618,3
4619,1
4620,1
4621,4
4622,4
4623,1
4624,4
4625,4
4626,3
4627,3
4628,3
4629,3
4630,4
4631,1
4632,4
4633,5
4634,1
4635,5
4636,5
4637,2
4638,3
4639,3
4640,2
4641,5
4642,3
4643,5
4644,1
4645,2
4646,4
4647,3
4648,3
4649,3
4650,2
4651,1
4652,1
4653,1
4654,5
4655,3
4656,2
4657,2
4658,1
4659,2
4660,2
4661,4
4662,2
4663,2
4664,1
4665,2
4666,1
4667,3
4668,7
4669,2
4670,2
4671,3
4672,3
4673,3
4674,3
4675,2
4676,3
4677,2
4678,2
4679,3
4680,2
4681,3
4682,3
4683,2
4684,3
4685,3
4686,3
4687,2
4688,5
4689,2
4690,2
4691,3
4692,3
4693,3
4694,3
4695,3
4696,2
4697,2
4698,2
4699,3
4700,1
4701,1
4702,2
4703,3
4704,7
4705,4
4706,1
4707,2
4708,2
4709,2
4710,3
4711,1
4712,1
4713,3
4714,1
4715,1
4716,2
4717,1
4718,1
4719,1
4720,1
4721,5
4722,4
4723,4
4724,4
4725,2
4726,4
4727,3
4728,1
4729,2
4730,2
4731,2
4732,4
4733,2
4734,2
4735,3
4736,4
4737,4
4738,3
4739,3
4740,1
4741,1
4742,1
4743,2
4744,2
4745,1
4746,2
4747,3
4748,3
4749,5
4750,3
4751,5
4752,3
4753,1
4754,2
4755,2
4756,3
4757,3
4758,4
4759,1
4760,4
4761,3
4762,3
4763,4
4764,1
4765,1
4766,1
4767,2
4768,1
4769,1
4770,7
4771,1
4772,5
4773,6
4774,2
4775,3
4776,2
4777,1
4778,5
4779,2
4780,1
4781,4
4782,3
4783,3
4784,3
4785,3
4786,5
4787,1
4788,2
4789,3
4790,2
4791,3
4792,3
4793,3
4794,4
4795,3
4796,1
4797,3
4798,2
4799,5
4800,2
4801,2
4802,4
4803,2
4804,2
4805,1
4806,2
4807,1
4808,4
4809,3
4810,4
4811,2
4812,2
4813,3
4814,3
4815,2
4816,1
4817,4
4818,2
4819,2
4820,4
4821,3
4822,3
4823,3
4824,3
4825,2
4826,2
4827,7
4828,7
4829,3
4830,1
4831,3
4832,4
4833,1
4834,2
4835,4
4836,2
4837,4
4838,3
4839,2
4840,4
4841,2
4842,4
4843,3
4844,5
4845,2
4846,1
4847,2
4848,1
4849,5
4850,3
4851,1
4852,1
4853,3
4854,5
4855,1
4856,3
4857,5
4858,2
4859,5
4860,4
4861,1
4862,2
4863,2
4864,3
4865,4
4866,1
4867,1
4868,2
4869,4
4870,4
4871,2
4872,4
4873,5
4874,3
4875,3
4876,2
4877,1
4878,1
4879,4
4880,1
4881,3
4882,1
4883,3
4884,1
4885,4
4886,5
4887,3
4888,4
4889,5
4890,2
4891,4
4892,1
4893,4
4894,3
4895,2
4896,4
4897,4
4898,1
4899,2
4900,5
4901,3
4902,4
4903,1
4904,5
4905,3
4906,4
4907,1
4908,3
4909,4
4910,2
4911,3
4912,1
4913,3
4914,2
4915,3
4916,3
4917,3
4918,3
4919,3
4920,4
4921,3
4922,2
4923,2
4924,4
4925,2
4926,2
4927,1
4928,1
4929,4
4930,5
4931,4
4932,3
4933,1
4934,4
4935,1
4936,3
4937,1
4938,3
4939,1
4940,3
4941,1
4942,1
4943,4
4944,4
4945,4
4946,4
4947,4
4948,2
4949,5
4950,5
4951,1
4952,1
4953,1
4954,1
4955,3
4956,3
4957,1
4958,1
4959,5
4960,5
4961,5
4962,5
4963,1
4964,2
4965,1
4966,1
4967,1
4968,2
4969,3
4970,4
4971,7
4972,3
4973,4
4974,5
4975,1
4976,4
4977,2
4978,3
4979,3
4980,1
4981,3
4982,5
4983,1
4984,2
4985,3
4986,1
4987,3
4988,3
4989,2
4990,3
4991,3
4992,2
4993,2
4994,2
4995,3
4996,1
4997,2
4998,4
4999,2
5000,5
5001,4
5002,4
5003,2
5004,2
5005,3
5006,3
5007,3
5008,3
5009,4
5010,1
5011,2
5012,2
5013,2
5014,1
5015,3
5016,3
5017,3
5018,1
5019,3
5020,3
5021,2
5022,3
5023,1
5024,1
5025,5
5026,3
5027,1
5028,3
5029,3
5030,2
5031,1
5032,5
5033,4
5034,2
5035,3
5036,1
5037,3
5038,4
5039,2
5040,2
5041,1
5042,2
5043,3
5044,2
5045,3
5046,2
5047,4
5048,4
5049,3
5050,1
5051,1
5052,1
5053,4
5054,3
5055,2
5056,4
5057,3
5058,3
5059,3
5060,1
5061,2
5062,2
5063,4
5064,1
5065,2
5066,2
5067,1
5068,2
5069,5
5070,3
5071,2
5072,2
5073,2
5074,1
5075,4
5076,4
5077,4
5078,1
5079,7
5080,1
5081,3
5082,3
5083,3
5084,1
5085,3
5086,7
5087,1
5088,5
5089,1
5090,1
5091,2
5092,3
5093,2
5094,1
5095,2
5096,1
5097,5
5098,5
5099,3
5100,4
5101,3
5102,1
5103,4
5104,4
5105,3
5106,4
5107,1
5108,1
5109,3
5110,3
5111,2
5112,3
5113,2
5114,3
5115,1
5116,1
5117,1
5118,1
5119,1
5120,2
5121,1
5122,2
5123,2
5124,1
5125,4
5126,1
5127,3
5128,2
5129,1
5130,5
5131,1
5132,1
5133,1
5134,3
5135,1
5136,1
5137,3
5138,1
5139,2
5140,1
5141,2
5142,1
5143,3
5144,1
5145,2
5146,4
5147,4
5148,4
5149,2
5150,1
5151,3
5152,1
5153,3
5154,4
5155,1
5156,4
5157,2
5158,1
5159,1
5160,3
5161,3
5162,2
5163,3
5164,2
5165,1
5166,4
5167,2
5168,2
5169,3
5170,3
5171,1
5172,1
5173,4
5174,1
5175,2
5176,1
5177,2
5178,4
5179,3
5180,1
5181,4
5182,3
5183,3
5184,2
5185,2
5186,1
5187,1
5188,4
5189,1
5190,1
5191,3
5192,3
5193,4
5194,3
5195,1
5196,2
5197,1
5198,5
5199,5
5200,5
5201,1
5202,1
5203,4
5204,3
5205,1
5206,5
5207,2
5208,3
5209,3
5210,4
5211,2
5212,4
5213,1
5214,3
5215,3
5216,3
5217,1
5218,4
5219,3
5220,3
5221,3
5222,4
5223,4
5224,4
5225,2
5226,1
5227,1
5228,2
5229,4
5230,2
5231,4
5232,2
5233,1
5234,2
5235,4
5236,2
5237,3
5238,1
5239,2
5240,2
5241,4
5242,1
5243,3
5244,1
5245,3
5246,1
5247,4
5248,3
5249,3
5250,1
5251,5
5252,4
5253,2
5254,4
5255,5
5256,3
5257,4
5258,2
5259,3
5260,1
5261,3
5262,3
5263,4
5264,2
5265,5
5266,5
5267,5
5268,3
5269,3
5270,3
5271,3
5272,2
5273,3
5274,3
5275,3
5276,3
5277,1
5278,4
5279,4
5280,4
5281,1
5282,1
5283,1
5284,2
5285,5
5286,3
5287,5
5288,2
5289,4
5290,7
5291,1
5292,1
5293,3
5294,3
5295,2
5296,2
5297,3
5298,2
5299,1
5300,2
5301,1
5302,1
5303,3
5304,3
5305,3
5306,3
5307,2
5308,3
5309,4
5310,5
5311,1
5312,3
5313,2
5314,1
5315,3
5316,1
5317,2
5318,2
5319,2
5320,3
5321,1
5322,2
5323,3
5324,1
5325,1
5326,1
5327,1
5328,4
5329,5
5330,3
5331,1
5332,1
5333,1
5334,1
5335,5
5336,4
5337,3
5338,3
5339,2
5340,1
5341,2
5342,1
5343,1
5344,4
5345,3
5346,4
5347,4
5348,3
5349,2
5350,4
5351,1
5352,4
5353,1
5354,1
5355,2
5356,3
5357,3
5358,7
5359,3
5360,3
5361,3
5362,4
5363,3
5364,3
5365,3
5366,1
5367,4
5368,3
5369,3
5370,2
5371,2
5372,2
5373,4
5374,3
5375,7
5376,4
5377,2
5378,4
5379,2
5380,2
5381,5
5382,3
5383,2
5384,3
5385,4
5386,1
5387,1
5388,5
5389,7
5390,2
5391,2
5392,2
5393,3
5394,5
5395,3
5396,3
5397,3
5398,2
5399,1
5400,4
5401,3
5402,1
5403,4
5404,1
5405,1
5406,5
5407,3
5408,4
5409,3
5410,3
5411,4
5412,1
5413,5
5414,2
5415,1
5416,2
5417,2
5418,1
5419,4
5420,2
5421,2
5422,2
5423,1
5424,1
5425,1
5426,1
5427,1
5428,3
5429,4
5430,1
5431,1
5432,1
5433,4
5434,4
5435,4
5436,1
5437,1
5438,4
5439,2
5440,3
5441,1
5442,3
5443,1
5444,2
5445,3
5446,2
5447,3
5448,4
5449,3
5450,2
5451,3
5452,5
5453,1
5454,4
5455,2
5456,3
5457,2
5458,3
5459,3
5460,2
5461,5
5462,5
5463,2
5464,3
5465,5
5466,3
5467,3
5468,7
5469,3
5470,1
5471,3
5472,1
5473,4
5474,6
5475,4
5476,4
5477,4
5478,4
5479,2
5480,3
5481,1
5482,7
5483,3
5484,3
5485,2
5486,2
5487,3
5488,3
5489,2
5490,3
5491,1
5492,4
5493,7
5494,4
5495,4
5496,2
5497,4
5498,3
5499,1
5500,2
5501,3
5502,1
5503,1
5504,2
5505,3
5506,1
5507,2
5508,5
5509,1
5510,2
5511,4
5512,3
5513,3
5514,2
5515,5
5516,3
5517,2
5518,3
5519,2
5520,3
5521,2
5522,2
5523,4
5524,3
5525,2
5526,5
5527,1
5528,2
5529,2
5530,2
5531,2
5532,4
5533,1
5534,7
5535,1
5536,2
5537,3
5538,5
5539,2
5540,1
5541,3
5542,3
5543,3
5544,1
5545,7
5546,4
5547,2
5548,4
5549,1
5550,3
5551,2
5552,2
5553,3
5554,2
5555,5
5556,4
5557,2
5558,2
5559,3
5560,1
5561,1
5562,5
5563,3
5564,3
5565,2
5566,1
5567,4
5568,2
5569,1
5570,3
5571,4
5572,4
5573,3
5574,3
5575,3
5576,3
5577,1
5578,2
5579,4
5580,3
5581,2
5582,2
5583,1
5584,3
5585,1
5586,3
5587,2
5588,2
5589,2
5590,1
5591,2
5592,1
5593,5
5594,2
5595,4
5596,1
5597,1
5598,1
5599,3
5600,3
5601,3
5602,5
5603,4
5604,2
5605,2
5606,2
5607,1
5608,4
5609,1
5610,4
5611,3
5612,3
5613,2
5614,3
5615,3
5616,2
5617,4
5618,5
5619,3
5620,3
5621,1
5622,3
5623,1
5624,4
5625,3
5626,1
5627,4
5628,4
5629,3
5630,3
5631,4
5632,1
5633,2
5634,1
5635,1
5636,1
5637,5
5638,3
5639,3
5640,2
5641,2
5642,1
5643,2
5644,1
5645,3
5646,1
5647,2
5648,5
5649,2
5650,4
5651,4
5652,2
5653,2
5654,3
5655,3
5656,2
5657,2
5658,2
5659,1
5660,3
5661,3
5662,2
5663,1
5664,1
5665,1
5666,1
5667,4
5668,1
5669,1
5670,4
5671,2
5672,4
5673,1
5674,3
5675,3
5676,2
5677,3
5678,2
5679,2
5680,3
5681,3
5682,1
5683,5
5684,3
5685,2
5686,1
5687,1
5688,3
5689,4
5690,4
5691,1
5692,2
5693,3
5694,4
5695,1
5696,2
5697,2
5698,2
5699,2
5700,4
5701,3
5702,3
5703,3
5704,3
5705,3
5706,3
5707,2
5708,5
5709,3
5710,2
5711,4
5712,2
5713,1
5714,1
5715,5
5716,1
5717,2
5718,3
5719,1
5720,1
5721,3
5722,3
5723,3
5724,1
5725,3
5726,2
5727,1
5728,1
5729,3
5730,3
5731,2
5732,2
5733,3
5734,3
5735,2
5736,2
5737,1
5738,3
5739,3
5740,3
5741,1
5742,1
5743,4
5744,2
5745,4
5746,1
5747,2
5748,3
5749,3
5750,3
5751,3
5752,1
5753,2
5754,2
5755,7
5756,3
5757,2
5758,3
5759,3
5760,4
5761,4
5762,4
5763,4
5764,2
5765,3
5766,3
5767,3
5768,1
5769,3
5770,2
5771,3
5772,3
5773,3
5774,4
5775,2
5776,4
5777,3
5778,3
5779,4
5780,2
5781,1
5782,1
5783,5
5784,1
5785,4
5786,2
5787,2
5788,3
5789,1
5790,3
5791,3
5792,3
5793,2
5794,4
5795,4
5796,4
5797,1
5798,3
5799,3
5800,3
5801,4
5802,3
5803,1
5804,3
5805,2
5806,2
5807,3
5808,1
5809,2
5810,2
5811,1
5812,2
5813,1
5814,3
5815,2
5816,3
5817,3
5818,4
5819,2
5820,2
5821,2
5822,2
5823,4
5824,2
5825,3
5826,2
5827,2
5828,1
5829,3
5830,4
5831,3
5832,4
5833,2
5834,1
5835,4
5836,4
5837,2
5838,3
5839,4
5840,1
5841,1
5842,1
5843,3
5844,3
5845,2
5846,3
5847,2
5848,5
5849,2
5850,3
5851,4
5852,3
5853,4
5854,1
5855,3
5856,4
5857,5
5858,2
5859,5
5860,2
5861,3
5862,3
5863,3
5864,3
5865,3
5866,3
5867,3
5868,4
5869,3
5870,1
5871,3
5872,3
5873,3
5874,2
5875,5
5876,5
5877,1
5878,3
5879,3
5880,1
5881,4
5882,2
5883,2
5884,2
5885,2
5886,2
5887,3
5888,3
5889,3
5890,3
5891,3
5892,1
5893,3
5894,3
5895,1
5896,3
5897,3
5898,3
5899,2
5900,2
5901,3
5902,3
5903,3
5904,3
5905,2
5906,3
5907,3
5908,3
5909,1
5910,1
5911,5
5912,2
5913,1
5914,1
5915,4
5916,4
5917,3
5918,1
5919,1
5920,1
5921,2
5922,3
5923,1
5924,3
5925,4
5926,1
5927,5
5928,1
5929,1
5930,3
5931,2
5932,3
5933,7
5934,1
5935,4
5936,3
5937,2
5938,2
5939,1
5940,1
5941,3
5942,3
5943,5
5944,4
5945,4
5946,1
5947,1
5948,5
5949,3
5950,2
5951,3
5952,3
5953,1
5954,1
5955,3
5956,3
5957,1
5958,3
5959,1
5960,3
5961,3
5962,2
5963,2
5964,3
5965,3
5966,2
5967,2
5968,2
5969,2
5970,2
5971,2
5972,1
5973,4
5974,3
5975,4
5976,3
5977,3
5978,3
5979,4
5980,4
5981,3
5982,2
5983,2
5984,1
5985,3
5986,1
5987,1
5988,1
5989,2
5990,2
5991,2
5992,2
5993,2
5994,2
5995,1
5996,4
5997,3
5998,3
5999,1
6000,3
6001,3
6002,2
6003,2
6004,2
6005,3
6006,4
6007,3
6008,3
6009,3
6010,5
6011,1
6012,1
6013,4
6014,1
6015,4
6016,2
6017,2
6018,3
6019,1
6020,2
6021,3
6022,3
6023,3
6024,1
6025,1
6026,4
6027,4
6028,3
6029,2
6030,4
6031,1
6032,1
6033,3
6034,1
6035,1
6036,3
6037,1
6038,3
6039,3
6040,3
6041,3
6042,1
6043,2
6044,2
6045,3
6046,3
6047,5
6048,5
6049,3
6050,3
6051,3
6052,1
6053,3
6054,1
6055,2
6056,1
6057,2
6058,3
6059,5
6060,2
6061,1
6062,2
6063,1
6064,1
6065,5
6066,2
6067,2
6068,2
6069,3
6070,2
6071,1
6072,4
6073,3
6074,2
6075,4
6076,1
6077,2
6078,5
6079,2
6080,1
6081,3
6082,3
6083,5
6084,2
6085,2
6086,2
6087,3
6088,3
6089,2
6090,4
6091,4
6092,2
6093,3
6094,3
6095,5
6096,3
6097,3
6098,2
6099,3
6100,3
6101,7
6102,1
6103,3
6104,4
6105,5
6106,2
6107,3
6108,1
6109,7
6110,1
6111,2
6112,2
6113,3
6114,1
6115,2
6116,1
6117,4
6118,2
6119,2
6120,1
6121,1
6122,2
6123,2
6124,5
6125,3
6126,3
6127,3
6128,2
6129,3
6130,2
6131,5
6132,5
6133,4
6134,2
6135,1
6136,1
6137,3
6138,3
6139,3
6140,1
6141,2
6142,3
6143,3
6144,1
6145,1
6146,3
6147,3
6148,3
6149,3
6150,3
6151,2
6152,2
6153,3
6154,1
6155,4
6156,3
6157,2
6158,1
6159,4
6160,3
6161,2
6162,3
6163,4
6164,2
6165,3
6166,1
6167,1
6168,1
6169,5
6170,1
6171,3
6172,2
6173,4
6174,4
6175,1
6176,1
6177,2
6178,4
6179,1
6180,1
6181,1
6182,1
6183,1
6184,1
6185,4
6186,3
6187,5
6188,1
6189,1
6190,2
6191,1
6192,4
6193,1
6194,4
6195,3
6196,1
6197,2
6198,2
6199,1
6200,1
6201,1
6202,3
6203,4
6204,2
6205,7
6206,7
6207,1
6208,2
6209,1
6210,3
6211,3
6212,1
6213,3
6214,3
6215,2
6216,1
6217,3
6218,4
6219,1
6220,5
6221,3
6222,3
6223,3
6224,4
6225,3
6226,1
6227,2
6228,4
6229,1
6230,4
6231,3
6232,1
6233,1
6234,2
6235,2
6236,2
6237,2
6238,2
6239,1
6240,1
6241,2
6242,2
6243,1
6244,2
6245,1
6246,3
6247,4
6248,2
6249,1
6250,3
6251,4
6252,4
6253,3
6254,3
6255,2
6256,4
6257,2
6258,4
6259,1
6260,2
6261,4
6262,1
6263,2
6264,1
6265,7
6266,1
6267,3
6268,3
6269,5
6270,5
6271,1
6272,1
6273,2
6274,2
6275,3
6276,4
6277,2
6278,4
6279,4
6280,4
6281,2
6282,5
6283,5
6284,4
6285,3
6286,3
6287,3
6288,3
6289,5
6290,1
6291,4
6292,3
6293,2
6294,3
6295,3
6296,4
6297,3
6298,3
6299,3
6300,4
6301,3
6302,4
6303,1
6304,2
6305,2
6306,3
6307,1
6308,1
6309,3
6310,3
6311,1
6312,2
6313,4
6314,3
6315,2
6316,2
6317,2
6318,3
6319,7
6320,3
6321,3
6322,3
6323,2
6324,2
6325,4
6326,2
6327,1
6328,2
6329,4
6330,5
6331,3
6332,2
6333,4
6334,4
6335,3
6336,1
6337,1
6338,2
6339,4
6340,2
6341,1
6342,2
6343,5
6344,3
6345,5
6346,5
6347,2
6348,4
6349,3
6350,4
6351,1
6352,3
6353,3
6354,4
6355,2
6356,1
6357,1
6358,3
6359,2
6360,3
6361,3
6362,3
6363,5
6364,3
6365,3
6366,3
6367,4
6368,3
6369,3
6370,3
6371,4
6372,4
6373,1
6374,4
6375,2
6376,2
6377,4
6378,2
6379,2
6380,2
6381,5
6382,4
6383,5
6384,1
6385,1
6386,5
6387,5
6388,1
6389,4
6390,2
6391,3
6392,3
6393,5
6394,4
6395,3
6396,3
6397,4
6398,4
6399,1
6400,1
6401,3
6402,2
6403,2
6404,3
6405,3
6406,1
6407,3
6408,5
6409,1
6410,2
6411,4
6412,4
6413,4
6414,1
6415,4
6416,3
6417,2
6418,1
6419,1
6420,3
6421,3
6422,3
6423,3
6424,5
6425,4
6426,2
6427,3
6428,4
6429,4
6430,1
6431,3
6432,3
6433,4
6434,2
6435,1
6436,4
6437,1
6438,1
6439,1
6440,2
6441,3
6442,1
6443,2
6444,5
6445,7
6446,1
6447,5
6448,3
6449,1
6450,3
6451,4
6452,1
6453,4
6454,5
6455,3
6456,1
6457,4
6458,1
6459,1
6460,4
6461,1
6462,1
6463,3
6464,5
6465,1
6466,3
6467,3
6468,3
6469,1
6470,1
6471,3
6472,2
6473,2
6474,3
6475,4
6476,7
6477,4
6478,4
6479,2
6480,3
6481,4
6482,3
6483,5
6484,3
6485,3
6486,4
6487,2
6488,4
6489,1
6490,2
6491,2
6492,3
6493,2
6494,3
6495,3
6496,4
6497,1
6498,1
6499,1
6500,1
6501,2
6502,2
6503,2
6504,2
6505,3
6506,4
6507,2
6508,2
6509,2
6510,2
6511,2
6512,3
6513,1
6514,1
6515,3
6516,3
6517,1
6518,5
6519,4
6520,3
6521,5
6522,2
6523,2
6524,1
6525,3
6526,4
6527,7
6528,2
6529,2
6530,2
6531,2
6532,1
6533,3
6534,3
6535,3
6536,4
6537,1
6538,1
6539,1
6540,4
6541,4
6542,3
6543,3
6544,3
6545,2
6546,3
6547,2
6548,1
6549,3
6550,3
6551,2
6552,5
6553,5
6554,5
6555,3
6556,2
6557,5
6558,1
6559,4
6560,4
6561,3
6562,3
6563,1
6564,2
6565,2
6566,3
6567,3
6568,2
6569,5
6570,1
6571,2
6572,3
6573,3
6574,3
6575,1
6576,5
6577,2
6578,3
6579,3
6580,3
6581,3
6582,3
6583,1
6584,1
6585,4
6586,3
6587,3
6588,4
6589,4
6590,3
6591,3
6592,2
6593,7
6594,3
6595,2
6596,1
6597,3
6598,2
6599,3
6600,1
6601,2
6602,3
6603,4
6604,1
6605,3
6606,1
6607,3
6608,1
6609,1
6610,2
6611,2
6612,1
6613,1
6614,4
6615,2
6616,1
6617,2
6618,3
6619,3
6620,3
6621,1
6622,2
6623,3
6624,3
6625,1
6626,1
6627,3
6628,1
6629,3
6630,5
6631,4
6632,5
6633,1
6634,3
6635,2
6636,3
6637,1
6638,1
6639,1
6640,3
6641,3
6642,3
6643,7
6644,3
6645,1
6646,4
6647,3
6648,1
6649,2
6650,2
6651,4
6652,3
6653,2
6654,2
6655,1
6656,5
6657,2
6658,5
6659,2
6660,3
6661,3
6662,2
6663,2
6664,2
6665,4
6666,2
6667,3
6668,3
6669,2
6670,4
6671,2
6672,1
6673,1
6674,2
6675,4
6676,1
6677,3
6678,4
6679,1
6680,3
6681,3
6682,3
6683,1
6684,3
6685,3
6686,2
6687,2
6688,5
6689,1
6690,1
6691,5
6692,1
6693,1
6694,3
6695,3
6696,4
6697,4
6698,3
6699,4
6700,3
6701,3
6702,3
6703,1
6704,4
6705,4
6706,7
6707,1
6708,1
6709,1
6710,3
6711,3
6712,3
6713,3
6714,5
6715,4
6716,4
6717,5
6718,2
6719,1
6720,3
6721,3
6722,1
6723,1
6724,4
6725,4
6726,5
6727,1
6728,1
6729,7
6730,4
6731,4
6732,1
6733,1
6734,5
6735,4
6736,3
6737,3
6738,1
6739,4
6740,4
6741,3
6742,3
6743,1
6744,2
6745,4
6746,4
6747,3
6748,2
6749,2
6750,3
6751,1
6752,3
6753,4
6754,1
6755,2
6756,1
6757,1
6758,1
6759,1
6760,3
6761,2
6762,2
6763,2
6764,5
6765,2
6766,2
6767,3
6768,3
6769,3
6770,2
6771,3
6772,3
6773,3
6774,1
6775,1
6776,3
6777,3
6778,3
6779,4
6780,4
6781,3
6782,3
6783,5
6784,2
6785,4
6786,5
6787,4
6788,5
6789,4
6790,7
6791,2
6792,2
6793,3
6794,3
6795,3
6796,4
6797,2
6798,1
6799,3
6800,3
6801,3
6802,2
6803,3
6804,3
6805,2
6806,3
6807,3
6808,3
6809,3
6810,3
6811,3
6812,1
6813,3
6814,2
6815,1
6816,2
6817,5
6818,5
6819,1
6820,3
6821,3
6822,3
6823,2
6824,4
6825,3
6826,1
6827,2
6828,1
6829,2
6830,2
6831,4
6832,1
6833,4
6834,2
6835,2
6836,1
6837,4
6838,1
6839,2
6840,3
6841,4
6842,2
6843,1
6844,1
6845,2
6846,2
6847,4
6848,3
6849,3
6850,4
6851,1
6852,4
6853,2
6854,1
6855,7
6856,1
6857,3
6858,3
6859,4
6860,5
6861,3
6862,3
6863,1
6864,1
6865,2
6866,1
6867,4
6868,2
6869,3
6870,3
6871,4
6872,1
6873,5
6874,4
6875,1
6876,1
6877,1
6878,4
6879,2
6880,3
6881,4
6882,1
6883,1
6884,2
6885,4
6886,3
6887,3
6888,2
6889,3
6890,2
6891,4
6892,2
6893,3
6894,2
6895,4
6896,3
6897,2
6898,1
6899,7
6900,3
6901,1
6902,1
6903,1
6904,3
6905,4
6906,3
6907,3
6908,5
6909,5
6910,3
6911,3
6912,1
6913,3
6914,4
6915,4
6916,7
6917,3
6918,3
6919,2
6920,1
6921,1
6922,1
6923,1
6924,2
6925,3
6926,4
6927,5
6928,3
6929,1
6930,2
6931,4
6932,1
6933,2
6934,4
6935,3
6936,1
6937,5
6938,1
6939,1
6940,2
6941,4
6942,1
6943,2
6944,4
6945,3
6946,5
6947,4
6948,3
6949,2
6950,4
6951,3
6952,3
6953,3
6954,2
6955,3
6956,1
6957,3
6958,2
6959,1
6960,2
6961,3
6962,3
6963,3
6964,5
6965,4
6966,2
6967,5
6968,7
6969,2
6970,2
6971,3
6972,3
6973,4
6974,4
6975,2
6976,2
6977,5
6978,5
6979,4
6980,1
6981,1
6982,1
6983,3
6984,3
6985,3
6986,2
6987,4
6988,3
6989,3
6990,1
6991,5
6992,3
6993,4
6994,3
6995,3
6996,3
6997,4
6998,3
6999,3
7000,1
7001,1
7002,5
7003,1
7004,1
7005,3
7006,7
7007,2
7008,2
7009,3
7010,1
7011,4
7012,5
7013,4
7014,3
7015,1
7016,4
7017,1
7018,2
7019,1
7020,7
7021,1
7022,1
7023,5
7024,4
7025,4
7026,2
7027,2
7028,4
7029,4
7030,4
7031,4
7032,5
7033,3
7034,3
7035,3
7036,3
7037,3
7038,4
7039,3
7040,1
7041,7
7042,1
7043,3
7044,1
7045,5
7046,3
7047,1
7048,3
7049,2
7050,4
7051,3
7052,1
7053,3
7054,3
7055,1
7056,2
7057,5
7058,4
7059,2
7060,3
7061,3
7062,2
7063,2
7064,4
7065,4
7066,4
7067,2
7068,1
7069,3
7070,2
7071,1
7072,1
7073,2
7074,1
7075,4
7076,3
7077,5
7078,2
7079,2
7080,1
7081,3
7082,2
7083,1
7084,1
7085,4
7086,2
7087,1
7088,4
7089,4
7090,2
7091,3
7092,3
7093,4
7094,1
7095,2
7096,3
7097,5
7098,3
7099,5
7100,1
7101,4
7102,1
7103,7
7104,2
7105,4
7106,2
7107,3
7108,5
7109,1
7110,3
7111,3
7112,1
7113,4
7114,1
7115,4
7116,4
7117,1
7118,4
7119,1
7120,1
7121,4
7122,4
7123,2
7124,2
7125,2
7126,1
7127,3
7128,4
7129,3
7130,3
7131,2
7132,5
7133,3
7134,2
7135,1
7136,1
7137,1
7138,4
7139,2
7140,1
7141,3
7142,5
7143,1
7144,4
7145,1
7146,5
7147,2
7148,3
7149,4
7150,1
7151,1
7152,2
7153,4
7154,3
7155,5
7156,1
7157,2
7158,1
7159,4
7160,3
7161,3
7162,3
7163,1
7164,1
7165,4
7166,4
7167,3
7168,1
7169,1
7170,3
7171,3
7172,3
7173,3
7174,3
7175,1
7176,1
7177,1
7178,2
7179,2
7180,2
7181,2
7182,1
7183,1
7184,5
7185,1
7186,3
7187,4
7188,3
7189,1
7190,4
7191,2
7192,3
7193,1
7194,2
7195,2
7196,2
7197,1
7198,1
7199,4
7200,1
7201,4
7202,3
7203,4
7204,1
7205,3
7206,1
7207,2
7208,1
7209,1
7210,3
7211,4
7212,7
7213,1
7214,1
7215,2
7216,2
7217,5
7218,3
7219,4
7220,4
7221,4
7222,3
7223,3
7224,1
7225,5
7226,3
7227,1
7228,2
7229,2
7230,7
7231,3
7232,3
7233,1
7234,1
7235,3
7236,2
7237,5
7238,1
7239,2
7240,2
7241,1
7242,3
7243,2
7244,3
7245,4
7246,4
7247,2
7248,2
7249,4
7250,1
7251,2
7252,2
7253,3
7254,3
7255,1
7256,5
7257,3
7258,1
7259,2
7260,4
7261,2
7262,4
7263,5
7264,2
7265,3
7266,2
7267,1
7268,1
7269,1
7270,1
7271,2
7272,3
7273,5
7274,3
7275,1
7276,3
7277,3
7278,4
7279,6
7280,1
7281,1
7282,3
7283,3
7284,3
7285,3
7286,1
7287,1
7288,2
7289,3
7290,4
7291,2
7292,3
7293,4
7294,3
7295,3
7296,4
7297,1
7298,1
7299,3
7300,3
7301,1
7302,4
7303,3
7304,3
7305,2
7306,2
7307,1
7308,3
7309,1
7310,3
7311,1
7312,3
7313,1
7314,3
7315,3
7316,4
7317,5
7318,2
7319,1
7320,3
7321,3
7322,4
7323,2
7324,2
7325,3
7326,1
7327,3
7328,3
7329,3
7330,3
7331,4
7332,3
7333,3
7334,2
7335,2
7336,4
7337,5
7338,3
7339,1
7340,3
7341,3
7342,3
7343,3
7344,7
7345,3
7346,4
7347,3
7348,2
7349,3
7350,4
7351,1
7352,3
7353,4
7354,1
7355,2
7356,4
7357,5
7358,4
7359,2
7360,5
7361,5
7362,1
7363,1
7364,2
7365,7
7366,7
7367,2
7368,4
7369,3
7370,1
7371,1
7372,1
7373,4
7374,1
7375,3
7376,4
7377,4
7378,1
7379,1
7380,3
7381,3
7382,2
7383,1
7384,3
7385,5
7386,1
7387,2
7388,3
7389,3
7390,1
7391,2
7392,2
7393,1
7394,2
7395,3
7396,3
7397,1
7398,4
7399,2
7400,5
7401,4
7402,4
7403,1
7404,3
7405,3
7406,4
7407,2
7408,4
7409,1
7410,3
7411,1
7412,2
7413,3
7414,4
7415,5
7416,1
7417,3
7418,4
7419,4
7420,4
7421,2
7422,5
7423,4
7424,3
7425,5
7426,1
7427,4
7428,1
7429,1
7430,3
7431,4
7432,1
7433,3
7434,2
7435,4
7436,3
7437,2
7438,4
7439,5
7440,3
7441,4
7442,2
7443,4
7444,3
7445,2
7446,4
7447,5
7448,5
7449,4
7450,3
7451,3
7452,3
7453,3
7454,3
7455,4
7456,4
7457,4
7458,3
7459,4
7460,3
7461,2
7462,1
7463,3
7464,2
7465,2
7466,3
7467,5
7468,2
7469,4
7470,4
7471,3
7472,3
7473,3
7474,3
7475,1
7476,4
7477,5
7478,1
7479,2
7480,1
7481,3
7482,4
7483,3
7484,1
7485,2
7486,3
7487,3
7488,2
7489,2
7490,1
7491,4
7492,3
7493,3
7494,3
7495,1
7496,5
7497,5
7498,5
7499,1
7500,1
7501,1
7502,1
7503,2
7504,1
7505,1
7506,3
7507,1
7508,1
7509,2
7510,2
7511,2
7512,3
7513,2
7514,3
7515,3
7516,4
7517,1
7518,2
7519,5
7520,2
7521,2
7522,2
7523,4
7524,1
7525,2
7526,5
7527,1
7528,1
7529,4
7530,2
7531,3
7532,3
7533,2
7534,2
7535,3
7536,2
7537,4
7538,2
7539,2
7540,2
7541,3
7542,4
7543,3
7544,3
7545,3
7546,3
7547,3
7548,4
7549,4
7550,3
7551,1
7552,1
7553,4
7554,1
7555,3
7556,5
7557,1
7558,1
7559,1
7560,3
7561,5
7562,1
7563,2
7564,1
7565,5
7566,1
7567,1
7568,3
7569,2
7570,1
7571,3
7572,1
7573,4
7574,1
7575,2
7576,1
7577,4
7578,3
7579,5
7580,5
7581,4
7582,5
7583,1
7584,3
7585,3
7586,4
7587,2
7588,2
7589,4
7590,3
7591,2
7592,2
7593,4
7594,3
7595,3
7596,2
7597,1
7598,2
7599,4
7600,2
7601,3
7602,3
7603,2
7604,2
7605,4
7606,4
7607,2
7608,2
7609,1
7610,1
7611,2
7612,4
7613,3
7614,3
7615,3
7616,3
7617,1
7618,2
7619,3
7620,3
7621,4
7622,4
7623,4
7624,4
7625,2
7626,4
7627,4
7628,3
7629,2
7630,1
7631,2
7632,4
7633,4
7634,3
7635,1
7636,3
7637,3
7638,1
7639,3
7640,4
7641,3
7642,2
7643,2
7644,1
7645,4
7646,3
7647,3
7648,4
7649,4
7650,1
7651,2
7652,4
7653,1
7654,2
7655,1
7656,2
7657,3
7658,3
7659,7
7660,3
7661,3
7662,1
7663,3
7664,1
7665,2
7666,4
7667,4
7668,3
7669,1
7670,2
7671,4
7672,3
7673,3
7674,5
7675,2
7676,5
7677,2
7678,7
7679,3
7680,1
7681,1
7682,1
7683,1
7684,1
7685,1
7686,3
7687,4
7688,2
7689,3
7690,2
7691,1
7692,1
7693,3
7694,2
7695,5
7696,3
7697,2
7698,4
7699,4
7700,2
7701,1
7702,3
7703,3
7704,4
7705,1
7706,4
7707,3
7708,2
7709,2
7710,4
7711,5
7712,5
7713,5
7714,2
7715,2
7716,2
7717,4
7718,4
7719,3
7720,4
7721,3
7722,3
7723,4
7724,2
7725,3
7726,1
7727,3
7728,3
7729,2
7730,1
7731,3
7732,1
7733,3
7734,1
7735,3
7736,1
7737,3
7738,3
7739,5
7740,7
7741,5
7742,5
7743,3
7744,5
7745,3
7746,1
7747,1
7748,3
7749,5
7750,7
7751,3
7752,3
7753,3
7754,3
7755,4
7756,3
7757,3
7758,3
7759,2
7760,2
7761,4
7762,3
7763,5
7764,1
7765,3
7766,3
7767,5
7768,4
7769,3
7770,2
7771,3
7772,2
7773,3
7774,2
7775,2
7776,1
7777,5
7778,4
7779,4
7780,3
7781,4
7782,3
7783,3
7784,4
7785,1
7786,3
7787,4
7788,3
7789,1
7790,4
7791,1
7792,1
7793,3
7794,4
7795,3
7796,3
7797,5
7798,1
7799,4
7800,4
7801,5
7802,5
7803,1
7804,3
7805,1
7806,2
7807,1
7808,1
7809,2
7810,5
7811,1
7812,4
7813,1
7814,5
7815,4
7816,1
7817,1
7818,4
7819,4
7820,1
7821,4
7822,2
7823,1
7824,2
7825,4
7826,2
7827,7
7828,7
7829,3
7830,4
7831,4
7832,1
7833,1
7834,1
7835,3
7836,4
7837,2
7838,1
7839,1
7840,1
7841,4
7842,2
7843,1
7844,3
7845,5
7846,2
7847,3
7848,2
7849,1
7850,1
7851,2
7852,1
7853,3
7854,5
7855,2
7856,2
7857,3
7858,5
7859,3
7860,4
7861,3
7862,4
7863,1
7864,3
7865,2
7866,2
7867,3
7868,3
7869,3
7870,2
7871,4
7872,4
7873,4
7874,1
7875,3
7876,3
7877,5
7878,4
7879,5
7880,1
7881,3
7882,3
7883,1
7884,1
7885,2
7886,3
7887,4
7888,2
7889,3
7890,2
7891,1
7892,3
7893,1
7894,3
7895,1
7896,2
7897,1
7898,4
7899,3
7900,1
7901,2
7902,4
7903,1
7904,3
7905,1
7906,2
7907,1
7908,1
7909,1
7910,3
7911,4
7912,2
7913,3
7914,5
7915,5
7916,3
7917,3
7918,3
7919,2
7920,2
7921,5
7922,3
7923,3
7924,2
7925,3
7926,3
7927,2
7928,5
7929,5
7930,1
7931,1
7932,3
7933,3
7934,1
7935,3
7936,3
7937,4
7938,1
7939,1
7940,4
7941,4
7942,4
7943,2
7944,1
7945,2
7946,2
7947,5
7948,3
7949,2
7950,2
7951,1
7952,4
7953,4
7954,4
7955,1
7956,1
7957,5
7958,2
7959,4
7960,1
7961,3
7962,2
7963,2
7964,1
7965,2
7966,3
7967,1
7968,2
7969,2
7970,3
7971,2
7972,5
7973,4
7974,4
7975,1
7976,5
7977,5
7978,3
7979,1
7980,5
7981,1
7982,4
7983,4
7984,4
7985,3
7986,3
7987,3
7988,2
7989,3
7990,2
7991,2
7992,2
7993,2
7994,5
7995,5
7996,3
7997,4
7998,2
7999,2
8000,4
8001,2
8002,1
8003,3
8004,3
8005,2
8006,4
8007,1
8008,3
8009,3
8010,5
8011,4
8012,3
8013,3
8014,1
8015,5
8016,4
8017,4
8018,3
8019,2
8020,1
8021,3
8022,3
8023,3
8024,5
8025,2
8026,2
8027,2
8028,3
8029,5
8030,5
8031,3
8032,4
8033,2
8034,5
8035,1
8036,2
8037,3
8038,3
8039,5
8040,5
8041,3
8042,5
8043,3
8044,2
8045,3
8046,4
8047,4
8048,4
8049,3
8050,3
8051,2
8052,2
8053,4
8054,2
8055,3
8056,3
8057,1
8058,5
8059,3
8060,4
8061,3
8062,3
8063,2
8064,4
8065,3
8066,3
8067,2
8068,1
8069,2
8070,2
8071,4
8072,4
8073,4
8074,4
8075,5
8076,2
8077,5
8078,2
8079,3
8080,2
8081,2
8082,4
8083,2
8084,3
8085,2
8086,1
8087,4
8088,1
8089,1
8090,2
8091,5
8092,5
8093,2
8094,4
8095,1
8096,1
8097,3
8098,3
8099,5
8100,3
8101,4
8102,2
8103,3
8104,5
8105,2
8106,2
8107,1
8108,3
8109,3
8110,3
8111,3
8112,1
8113,1
8114,2
8115,2
8116,5
8117,1
8118,4
8119,1
8120,1
8121,3
8122,4
8123,3
8124,3
8125,3
8126,3
8127,2
8128,3
8129,4
8130,1
8131,4
8132,4
8133,3
8134,5
8135,4
8136,3
8137,1
8138,5
8139,5
8140,1
8141,3
8142,3
8143,4
8144,2
8145,2
8146,5
8147,4
8148,4
8149,1
8150,3
8151,3
8152,2
8153,2
8154,5
8155,5
8156,1
8157,2
8158,3
8159,3
8160,1
8161,1
8162,4
8163,2
8164,4
8165,4
8166,3
8167,2
8168,3
8169,3
8170,3
8171,4
8172,4
8173,4
8174,4
8175,2
8176,2
8177,3
8178,1
8179,4
8180,4
8181,3
8182,1
8183,5
8184,5
8185,2
8186,4
8187,6
8188,1
8189,2
8190,2
8191,2
8192,3
8193,3
8194,4
8195,2
8196,3
8197,3
8198,1
8199,3
8200,3
8201,2
8202,3
8203,2
8204,3
8205,2
8206,1
8207,1
8208,1
8209,4
8210,3
8211,3
8212,1
8213,2
8214,2
8215,4
8216,3
8217,3
8218,1
8219,1
8220,4
8221,1
8222,4
8223,3
8224,2
8225,3
8226,2
8227,2
8228,1
8229,1
8230,1
8231,3
8232,2
8233,2
8234,2
8235,4
8236,1
8237,3
8238,4
8239,4
8240,1
8241,1
8242,1
8243,7
8244,5
8245,2
8246,2
8247,2
8248,4
8249,1
8250,3
8251,1
8252,1
8253,4
8254,1
8255,3
8256,2
8257,3
8258,3
8259,2
8260,3
8261,3
8262,2
8263,5
8264,3
8265,1
8266,1
8267,1
8268,2
8269,2
8270,5
8271,2
8272,3
8273,3
8274,4
8275,1
8276,2
8277,3
8278,1
8279,3
8280,3
8281,3
8282,5
8283,5
8284,2
8285,2
8286,1
8287,1
8288,3
8289,2
8290,1
8291,4
8292,1
8293,1
8294,3
8295,3
8296,5
8297,1
8298,1
8299,3
8300,3
8301,1
8302,4
8303,3
8304,3
8305,1
8306,1
8307,2
8308,4
8309,3
8310,2
8311,4
8312,4
8313,3
8314,1
8315,3
8316,3
8317,3
8318,4
8319,4
8320,2
8321,1
8322,1
8323,1
8324,2
8325,3
8326,1
8327,3
8328,1
8329,3
8330,1
8331,1
8332,4
8333,4
8334,4
8335,5
8336,2
8337,3
8338,4
8339,2
8340,3
8341,3
8342,2
8343,2
8344,7
8345,1
8346,1
8347,2
8348,3
8349,4
8350,2
8351,1
8352,1
8353,2
8354,1
8355,2
8356,1
8357,2
8358,3
8359,3
8360,3
8361,2
8362,1
8363,2
8364,1
8365,3
8366,2
8367,2
8368,4
8369,1
8370,4
8371,1
8372,2
8373,2
8374,4
8375,3
8376,1
8377,4
8378,4
8379,3
8380,4
8381,1
8382,5
8383,3
8384,2
8385,3
8386,1
8387,3
8388,3
8389,7
8390,3
8391,4
8392,2
8393,2
8394,2
8395,4
8396,5
8397,5
8398,3
8399,2
8400,1
8401,5
8402,1
8403,2
8404,3
8405,3
8406,5
8407,5
8408,3
8409,3
8410,2
8411,3
8412,3
8413,4
8414,1
8415,1
8416,2
8417,2
8418,1
8419,1
8420,3
8421,2
8422,2
8423,4
8424,1
8425,2
8426,1
8427,3
8428,1
8429,7
8430,1
8431,1
8432,1
8433,4
8434,3
8435,3
8436,2
8437,2
8438,4
8439,1
8440,3
8441,4
8442,4
8443,1
8444,4
8445,5
8446,3
8447,3
8448,3
8449,3
8450,1
8451,1
8452,1
8453,4
8454,1
8455,3
8456,3
8457,2
8458,2
8459,2
8460,1
8461,1
8462,2
8463,2
8464,3
8465,1
8466,1
8467,3
8468,2
8469,2
8470,3
8471,1
8472,1
8473,4
8474,3
8475,3
8476,5
8477,4
8478,2
8479,2
8480,2
8481,4
8482,1
8483,3
8484,1
8485,4
8486,3
8487,3
8488,3
8489,1
8490,2
8491,2
8492,4
8493,7
8494,3
8495,3
8496,3
8497,3
8498,1
8499,1
8500,2
8501,1
8502,4
8503,5
8504,2
8505,2
8506,1
8507,3
8508,5
8509,2
8510,3
8511,3
8512,3
8513,1
8514,1
8515,5
8516,2
8517,3
8518,4
8519,1
8520,1
8521,4
8522,2
8523,2
8524,3
8525,1
8526,2
8527,3
8528,1
8529,1
8530,1
8531,1
8532,1
8533,3
8534,3
8535,4
8536,4
8537,4
8538,5
8539,3
8540,3
8541,3
8542,5
8543,2
8544,2
8545,1
8546,4
8547,3
8548,3
8549,2
8550,3
8551,2
8552,2
8553,3
8554,2
8555,3
8556,3
8557,4
8558,3
8559,3
8560,1
8561,4
8562,5
8563,3
8564,5
8565,3
8566,3
8567,1
8568,4
8569,1
8570,2
8571,1
8572,3
8573,3
8574,4
8575,2
8576,2
8577,2
8578,2
8579,1
8580,2
8581,7
8582,4
8583,4
8584,5
8585,2
8586,2
8587,1
8588,5
8589,2
8590,1
8591,2
8592,2
8593,3
8594,2
8595,2
8596,5
8597,1
8598,2
8599,1
8600,4
8601,3
8602,3
8603,4
8604,3
8605,1
8606,2
8607,4
8608,5
8609,5
8610,3
8611,2
8612,3
8613,3
8614,3
8615,3
8616,1
8617,4
8618,3
8619,3
8620,2
8621,1
8622,3
8623,3
8624,1
8625,3
8626,1
8627,3
8628,1
8629,1
8630,5
8631,2
8632,2
8633,1
8634,1
8635,1
8636,1
8637,2
8638,1
8639,3
8640,3
8641,1
8642,1
8643,3
8644,1
8645,2
8646,1
8647,3
8648,4
8649,3
8650,3
8651,3
8652,4
8653,2
8654,1
8655,3
8656,1
8657,3
8658,3
8659,3
8660,1
8661,1
8662,2
8663,1
8664,3
8665,1
8666,1
8667,1
8668,2
8669,1
8670,3
8671,1
8672,3
8673,3
8674,3
8675,3
8676,3
8677,3
8678,2
8679,1
8680,3
8681,3
8682,2
8683,1
8684,1
8685,4
8686,1
8687,2
8688,1
8689,1
8690,1
8691,3
8692,4
8693,2
8694,2
8695,5
8696,2
8697,4
8698,1
8699,5
8700,5
8701,2
8702,3
8703,1
8704,4
8705,2
8706,2
8707,1
8708,4
8709,3
8710,5
8711,3
8712,3
8713,3
8714,3
8715,1
8716,2
8717,3
8718,4
8719,1
8720,2
8721,1
8722,3
8723,3
8724,3
8725,2
8726,1
8727,4
8728,2
8729,3
8730,2
8731,2
8732,5
8733,3
8734,1
8735,1
8736,3
8737,1
8738,3
8739,3
8740,5
8741,3
8742,2
8743,3
8744,3
8745,3
8746,3
8747,3
8748,1
8749,1
8750,2
8751,2
8752,5
8753,5
8754,3
8755,3
8756,3
8757,2
8758,2
8759,1
8760,2
8761,2
8762,4
8763,3
8764,1
8765,3
8766,1
8767,5
8768,3
8769,4
8770,3
8771,1
8772,3
8773,3
8774,4
8775,2
8776,1
8777,1
8778,1
8779,1
8780,1
8781,1
8782,4
8783,1
8784,5
8785,2
8786,2
8787,3
8788,1
8789,1
8790,3
8791,3
8792,4
8793,2
8794,7
8795,3
8796,4
8797,4
8798,1
8799,1
8800,3
8801,1
8802,2
8803,2
8804,1
8805,1
8806,3
8807,1
8808,4
8809,4
8810,5
8811,3
8812,1
8813,3
8814,1
8815,1
8816,4
8817,3
8818,2
8819,4
8820,3
8821,3
8822,2
8823,3
8824,1
8825,1
8826,1
8827,1
8828,1
8829,2
8830,1
8831,2
8832,2
8833,1
8834,1
8835,3
8836,3
8837,3
8838,3
8839,3
8840,5
8841,2
8842,1
8843,4
8844,4
8845,1
8846,1
8847,2
8848,1
8849,3
8850,1
8851,2
8852,1
8853,3
8854,3
8855,2
8856,2
8857,4
8858,1
8859,3
8860,2
8861,3
8862,3
8863,3
8864,3
8865,2
8866,3
8867,3
8868,2
8869,4
8870,3
8871,3
8872,3
8873,7
8874,5
8875,4
8876,3
8877,3
8878,1
8879,1
8880,4
8881,5
8882,1
8883,2
8884,1
8885,1
8886,2
8887,5
8888,4
8889,4
8890,3
8891,4
8892,1
8893,2
8894,2
8895,1
8896,1
8897,2
8898,2
8899,1
8900,4
8901,3
8902,5
8903,1
8904,1
8905,2
8906,3
8907,3
8908,1
8909,1
8910,5
8911,1
8912,5
8913,2
8914,1
8915,1
8916,1
8917,1
8918,2
8919,4
8920,1
8921,4
8922,3
8923,3
8924,1
8925,2
8926,1
8927,5
8928,4
8929,1
8930,2
8931,1
8932,2
8933,3
8934,1
8935,2
8936,4
8937,1
8938,1
8939,3
8940,2
8941,2
8942,1
8943,2
8944,1
8945,3
8946,2
8947,2
8948,1
8949,2
8950,1
8951,1
8952,2
8953,2
8954,2
8955,1
8956,2
8957,2
8958,2
8959,2
8960,5
8961,2
8962,1
8963,1
8964,5
8965,2
8966,3
8967,3
8968,2
8969,3
8970,1
8971,1
8972,1
8973,4
8974,3
8975,1
8976,3
8977,2
8978,5
8979,3
8980,1
8981,1
8982,2
8983,1
8984,2
8985,3
8986,1
8987,3
8988,3
8989,3
8990,2
8991,2
8992,3
8993,2
8994,2
8995,4
8996,1
8997,3
8998,1
8999,3
9000,1
9001,3
9002,3
9003,3
9004,2
9005,2
9006,4
9007,1
9008,3
9009,2
9010,2
9011,1
9012,1
9013,1
9014,5
9015,1
9016,2
9017,1
9018,1
9019,1
9020,2
9021,2
9022,1
9023,2
9024,4
9025,3
9026,2
9027,1
9028,3
9029,1
9030,1
9031,1
9032,1
9033,1
9034,4
9035,2
9036,5
9037,1
9038,1
9039,1
9040,1
9041,3
9042,3
9043,3
9044,1
9045,3
9046,4
9047,1
9048,2
9049,1
9050,3
9051,3
9052,3
9053,3
9054,3
9055,1
9056,1
9057,1
9058,2
9059,1
9060,1
9061,3
9062,3
9063,2
9064,5
9065,2
9066,3
9067,1
9068,1
9069,1
9070,3
9071,1
9072,2
9073,3
9074,1
9075,3
9076,4
9077,3
9078,4
9079,3
9080,1
9081,3
9082,3
9083,4
9084,5
9085,2
9086,1
9087,1
9088,1
9089,2
9090,3
9091,1
9092,2
9093,1
9094,3
9095,4
9096,3
9097,1
9098,1
9099,2
9100,2
9101,4
9102,3
9103,1
9104,2
9105,1
9106,3
9107,3
9108,3
9109,4
9110,2
9111,3
9112,1
9113,2
9114,2
9115,2
9116,3
9117,3
9118,1
9119,1
9120,4
9121,1
9122,1
9123,1
9124,1
9125,3
9126,2
9127,3
9128,3
9129,3
9130,1
9131,1
9132,1
9133,3
9134,2
9135,1
9136,4
9137,4
9138,4
9139,3
9140,5
9141,1
9142,4
9143,4
9144,3
9145,1
9146,1
9147,1
9148,2
9149,1
9150,3
9151,4
9152,3
9153,3
9154,3
9155,5
9156,2
9157,3
9158,3
9159,1
9160,2
9161,4
9162,2
9163,2
9164,1
9165,1
9166,2
9167,2
9168,2
9169,1
9170,3
9171,4
9172,1
9173,2
9174,2
9175,1
9176,1
9177,1
9178,4
9179,2
9180,2
9181,2
9182,1
9183,1
9184,1
9185,1
9186,4
9187,2
9188,1
9189,2
9190,1
9191,4
9192,2
9193,3
9194,1
9195,1
9196,1
9197,1
9198,3
9199,3
9200,3
9201,1
9202,5
9203,5
9204,1
9205,1
9206,1
9207,1
9208,3
9209,4
9210,3
9211,3
9212,1
9213,1
9214,2
9215,1
9216,3
9217,3
9218,2
9219,3
9220,1
9221,1
9222,2
9223,3
9224,3
9225,3
9226,5
9227,3
9228,2
9229,1
9230,2
9231,2
9232,1
9233,5
9234,5
9235,5
9236,1
9237,2
9238,3
9239,1
9240,3
9241,1
9242,1
9243,1
9244,3
9245,1
9246,2
9247,1
9248,3
9249,1
9250,3
9251,3
9252,4
9253,1
9254,1
9255,5
9256,4
9257,4
9258,4
9259,1
9260,3
9261,3
9262,1
9263,7
9264,2
9265,2
9266,3
9267,2
9268,3
9269,3
9270,3
9271,1
9272,3
9273,5
9274,3
9275,1
9276,1
9277,3
9278,2
9279,3
9280,1
9281,1
9282,1
9283,1
9284,4
9285,1
9286,3
9287,2
9288,3
9289,2
9290,2
9291,5
9292,3
9293,3
9294,2
9295,3
9296,3
9297,1
9298,1
9299,3
9300,3
9301,3
9302,3
9303,4
9304,3
9305,3
9306,3
9307,5
9308,5
9309,3
9310,5
9311,2
9312,1
9313,4
9314,3
9315,1
9316,4
9317,2
9318,2
9319,3
9320,3
9321,2
9322,3
9323,3
9324,1
9325,4
9326,3
9327,5
9328,1
9329,3
9330,3
9331,4
9332,4
9333,3
9334,1
9335,2
9336,3
9337,2
9338,5
9339,3
9340,1
9341,5
9342,1
9343,1
9344,1
9345,5
9346,4
9347,2
9348,4
9349,1
9350,3
9351,1
9352,1
9353,3
9354,1
9355,5
9356,5
9357,3
9358,3
9359,3
9360,3
9361,1
9362,5
9363,5
9364,4
9365,1
9366,1
9367,1
9368,5
9369,4
9370,3
9371,3
9372,1
9373,1
9374,1
9375,4
9376,3
9377,3
9378,1
9379,3
9380,2
9381,1
9382,1
9383,3
9384,3
9385,2
9386,4
9387,3
9388,2
9389,2
9390,2
9391,3
9392,3
9393,7
9394,7
9395,1
9396,4
9397,3
9398,1
9399,1
9400,3
9401,1
9402,1
9403,1
9404,2
9405,2
9406,3
9407,1
9408,4
9409,3
9410,5
9411,3
9412,2
9413,1
9414,3
9415,4
9416,3
9417,4
9418,3
9419,2
9420,2
9421,4
9422,4
9423,1
9424,3
9425,1
9426,3
9427,3
9428,1
9429,4
9430,4
9431,2
9432,1
9433,1
9434,1
9435,2
9436,1
9437,3
9438,3
9439,2
9440,2
9441,2
9442,3
9443,1
9444,4
9445,3
9446,4
9447,2
9448,5
9449,1
9450,4
9451,2
9452,1
9453,1
9454,1
9455,3
9456,3
9457,3
9458,3
9459,1
9460,1
9461,2
9462,2
9463,3
9464,4
9465,3
9466,4
9467,2
9468,1
9469,1
9470,1
9471,1
9472,4
9473,1
9474,4
9475,1
9476,1
9477,3
9478,2
9479,4
9480,1
9481,4
9482,2
9483,4
9484,1
9485,4
9486,2
9487,1
9488,1
9489,1
9490,1
9491,2
9492,4
9493,2
9494,2
9495,3
9496,2
9497,3
9498,1
9499,3
9500,3
9501,4
9502,3
9503,5
9504,5
9505,2
9506,3
9507,1
9508,4
9509,2
9510,4
9511,4
9512,1
9513,1
9514,2
9515,1
9516,3
9517,1
9518,2
9519,3
9520,2
9521,3
9522,1
9523,2
9524,3
9525,3
9526,5
9527,1
9528,1
9529,3
9530,4
9531,1
9532,1
9533,3
9534,3
9535,1
9536,2
9537,3
9538,2
9539,3
9540,1
9541,2
9542,1
9543,3
9544,5
9545,2
9546,3
9547,5
9548,3
9549,5
9550,4
9551,2
9552,1
9553,1
9554,2
9555,1
9556,3
9557,3
9558,1
9559,4
9560,5
9561,1
9562,3
9563,1
9564,1
9565,2
9566,2
9567,1
9568,3
9569,4
9570,1
9571,4
9572,1
9573,1
9574,2
9575,5
9576,3
9577,3
9578,2
9579,3
9580,3
9581,5
9582,3
9583,4
9584,3
9585,5
9586,5
9587,1
9588,1
9589,1
9590,1
9591,1
9592,3
9593,3
9594,3
9595,1
9596,2
9597,1
9598,3
9599,2
9600,1
9601,3
9602,1
9603,3
9604,3
9605,3
9606,1
9607,1
9608,1
9609,1
9610,4
9611,1
9612,4
9613,2
9614,1
9615,1
9616,1
9617,2
9618,2
9619,5
9620,5
9621,1
9622,1
9623,2
9624,2
9625,2
9626,4
9627,3
9628,1
9629,5
9630,1
9631,1
9632,1
9633,1
9634,2
9635,3
9636,3
9637,1
9638,1
9639,1
9640,1
9641,4
9642,3
9643,1
9644,4
9645,1
9646,3
9647,4
9648,1
9649,7
9650,1
9651,2
9652,2
9653,5
9654,2
9655,1
9656,1
9657,2
9658,5
9659,3
9660,2
9661,3
9662,1
9663,3
9664,4
9665,1
9666,2
9667,1
9668,3
9669,1
9670,1
9671,2
9672,1
9673,2
9674,2
9675,3
9676,4
9677,4
9678,4
9679,4
9680,1
9681,1
9682,1
9683,1
9684,3
9685,1
9686,4
9687,5
9688,5
9689,1
9690,1
9691,3
9692,1
9693,3
9694,4
9695,1
9696,1
9697,3
9698,4
9699,1
9700,4
9701,2
9702,3
9703,1
9704,2
9705,3
9706,3
9707,1
9708,3
9709,2
9710,5
9711,2
9712,2
9713,4
9714,2
9715,3
9716,3
9717,3
9718,1
9719,1
9720,2
9721,3
9722,3
9723,1
9724,2
9725,1
9726,3
9727,3
9728,3
9729,3
9730,3
9731,1
9732,3
9733,1
9734,3
9735,3
9736,1
9737,2
9738,1
9739,1
9740,2
9741,5
9742,4
9743,7
9744,1
9745,2
9746,5
9747,3
9748,3
9749,3
9750,5
9751,3
9752,5
9753,4
9754,5
9755,1
9756,3
9757,2
9758,4
9759,2
9760,1
9761,1
9762,2
9763,3
9764,1
9765,3
9766,3
9767,5
9768,1
9769,1
9770,1
9771,2
9772,1
9773,1
9774,5
9775,4
9776,4
9777,5
9778,3
9779,2
9780,3
9781,3
9782,2
9783,4
9784,1
9785,3
9786,2
9787,2
9788,1
9789,5
9790,1
9791,2
9792,3
9793,4
9794,1
9795,2
9796,2
9797,1
9798,3
9799,4
9800,2
9801,4
9802,4
9803,4
9804,1
9805,5
9806,1
9807,1
9808,4
9809,1
9810,2
9811,2
9812,2
9813,3
9814,1
9815,2
9816,1
9817,3
9818,3
9819,2
9820,3
9821,2
9822,1
9823,1
9824,1
9825,5
9826,1
9827,1
9828,4
9829,2
9830,3
9831,1
9832,3
9833,4
9834,3
9835,3
9836,3
9837,4
9838,3
9839,1
9840,1
9841,5
9842,3
9843,2
9844,2
9845,4
9846,3
9847,3
9848,1
9849,4
9850,1
9851,5
9852,1
9853,3
9854,1
9855,2
9856,4
9857,3
9858,2
9859,1
9860,3
9861,3
9862,3
9863,1
9864,2
9865,4
9866,4
9867,1
9868,3
9869,1
9870,1
9871,1
9872,3
9873,4
9874,1
9875,5
9876,4
9877,4
9878,1
9879,2
9880,3
9881,1
9882,3
9883,3
9884,1
9885,3
9886,1
9887,3
9888,1
9889,4
9890,1
9891,4
9892,5
9893,1
9894,5
9895,3
9896,3
9897,4
9898,1
9899,1
9900,2
9901,1
9902,4
9903,1
9904,2
9905,5
9906,3
9907,1
9908,3
9909,5
9910,2
9911,1
9912,3
9913,6
9914,3
9915,3
9916,2
9917,3
9918,3
9919,3
9920,3
9921,2
9922,4
9923,2
9924,4
9925,1
9926,3
9927,4
9928,1
9929,3
9930,1
9931,1
9932,5
9933,4
9934,1
9935,1
9936,2
9937,2
9938,1
9939,4
9940,4
9941,1
9942,2
9943,2
9944,1
9945,1
9946,4
9947,2
9948,1
9949,3
9950,4
9951,1
9952,1
9953,4
9954,1
9955,3
9956,3
9957,2
9958,5
9959,1
9960,2
9961,4
9962,2
9963,1
9964,3
9965,2
9966,1
9967,1
9968,1
9969,1
9970,1
9971,3
9972,3
9973,3
9974,1
9975,1
9976,1
9977,3
9978,5
9979,1
9980,4
9981,3
9982,3
9983,1
9984,3
9985,1
9986,3
9987,2
9988,2
9989,4
9990,3
9991,1
9992,1
9993,4
9994,1
9995,3
9996,3
9997,1
9998,5
9999,2
10000,2
10001,3
10002,2
10003,3
10004,3
10005,1
10006,3
10007,2
10008,3
10009,3
10010,1
10011,1
10012,1
10013,1
10014,1
10015,1
10016,3
10017,3
10018,4
10019,2
10020,1
10021,5
10022,4
10023,4
10024,1
10025,3
10026,2
10027,3
10028,3
10029,1
10030,3
10031,1
10032,1
10033,5
10034,1
10035,5
10036,4
10037,2
10038,2
10039,2
10040,7
10041,2
10042,2
10043,3
10044,3
10045,5
10046,5
10047,2
10048,1
10049,1
10050,1
10051,2
10052,5
10053,1
10054,3
10055,2
10056,3
10057,1
10058,3
10059,3
10060,3
10061,3
10062,3
10063,2
10064,1
10065,3
10066,1
10067,3
10068,1
10069,3
10070,3
10071,2
10072,1
10073,1
10074,2
10075,2
10076,2
10077,1
10078,1
10079,1
10080,4
10081,3
10082,4
10083,3
10084,4
10085,4
10086,1
10087,1
10088,5
10089,3
10090,3
10091,3
10092,4
10093,5
10094,1
10095,2
10096,3
10097,1
10098,3
10099,5
10100,2
10101,2
10102,1
10103,4
10104,1
10105,1
10106,2
10107,4
10108,1
10109,1
10110,1
10111,1
10112,1
10113,3
10114,2
10115,1
10116,4
10117,1
10118,1
10119,1
10120,1
10121,3
10122,1
10123,4
10124,1
10125,2
10126,3
10127,2
10128,3
10129,1
10130,4
10131,1
10132,3
10133,1
10134,1
10135,3
10136,3
10137,2
10138,3
10139,3
10140,4
10141,2
10142,2
10143,2
10144,1
10145,1
10146,1
10147,4
10148,2
10149,1
10150,2
10151,1
10152,4
10153,1
10154,3
10155,2
10156,3
10157,2
10158,2
10159,1
10160,1
10161,1
10162,5
10163,1
10164,1
10165,1
10166,1
10167,1
10168,1
10169,3
10170,1
10171,3
10172,3
10173,3
10174,5
10175,3
10176,4
10177,3
10178,3
10179,3
10180,3
10181,5
10182,3
10183,3
10184,1
10185,3
10186,3
10187,3
10188,3
10189,3
10190,4
10191,3
10192,4
10193,1
10194,2
10195,4
10196,1
10197,1
10198,2
10199,5
10200,1
10201,1
10202,4
10203,4
10204,1
10205,1
10206,1
10207,1
10208,1
10209,1
10210,2
10211,1
10212,2
10213,3
10214,3
10215,3
10216,3
10217,2
10218,1
10219,2
10220,2
10221,2
10222,3
10223,2
10224,4
10225,4
10226,1
10227,1
10228,2
10229,1
10230,3
10231,2
10232,2
10233,1
10234,1
10235,3
10236,3
10237,3
10238,3
10239,1
10240,5
10241,1
10242,1
10243,2
10244,1
10245,1
10246,1
10247,2
10248,2
10249,3
10250,3
10251,2
10252,4
10253,3
10254,2
10255,3
10256,3
10257,1
10258,3
10259,2
10260,2
10261,1
10262,3
10263,3
10264,1
10265,2
10266,1
10267,2
10268,1
10269,2
10270,5
10271,2
10272,1
10273,2
10274,1
10275,1
10276,1
10277,3
10278,2
10279,1
10280,3
10281,3
10282,3
10283,3
10284,4
10285,1
10286,3
10287,3
10288,2
10289,3
10290,2
10291,1
10292,2
10293,4
10294,4
10295,3
10296,1
10297,3
10298,2
10299,3
10300,2
10301,2
10302,1
10303,2
10304,3
10305,1
10306,1
10307,3
10308,2
10309,1
10310,2
10311,4
10312,4
10313,1
10314,1
10315,4
10316,5
10317,1
10318,3
10319,3
10320,7
10321,7
10322,2
10323,3
10324,2
10325,3
10326,3
10327,3
10328,1
10329,5
10330,1
10331,1
10332,3
10333,1
10334,1
10335,3
10336,3
10337,1
10338,3
10339,4
10340,3
10341,1
10342,3
10343,3
10344,1
10345,3
10346,2
10347,1
10348,1
10349,2
10350,3
10351,1
10352,1
10353,3
10354,2
10355,1
10356,5
10357,4
10358,3
10359,3
10360,3
10361,1
10362,2
10363,1
10364,2
10365,2
10366,1
10367,2
10368,2
10369,1
10370,3
10371,2
10372,2
10373,2
10374,3
10375,2
10376,1
10377,2
10378,4
10379,3
10380,3
10381,3
10382,2
10383,2
10384,3
10385,1
10386,1
10387,1
10388,1
10389,5
10390,3
10391,4
10392,1
10393,1
10394,3
10395,1
10396,1
10397,1
10398,3
10399,7
10400,2
10401,1
10402,3
10403,3
10404,3
10405,1
10406,4
10407,3
10408,2
10409,4
10410,5
10411,3
10412,3
10413,1
10414,1
10415,3
10416,3
10417,3
10418,2
10419,1
10420,2
10421,1
10422,2
10423,2
10424,3
10425,3
10426,1
10427,1
10428,1
10429,3
10430,3
10431,4
10432,3
10433,3
10434,4
10435,3
10436,1
10437,2
10438,3
10439,4
10440,1
10441,3
10442,4
10443,1
10444,2
10445,3
10446,2
10447,3
10448,3
10449,2
10450,1
10451,3
10452,3
10453,1
10454,2
10455,4
10456,3
10457,5
10458,3
10459,3
10460,3
10461,3
10462,5
10463,1
10464,1
10465,3
10466,1
10467,1
10468,1
10469,1
10470,3
10471,2
10472,3
10473,1
10474,3
10475,3
10476,3
10477,1
10478,1
10479,2
10480,3
10481,3
10482,1
10483,5
10484,2
10485,3
10486,3
10487,3
10488,2
10489,3
10490,3
